raw/disc/disc_loss,raw/disc/disc_proportion_expert_pred,raw/disc/global_step,raw/disc/disc_acc_gen,raw/disc/disc_acc,raw/disc/n_generated,raw/disc/disc_entropy,raw/disc/disc_acc_expert,raw/disc/disc_proportion_expert_true,raw/disc/n_expert
0.7128533720970154,0.86572265625,1,0.0361328125,0.40185546875,1024.0,0.6904482841491699,0.767578125,0.5,1024.0
0.7038679122924805,0.89013671875,1,0.0478515625,0.43798828125,1024.0,0.6905378103256226,0.828125,0.5,1024.0
0.7005717754364014,0.88818359375,1,0.060546875,0.44873046875,1024.0,0.6909070014953613,0.8369140625,0.5,1024.0
0.6934086084365845,0.9013671875,1,0.076171875,0.4775390625,1024.0,0.6911435723304749,0.87890625,0.5,1024.0
0.6971156597137451,0.91259765625,2,0.044921875,0.45751953125,1024.0,0.6909736394882202,0.8701171875,0.5,1024.0
0.6911135315895081,0.90673828125,2,0.0576171875,0.46435546875,1024.0,0.6912897229194641,0.87109375,0.5,1024.0
0.6844018697738647,0.93310546875,2,0.05078125,0.48388671875,1024.0,0.6914762258529663,0.9169921875,0.5,1024.0
0.6775283217430115,0.9296875,2,0.064453125,0.494140625,1024.0,0.6915333271026611,0.923828125,0.5,1024.0
0.6745836734771729,0.9638671875,3,0.0048828125,0.46875,1024.0,0.6917381882667542,0.9326171875,0.5,1024.0
0.6673723459243774,0.86669921875,3,0.2099609375,0.57666015625,1024.0,0.6917510032653809,0.943359375,0.5,1024.0
0.6597204208374023,0.52001953125,3,0.9326171875,0.95263671875,1024.0,0.6917721033096313,0.97265625,0.5,1024.0
0.6535478830337524,0.52197265625,3,0.9296875,0.95166015625,1024.0,0.6915611028671265,0.9736328125,0.5,1024.0
0.6464588642120361,0.51611328125,4,0.9375,0.95361328125,1024.0,0.6913130283355713,0.9697265625,0.5,1024.0
0.6386763453483582,0.51171875,4,0.953125,0.96484375,1024.0,0.6909675598144531,0.9765625,0.5,1024.0
0.6313422918319702,0.5126953125,4,0.9521484375,0.96484375,1024.0,0.6905817985534668,0.9775390625,0.5,1024.0
0.6239022016525269,0.5078125,4,0.9677734375,0.9755859375,1024.0,0.6901053786277771,0.9833984375,0.5,1024.0
0.6109054088592529,0.5048828125,5,0.982421875,0.9873046875,1024.0,0.689014196395874,0.9921875,0.5,1024.0
0.6038135886192322,0.5,5,0.9873046875,0.9873046875,1024.0,0.6882230043411255,0.9873046875,0.5,1024.0
0.5942069292068481,0.498046875,5,0.99609375,0.994140625,1024.0,0.6871936321258545,0.9921875,0.5,1024.0
0.5850130319595337,0.50244140625,5,0.9921875,0.99462890625,1024.0,0.6860594749450684,0.9970703125,0.5,1024.0
0.576260507106781,0.50048828125,6,0.994140625,0.99462890625,1024.0,0.6846947073936462,0.9951171875,0.5,1024.0
0.5675763487815857,0.5009765625,6,0.9931640625,0.994140625,1024.0,0.683314323425293,0.9951171875,0.5,1024.0
0.5574333667755127,0.50244140625,6,0.9931640625,0.99560546875,1024.0,0.6814965605735779,0.998046875,0.5,1024.0
0.5470542907714844,0.5,6,0.9970703125,0.9970703125,1024.0,0.6796056032180786,0.9970703125,0.5,1024.0
0.5464822053909302,0.50048828125,7,0.9970703125,0.99755859375,1024.0,0.6797274947166443,0.998046875,0.5,1024.0
0.5357638001441956,0.5009765625,7,0.9970703125,0.998046875,1024.0,0.6774333119392395,0.9990234375,0.5,1024.0
0.5258489847183228,0.5,7,1.0,1.0,1024.0,0.67521071434021,1.0,0.5,1024.0
0.5149166584014893,0.50048828125,7,0.9990234375,0.99951171875,1024.0,0.6725452542304993,1.0,0.5,1024.0
0.6206182241439819,0.7490234375,8,0.4990234375,0.748046875,1024.0,0.6714595556259155,0.9970703125,0.5,1024.0
0.6009699106216431,0.72509765625,8,0.548828125,0.77392578125,1024.0,0.6696740984916687,0.9990234375,0.5,1024.0
0.5987728834152222,0.73486328125,8,0.5263671875,0.76123046875,1024.0,0.6683156490325928,0.99609375,0.5,1024.0
0.5924081206321716,0.74072265625,8,0.5185546875,0.75927734375,1024.0,0.6673157215118408,1.0,0.5,1024.0
0.6765537261962891,0.97314453125,9,0.052734375,0.52587890625,1024.0,0.6752232313156128,0.9990234375,0.5,1024.0
0.6656357049942017,0.974609375,9,0.048828125,0.5234375,1024.0,0.676945149898529,0.998046875,0.5,1024.0
0.6468378901481628,0.95703125,9,0.08203125,0.5390625,1024.0,0.6775161027908325,0.99609375,0.5,1024.0
0.6319957971572876,0.95654296875,9,0.0859375,0.54248046875,1024.0,0.6785433292388916,0.9990234375,0.5,1024.0
0.6076153516769409,0.92529296875,10,0.1455078125,0.57080078125,1024.0,0.6783797740936279,0.99609375,0.5,1024.0
0.5932654738426208,0.77294921875,10,0.451171875,0.72412109375,1024.0,0.6784786581993103,0.9970703125,0.5,1024.0
0.5790744423866272,0.65771484375,10,0.68359375,0.84130859375,1024.0,0.6783508062362671,0.9990234375,0.5,1024.0
0.5625827312469482,0.51806640625,10,0.9580078125,0.97607421875,1024.0,0.6769958138465881,0.994140625,0.5,1024.0
0.5349312424659729,0.50732421875,11,0.9775390625,0.98486328125,1024.0,0.673022449016571,0.9921875,0.5,1024.0
0.5170255899429321,0.509765625,11,0.9736328125,0.9833984375,1024.0,0.6689518094062805,0.9931640625,0.5,1024.0
0.5062108039855957,0.50146484375,11,0.9873046875,0.98876953125,1024.0,0.6664800643920898,0.990234375,0.5,1024.0
0.4884595572948456,0.49951171875,11,0.990234375,0.98974609375,1024.0,0.6612145900726318,0.9892578125,0.5,1024.0
0.47499343752861023,0.54150390625,12,0.904296875,0.94580078125,1024.0,0.6492748260498047,0.9873046875,0.5,1024.0
0.46070539951324463,0.533203125,12,0.92578125,0.958984375,1024.0,0.6438944339752197,0.9921875,0.5,1024.0
0.4495850205421448,0.51953125,12,0.9521484375,0.9716796875,1024.0,0.6389699578285217,0.9912109375,0.5,1024.0
0.4362289309501648,0.51220703125,12,0.9658203125,0.97802734375,1024.0,0.6328680515289307,0.990234375,0.5,1024.0
0.4569188952445984,0.505859375,13,0.974609375,0.98046875,1024.0,0.6423940062522888,0.986328125,0.5,1024.0
0.45038720965385437,0.50732421875,13,0.9697265625,0.97705078125,1024.0,0.6395226716995239,0.984375,0.5,1024.0
0.4389870762825012,0.50146484375,13,0.986328125,0.98779296875,1024.0,0.6354646682739258,0.9892578125,0.5,1024.0
0.4274101257324219,0.5,13,0.990234375,0.990234375,1024.0,0.6300612688064575,0.990234375,0.5,1024.0
0.42951667308807373,0.49365234375,14,1.0,0.99365234375,1024.0,0.6399118900299072,0.9873046875,0.5,1024.0
0.41724956035614014,0.49462890625,14,1.0,0.99462890625,1024.0,0.6343454122543335,0.9892578125,0.5,1024.0
0.4109913408756256,0.49169921875,14,1.0,0.99169921875,1024.0,0.6300901770591736,0.9833984375,0.5,1024.0
0.40027931332588196,0.4892578125,14,1.0,0.9892578125,1024.0,0.6238887310028076,0.978515625,0.5,1024.0
0.37635016441345215,0.4892578125,15,1.0,0.9892578125,1024.0,0.6073712110519409,0.978515625,0.5,1024.0
0.3631148934364319,0.4931640625,15,1.0,0.9931640625,1024.0,0.5994763374328613,0.986328125,0.5,1024.0
0.35637131333351135,0.4912109375,15,1.0,0.9912109375,1024.0,0.5942935943603516,0.982421875,0.5,1024.0
0.3468007445335388,0.4931640625,15,1.0,0.9931640625,1024.0,0.5867431163787842,0.986328125,0.5,1024.0
0.3040655851364136,0.49267578125,16,1.0,0.99267578125,1024.0,0.5434180498123169,0.9853515625,0.5,1024.0
0.29956766963005066,0.490234375,16,1.0,0.990234375,1024.0,0.5386508107185364,0.98046875,0.5,1024.0
0.28986886143684387,0.494140625,16,1.0,0.994140625,1024.0,0.531025767326355,0.98828125,0.5,1024.0
0.2807849943637848,0.49462890625,16,1.0,0.99462890625,1024.0,0.5221818089485168,0.9892578125,0.5,1024.0
0.2579619884490967,0.490234375,17,1.0,0.990234375,1024.0,0.4920942187309265,0.98046875,0.5,1024.0
0.2505279779434204,0.494140625,17,1.0,0.994140625,1024.0,0.48416954278945923,0.98828125,0.5,1024.0
0.2389688491821289,0.49462890625,17,1.0,0.99462890625,1024.0,0.47458961606025696,0.9892578125,0.5,1024.0
0.22922924160957336,0.49462890625,17,1.0,0.99462890625,1024.0,0.4644799828529358,0.9892578125,0.5,1024.0
0.22044599056243896,0.49609375,18,1.0,0.99609375,1024.0,0.4517168700695038,0.9921875,0.5,1024.0
0.21381548047065735,0.49609375,18,1.0,0.99609375,1024.0,0.4431326985359192,0.9921875,0.5,1024.0
0.20497268438339233,0.49609375,18,1.0,0.99609375,1024.0,0.4326482117176056,0.9921875,0.5,1024.0
0.19629478454589844,0.49609375,18,1.0,0.99609375,1024.0,0.42148226499557495,0.9921875,0.5,1024.0
0.18009422719478607,0.4951171875,19,1.0,0.9951171875,1024.0,0.3961324691772461,0.990234375,0.5,1024.0
0.1751384288072586,0.498046875,19,1.0,0.998046875,1024.0,0.3892172873020172,0.99609375,0.5,1024.0
0.16570720076560974,0.4970703125,19,1.0,0.9970703125,1024.0,0.37938499450683594,0.994140625,0.5,1024.0
0.1551729440689087,0.4990234375,19,1.0,0.9990234375,1024.0,0.36622950434684753,0.998046875,0.5,1024.0
0.16316324472427368,0.49951171875,20,1.0,0.99951171875,1024.0,0.38471519947052,0.9990234375,0.5,1024.0
0.15504127740859985,0.49853515625,20,1.0,0.99853515625,1024.0,0.3730510473251343,0.9970703125,0.5,1024.0
0.15051329135894775,0.498046875,20,1.0,0.998046875,1024.0,0.3661446273326874,0.99609375,0.5,1024.0
0.14110633730888367,0.4990234375,20,1.0,0.9990234375,1024.0,0.3527238368988037,0.998046875,0.5,1024.0
0.1576487421989441,0.49755859375,21,1.0,0.99755859375,1024.0,0.3899258077144623,0.9951171875,0.5,1024.0
0.14801490306854248,0.49853515625,21,1.0,0.99853515625,1024.0,0.3759058117866516,0.9970703125,0.5,1024.0
0.13919402658939362,0.498046875,21,1.0,0.998046875,1024.0,0.36300450563430786,0.99609375,0.5,1024.0
0.13452503085136414,0.49853515625,21,1.0,0.99853515625,1024.0,0.3544262647628784,0.9970703125,0.5,1024.0
0.1318189799785614,0.5,22,1.0,1.0,1024.0,0.3583032488822937,1.0,0.5,1024.0
0.12570765614509583,0.49951171875,22,1.0,0.99951171875,1024.0,0.3466508984565735,0.9990234375,0.5,1024.0
0.11819784343242645,0.4990234375,22,1.0,0.9990234375,1024.0,0.3330457806587219,0.998046875,0.5,1024.0
0.11311839520931244,0.5,22,1.0,1.0,1024.0,0.32495176792144775,1.0,0.5,1024.0
0.10413272678852081,0.49951171875,23,1.0,0.99951171875,1024.0,0.3020341098308563,0.9990234375,0.5,1024.0
0.09939515590667725,0.49951171875,23,1.0,0.99951171875,1024.0,0.29431408643722534,0.9990234375,0.5,1024.0
0.09450992941856384,0.49951171875,23,1.0,0.99951171875,1024.0,0.28414905071258545,0.9990234375,0.5,1024.0
0.09269186109304428,0.4990234375,23,1.0,0.9990234375,1024.0,0.27900636196136475,0.998046875,0.5,1024.0
0.07895097136497498,0.5,24,1.0,1.0,1024.0,0.2470177561044693,1.0,0.5,1024.0
0.07526712864637375,0.49951171875,24,1.0,0.99951171875,1024.0,0.23903439939022064,0.9990234375,0.5,1024.0
0.0727909579873085,0.49951171875,24,1.0,0.99951171875,1024.0,0.23297473788261414,0.9990234375,0.5,1024.0
0.06722749769687653,0.4990234375,24,1.0,0.9990234375,1024.0,0.22057858109474182,0.998046875,0.5,1024.0
0.06052597612142563,0.49951171875,25,1.0,0.99951171875,1024.0,0.20245859026908875,0.9990234375,0.5,1024.0
0.05707968771457672,0.5,25,1.0,1.0,1024.0,0.1959610879421234,1.0,0.5,1024.0
0.05604596436023712,0.49853515625,25,1.0,0.99853515625,1024.0,0.19107985496520996,0.9970703125,0.5,1024.0
0.05077729374170303,0.5,25,1.0,1.0,1024.0,0.18026036024093628,1.0,0.5,1024.0
0.04835021495819092,0.49951171875,26,1.0,0.99951171875,1024.0,0.17330628633499146,0.9990234375,0.5,1024.0
0.046636663377285004,0.5,26,1.0,1.0,1024.0,0.16911502182483673,1.0,0.5,1024.0
0.043816931545734406,0.5,26,1.0,1.0,1024.0,0.16121570765972137,1.0,0.5,1024.0
0.04254832863807678,0.49951171875,26,1.0,0.99951171875,1024.0,0.15324312448501587,0.9990234375,0.5,1024.0
0.04263371229171753,0.5,27,1.0,1.0,1024.0,0.16086235642433167,1.0,0.5,1024.0
0.040402282029390335,0.5,27,1.0,1.0,1024.0,0.1537313610315323,1.0,0.5,1024.0
0.04105880483984947,0.49951171875,27,1.0,0.99951171875,1024.0,0.15139523148536682,0.9990234375,0.5,1024.0
0.037841737270355225,0.5,27,1.0,1.0,1024.0,0.14717864990234375,1.0,0.5,1024.0
0.04177093133330345,0.5,28,1.0,1.0,1024.0,0.16018834710121155,1.0,0.5,1024.0
0.037920791655778885,0.5,28,1.0,1.0,1024.0,0.1497187614440918,1.0,0.5,1024.0
0.03701025992631912,0.5,28,1.0,1.0,1024.0,0.14590439200401306,1.0,0.5,1024.0
0.03529258072376251,0.5,28,1.0,1.0,1024.0,0.14138886332511902,1.0,0.5,1024.0
0.03371953219175339,0.5,29,1.0,1.0,1024.0,0.1343645453453064,1.0,0.5,1024.0
0.03207797557115555,0.49951171875,29,1.0,0.99951171875,1024.0,0.1293230652809143,0.9990234375,0.5,1024.0
0.030487768352031708,0.5,29,1.0,1.0,1024.0,0.12510313093662262,1.0,0.5,1024.0
0.02938467636704445,0.5,29,1.0,1.0,1024.0,0.12199083715677261,1.0,0.5,1024.0
0.024707363918423653,0.5,30,1.0,1.0,1024.0,0.10243183374404907,1.0,0.5,1024.0
0.02424336038529873,0.5,30,1.0,1.0,1024.0,0.10045701265335083,1.0,0.5,1024.0
0.024809064343571663,0.49951171875,30,1.0,0.99951171875,1024.0,0.09774024784564972,0.9990234375,0.5,1024.0
0.02169363759458065,0.5,30,1.0,1.0,1024.0,0.09240773320198059,1.0,0.5,1024.0
0.028233744204044342,0.50146484375,31,0.9970703125,0.99853515625,1024.0,0.10370158404111862,1.0,0.5,1024.0
0.02801278606057167,0.5009765625,31,0.998046875,0.9990234375,1024.0,0.1021326556801796,1.0,0.5,1024.0
0.028922419995069504,0.50048828125,31,0.9970703125,0.99755859375,1024.0,0.09918495267629623,0.998046875,0.5,1024.0
0.025509711354970932,0.5009765625,31,0.998046875,0.9990234375,1024.0,0.09578557312488556,1.0,0.5,1024.0
0.03847277909517288,0.50146484375,32,0.99609375,0.99755859375,1024.0,0.13206131756305695,0.9990234375,0.5,1024.0
0.034002359956502914,0.50146484375,32,0.9970703125,0.99853515625,1024.0,0.12565910816192627,1.0,0.5,1024.0
0.032527610659599304,0.50048828125,32,0.9990234375,0.99951171875,1024.0,0.12165851891040802,1.0,0.5,1024.0
0.0325685515999794,0.50244140625,32,0.9951171875,0.99755859375,1024.0,0.11827883124351501,1.0,0.5,1024.0
0.039142247289419174,0.5,33,0.9990234375,0.9990234375,1024.0,0.1448913961648941,0.9990234375,0.5,1024.0
0.037019893527030945,0.5009765625,33,0.998046875,0.9990234375,1024.0,0.14050543308258057,1.0,0.5,1024.0
0.03428542986512184,0.5,33,0.9990234375,0.9990234375,1024.0,0.1315828561782837,0.9990234375,0.5,1024.0
0.03312577307224274,0.50048828125,33,0.9990234375,0.99951171875,1024.0,0.13107483088970184,1.0,0.5,1024.0
0.03236788883805275,0.5,34,1.0,1.0,1024.0,0.13144360482692719,1.0,0.5,1024.0
0.03174547106027603,0.5,34,1.0,1.0,1024.0,0.12846367061138153,1.0,0.5,1024.0
0.030856551602482796,0.5,34,1.0,1.0,1024.0,0.12496527284383774,1.0,0.5,1024.0
0.028967786580324173,0.5,34,1.0,1.0,1024.0,0.1205420047044754,1.0,0.5,1024.0
0.029087094590067863,0.49951171875,35,1.0,0.99951171875,1024.0,0.11790074408054352,0.9990234375,0.5,1024.0
0.027599025517702103,0.5,35,1.0,1.0,1024.0,0.11392676830291748,1.0,0.5,1024.0
0.025319259613752365,0.5,35,1.0,1.0,1024.0,0.10856525599956512,1.0,0.5,1024.0
0.024530697613954544,0.5,35,1.0,1.0,1024.0,0.10641220211982727,1.0,0.5,1024.0
0.022734250873327255,0.5,36,1.0,1.0,1024.0,0.09844191372394562,1.0,0.5,1024.0
0.02074912190437317,0.5,36,1.0,1.0,1024.0,0.09277191758155823,1.0,0.5,1024.0
0.020458240061998367,0.5,36,1.0,1.0,1024.0,0.0910169929265976,1.0,0.5,1024.0
0.020742319524288177,0.5,36,1.0,1.0,1024.0,0.09021744877099991,1.0,0.5,1024.0
0.020107990130782127,0.49951171875,37,1.0,0.99951171875,1024.0,0.0857657790184021,0.9990234375,0.5,1024.0
0.018572106957435608,0.5,37,1.0,1.0,1024.0,0.08146288245916367,1.0,0.5,1024.0
0.01824970729649067,0.49951171875,37,1.0,0.99951171875,1024.0,0.07485220581293106,0.9990234375,0.5,1024.0
0.016715116798877716,0.5,37,1.0,1.0,1024.0,0.0768355131149292,1.0,0.5,1024.0
0.01598040759563446,0.5,38,1.0,1.0,1024.0,0.07117560505867004,1.0,0.5,1024.0
0.014161402359604836,0.5,38,1.0,1.0,1024.0,0.06574490666389465,1.0,0.5,1024.0
0.013592801988124847,0.5,38,1.0,1.0,1024.0,0.06452415138483047,1.0,0.5,1024.0
0.01430213637650013,0.5,38,1.0,1.0,1024.0,0.06471214443445206,1.0,0.5,1024.0
0.013371478766202927,0.49951171875,39,1.0,0.99951171875,1024.0,0.05760170891880989,0.9990234375,0.5,1024.0
0.014037193730473518,0.49951171875,39,1.0,0.99951171875,1024.0,0.05377640575170517,0.9990234375,0.5,1024.0
0.012297706678509712,0.5,39,1.0,1.0,1024.0,0.0548359751701355,1.0,0.5,1024.0
0.01112230122089386,0.5,39,1.0,1.0,1024.0,0.0527842715382576,1.0,0.5,1024.0
0.01274255383759737,0.5,40,1.0,1.0,1024.0,0.05855035036802292,1.0,0.5,1024.0
0.011195137165486813,0.5,40,1.0,1.0,1024.0,0.05359452962875366,1.0,0.5,1024.0
0.01303970068693161,0.49951171875,40,1.0,0.99951171875,1024.0,0.05578801780939102,0.9990234375,0.5,1024.0
0.012695926241576672,0.49951171875,40,1.0,0.99951171875,1024.0,0.05530281364917755,0.9990234375,0.5,1024.0
0.011801822111010551,0.5,41,1.0,1.0,1024.0,0.056366246193647385,1.0,0.5,1024.0
0.011786989867687225,0.5,41,1.0,1.0,1024.0,0.056933507323265076,1.0,0.5,1024.0
0.011342728510499,0.5,41,1.0,1.0,1024.0,0.054805535823106766,1.0,0.5,1024.0
0.011656392365694046,0.49951171875,41,1.0,0.99951171875,1024.0,0.05460982024669647,0.9990234375,0.5,1024.0
0.012719186022877693,0.49951171875,42,1.0,0.99951171875,1024.0,0.050757650285959244,0.9990234375,0.5,1024.0
0.009622981771826744,0.5,42,1.0,1.0,1024.0,0.049537137150764465,1.0,0.5,1024.0
0.0100893285125494,0.5,42,1.0,1.0,1024.0,0.048977382481098175,1.0,0.5,1024.0
0.01040845736861229,0.5,42,1.0,1.0,1024.0,0.05039893835783005,1.0,0.5,1024.0
0.012362953275442123,0.49951171875,43,1.0,0.99951171875,1024.0,0.047343071550130844,0.9990234375,0.5,1024.0
0.009066811762750149,0.5,43,1.0,1.0,1024.0,0.045055121183395386,1.0,0.5,1024.0
0.008898450061678886,0.5,43,1.0,1.0,1024.0,0.04454771429300308,1.0,0.5,1024.0
0.008968924172222614,0.5,43,1.0,1.0,1024.0,0.04426950216293335,1.0,0.5,1024.0
0.00916693452745676,0.5,44,1.0,1.0,1024.0,0.04301067441701889,1.0,0.5,1024.0
0.007936696521937847,0.5,44,1.0,1.0,1024.0,0.040545713156461716,1.0,0.5,1024.0
0.01059812679886818,0.49951171875,44,1.0,0.99951171875,1024.0,0.0404244028031826,0.9990234375,0.5,1024.0
0.007995851337909698,0.5,44,1.0,1.0,1024.0,0.04010581970214844,1.0,0.5,1024.0
0.0078017450869083405,0.5,45,1.0,1.0,1024.0,0.04017715901136398,1.0,0.5,1024.0
0.007847015745937824,0.5,45,1.0,1.0,1024.0,0.03990123048424721,1.0,0.5,1024.0
0.007833226583898067,0.5,45,1.0,1.0,1024.0,0.03962521255016327,1.0,0.5,1024.0
0.007162041030824184,0.5,45,1.0,1.0,1024.0,0.03742558881640434,1.0,0.5,1024.0
0.009908605366945267,0.49951171875,46,1.0,0.99951171875,1024.0,0.037689339369535446,0.9990234375,0.5,1024.0
0.007231279741972685,0.5,46,1.0,1.0,1024.0,0.037608250975608826,1.0,0.5,1024.0
0.0072255609557032585,0.5,46,1.0,1.0,1024.0,0.03745609521865845,1.0,0.5,1024.0
0.007506581488996744,0.5,46,1.0,1.0,1024.0,0.037526167929172516,1.0,0.5,1024.0
0.007414043880999088,0.5,47,1.0,1.0,1024.0,0.037596914917230606,1.0,0.5,1024.0
0.006996785290539265,0.5,47,1.0,1.0,1024.0,0.03593279793858528,1.0,0.5,1024.0
0.007332587614655495,0.5,47,1.0,1.0,1024.0,0.03694145008921623,1.0,0.5,1024.0
0.007432656362652779,0.5,47,1.0,1.0,1024.0,0.03686489537358284,1.0,0.5,1024.0
0.007390572689473629,0.5,48,1.0,1.0,1024.0,0.03660634905099869,1.0,0.5,1024.0
0.009750123135745525,0.4990234375,48,1.0,0.9990234375,1024.0,0.03720521554350853,0.998046875,0.5,1024.0
0.008011206053197384,0.5,48,1.0,1.0,1024.0,0.03728494048118591,1.0,0.5,1024.0
0.007276277523487806,0.5,48,1.0,1.0,1024.0,0.03625136613845825,1.0,0.5,1024.0
0.01071010623127222,0.4990234375,49,1.0,0.9990234375,1024.0,0.03520146757364273,0.998046875,0.5,1024.0
0.006147378124296665,0.5,49,1.0,1.0,1024.0,0.03201766684651375,1.0,0.5,1024.0
0.007132451981306076,0.5,49,1.0,1.0,1024.0,0.034836478531360626,1.0,0.5,1024.0
0.007065951824188232,0.5,49,1.0,1.0,1024.0,0.03453321382403374,1.0,0.5,1024.0
0.009210706688463688,0.49951171875,50,1.0,0.99951171875,1024.0,0.03226330876350403,0.9990234375,0.5,1024.0
0.006172075867652893,0.5,50,1.0,1.0,1024.0,0.03126973658800125,1.0,0.5,1024.0
0.006533440202474594,0.49951171875,50,1.0,0.99951171875,1024.0,0.030056215822696686,0.9990234375,0.5,1024.0
0.00788805726915598,0.49951171875,50,1.0,0.99951171875,1024.0,0.030216550454497337,0.9990234375,0.5,1024.0
0.22111931443214417,0.5751953125,51,0.849609375,0.9248046875,1024.0,0.07946155220270157,1.0,0.5,1024.0
0.21670112013816833,0.57666015625,51,0.8466796875,0.92333984375,1024.0,0.07930340617895126,1.0,0.5,1024.0
0.20636297762393951,0.56787109375,51,0.86328125,0.93115234375,1024.0,0.08140064030885696,0.9990234375,0.5,1024.0
0.15943381190299988,0.55810546875,51,0.8837890625,0.94189453125,1024.0,0.07443515956401825,1.0,0.5,1024.0
0.22752180695533752,0.59326171875,52,0.8125,0.90576171875,1024.0,0.1220037117600441,0.9990234375,0.5,1024.0
0.19403421878814697,0.5810546875,52,0.837890625,0.9189453125,1024.0,0.12576380372047424,1.0,0.5,1024.0
0.1607794612646103,0.56787109375,52,0.8642578125,0.93212890625,1024.0,0.1114882305264473,1.0,0.5,1024.0
0.13517031073570251,0.55517578125,52,0.888671875,0.94384765625,1024.0,0.11716589331626892,0.9990234375,0.5,1024.0
0.05805910378694534,0.52001953125,53,0.958984375,0.97900390625,1024.0,0.090870201587677,0.9990234375,0.5,1024.0
0.04665009304881096,0.5126953125,53,0.97265625,0.9853515625,1024.0,0.08452526479959488,0.998046875,0.5,1024.0
0.03699289262294769,0.51025390625,53,0.9775390625,0.98779296875,1024.0,0.07790030539035797,0.998046875,0.5,1024.0
0.033210739493370056,0.5087890625,53,0.98046875,0.9892578125,1024.0,0.07429388165473938,0.998046875,0.5,1024.0
0.034377679228782654,0.5029296875,54,0.986328125,0.9892578125,1024.0,0.07230182737112045,0.9921875,0.5,1024.0
0.03055894747376442,0.5048828125,54,0.9873046875,0.9921875,1024.0,0.067328542470932,0.9970703125,0.5,1024.0
0.028704069554805756,0.50439453125,54,0.986328125,0.99072265625,1024.0,0.06765205413103104,0.9951171875,0.5,1024.0
0.025240443646907806,0.50341796875,54,0.9892578125,0.99267578125,1024.0,0.06415855884552002,0.99609375,0.5,1024.0
0.08576063811779022,0.52392578125,55,0.947265625,0.97119140625,1024.0,0.08857820928096771,0.9951171875,0.5,1024.0
0.06982819736003876,0.51513671875,55,0.962890625,0.97802734375,1024.0,0.08554470539093018,0.9931640625,0.5,1024.0
0.06527037918567657,0.5234375,55,0.94921875,0.97265625,1024.0,0.08458465337753296,0.99609375,0.5,1024.0
0.06221971660852432,0.5166015625,55,0.9599609375,0.9765625,1024.0,0.08359017223119736,0.9931640625,0.5,1024.0
0.28193241357803345,0.71630859375,56,0.5625,0.77880859375,1024.0,0.21219119429588318,0.9951171875,0.5,1024.0
0.19109563529491425,0.53271484375,56,0.927734375,0.96044921875,1024.0,0.21586866676807404,0.9931640625,0.5,1024.0
0.11971837282180786,0.52197265625,56,0.94921875,0.97119140625,1024.0,0.19152683019638062,0.9931640625,0.5,1024.0
0.08280882239341736,0.5146484375,56,0.9638671875,0.978515625,1024.0,0.17008104920387268,0.9931640625,0.5,1024.0
0.11478280276060104,0.49658203125,57,0.994140625,0.99072265625,1024.0,0.25067201256752014,0.9873046875,0.5,1024.0
0.07491995394229889,0.498046875,57,0.994140625,0.9921875,1024.0,0.19457899034023285,0.990234375,0.5,1024.0
0.059636637568473816,0.50048828125,57,0.9892578125,0.98974609375,1024.0,0.1559802144765854,0.990234375,0.5,1024.0
0.05189070478081703,0.4951171875,57,0.9951171875,0.990234375,1024.0,0.13092121481895447,0.9853515625,0.5,1024.0
0.04110807180404663,0.49609375,58,0.998046875,0.994140625,1024.0,0.10417117178440094,0.990234375,0.5,1024.0
0.0428844690322876,0.49365234375,58,0.998046875,0.99169921875,1024.0,0.1046954020857811,0.9853515625,0.5,1024.0
0.03847312927246094,0.49365234375,58,0.9990234375,0.99267578125,1024.0,0.09572277963161469,0.986328125,0.5,1024.0
0.039396945387125015,0.4951171875,58,0.9970703125,0.9921875,1024.0,0.09692539274692535,0.9873046875,0.5,1024.0
0.04490270838141441,0.48974609375,59,0.9970703125,0.98681640625,1024.0,0.09145143628120422,0.9765625,0.5,1024.0
0.041087791323661804,0.49462890625,59,0.9970703125,0.99169921875,1024.0,0.08764518797397614,0.986328125,0.5,1024.0
0.03987975791096687,0.49267578125,59,0.9970703125,0.98974609375,1024.0,0.08709895610809326,0.982421875,0.5,1024.0
0.03684777766466141,0.49267578125,59,1.0,0.99267578125,1024.0,0.08255290985107422,0.9853515625,0.5,1024.0
0.03607960790395737,0.494140625,60,0.998046875,0.9921875,1024.0,0.08400300145149231,0.986328125,0.5,1024.0
0.037817806005477905,0.494140625,60,0.9990234375,0.9931640625,1024.0,0.0883709192276001,0.9873046875,0.5,1024.0
0.037002380937337875,0.494140625,60,0.998046875,0.9921875,1024.0,0.08228844404220581,0.986328125,0.5,1024.0
0.03218389302492142,0.49658203125,60,0.9970703125,0.99365234375,1024.0,0.08307178318500519,0.990234375,0.5,1024.0
0.03302646055817604,0.49560546875,61,1.0,0.99560546875,1024.0,0.07977845519781113,0.9912109375,0.5,1024.0
0.034980908036231995,0.494140625,61,0.99609375,0.990234375,1024.0,0.08003266155719757,0.984375,0.5,1024.0
0.027352076023817062,0.4970703125,61,1.0,0.9970703125,1024.0,0.07995062321424484,0.994140625,0.5,1024.0
0.027664346620440483,0.498046875,61,0.998046875,0.99609375,1024.0,0.07852812111377716,0.994140625,0.5,1024.0
0.025759173557162285,0.49658203125,62,0.9990234375,0.99560546875,1024.0,0.07600609958171844,0.9921875,0.5,1024.0
0.02641185186803341,0.49755859375,62,1.0,0.99755859375,1024.0,0.07449596375226974,0.9951171875,0.5,1024.0
0.030739132314920425,0.49609375,62,0.9990234375,0.9951171875,1024.0,0.07524809241294861,0.9912109375,0.5,1024.0
0.023896614089608192,0.49609375,62,0.9990234375,0.9951171875,1024.0,0.06844029575586319,0.9912109375,0.5,1024.0
0.029509415850043297,0.49755859375,63,0.9990234375,0.99658203125,1024.0,0.06997860223054886,0.994140625,0.5,1024.0
0.03483233228325844,0.498046875,63,0.994140625,0.9921875,1024.0,0.07270374894142151,0.990234375,0.5,1024.0
0.028782609850168228,0.49853515625,63,1.0,0.99853515625,1024.0,0.07051123678684235,0.9970703125,0.5,1024.0
0.02209644578397274,0.4990234375,63,0.9970703125,0.99609375,1024.0,0.06503623723983765,0.9951171875,0.5,1024.0
0.045991040766239166,0.5107421875,64,0.9755859375,0.986328125,1024.0,0.08718838542699814,0.9970703125,0.5,1024.0
0.04548399895429611,0.5078125,64,0.9794921875,0.9873046875,1024.0,0.08330190181732178,0.9951171875,0.5,1024.0
0.04320985823869705,0.51171875,64,0.9765625,0.98828125,1024.0,0.08627038449048996,1.0,0.5,1024.0
0.04052649438381195,0.51025390625,64,0.9765625,0.98681640625,1024.0,0.0763523280620575,0.9970703125,0.5,1024.0
0.06393729150295258,0.5185546875,65,0.9609375,0.9794921875,1024.0,0.1124790832400322,0.998046875,0.5,1024.0
0.062238771468400955,0.51806640625,65,0.9609375,0.97900390625,1024.0,0.11009709537029266,0.9970703125,0.5,1024.0
0.05461558327078819,0.51220703125,65,0.9697265625,0.98193359375,1024.0,0.10853755474090576,0.994140625,0.5,1024.0
0.057541374117136,0.513671875,65,0.9677734375,0.9814453125,1024.0,0.10073861479759216,0.9951171875,0.5,1024.0
0.04595346376299858,0.50439453125,66,0.9853515625,0.98974609375,1024.0,0.11500527709722519,0.994140625,0.5,1024.0
0.043676286935806274,0.5029296875,66,0.9873046875,0.990234375,1024.0,0.10973561555147171,0.9931640625,0.5,1024.0
0.03537648916244507,0.501953125,66,0.9912109375,0.9931640625,1024.0,0.09955907613039017,0.9951171875,0.5,1024.0
0.03348344564437866,0.501953125,66,0.9921875,0.994140625,1024.0,0.09794342517852783,0.99609375,0.5,1024.0
0.02244306355714798,0.49951171875,67,0.9970703125,0.99658203125,1024.0,0.07506050169467926,0.99609375,0.5,1024.0
0.024032996967434883,0.49658203125,67,0.9990234375,0.99560546875,1024.0,0.07107506692409515,0.9921875,0.5,1024.0
0.02056599035859108,0.5,67,0.9970703125,0.9970703125,1024.0,0.06831952929496765,0.9970703125,0.5,1024.0
0.023759959265589714,0.5,67,0.9931640625,0.9931640625,1024.0,0.06790025532245636,0.9931640625,0.5,1024.0
0.05899824947118759,0.49951171875,68,0.9951171875,0.99462890625,1024.0,0.12999987602233887,0.994140625,0.5,1024.0
0.04653416574001312,0.5029296875,68,0.9912109375,0.994140625,1024.0,0.12418484687805176,0.9970703125,0.5,1024.0
0.04425070434808731,0.49853515625,68,0.99609375,0.99462890625,1024.0,0.11382919549942017,0.9931640625,0.5,1024.0
0.03715519979596138,0.5,68,0.998046875,0.998046875,1024.0,0.1101764440536499,0.998046875,0.5,1024.0
0.0427582822740078,0.5,69,0.9931640625,0.9931640625,1024.0,0.1012537032365799,0.9931640625,0.5,1024.0
0.03109712526202202,0.49853515625,69,0.9990234375,0.99755859375,1024.0,0.09895338118076324,0.99609375,0.5,1024.0
0.031191125512123108,0.49853515625,69,0.9970703125,0.99560546875,1024.0,0.09141568839550018,0.994140625,0.5,1024.0
0.030679207295179367,0.49658203125,69,0.998046875,0.99462890625,1024.0,0.08561073243618011,0.9912109375,0.5,1024.0
0.020605936646461487,0.498046875,70,0.9990234375,0.9970703125,1024.0,0.05250905454158783,0.9951171875,0.5,1024.0
0.017262831330299377,0.49951171875,70,0.998046875,0.99755859375,1024.0,0.049803294241428375,0.9970703125,0.5,1024.0
0.015459241345524788,0.49951171875,70,0.9990234375,0.99853515625,1024.0,0.048463139683008194,0.998046875,0.5,1024.0
0.021778060123324394,0.498046875,70,0.9970703125,0.9951171875,1024.0,0.05247703194618225,0.9931640625,0.5,1024.0
0.026067141443490982,0.49560546875,71,0.998046875,0.99365234375,1024.0,0.05212988331913948,0.9892578125,0.5,1024.0
0.017115609720349312,0.498046875,71,0.9990234375,0.9970703125,1024.0,0.047429632395505905,0.9951171875,0.5,1024.0
0.018948640674352646,0.498046875,71,0.9970703125,0.9951171875,1024.0,0.04810682684183121,0.9931640625,0.5,1024.0
0.02022429183125496,0.49853515625,71,0.99609375,0.99462890625,1024.0,0.04799652844667435,0.9931640625,0.5,1024.0
0.020200490951538086,0.5,72,0.994140625,0.994140625,1024.0,0.05203381925821304,0.994140625,0.5,1024.0
0.017765969038009644,0.49755859375,72,0.9990234375,0.99658203125,1024.0,0.05022536590695381,0.994140625,0.5,1024.0
0.014302884228527546,0.49853515625,72,0.9990234375,0.99755859375,1024.0,0.04548051953315735,0.99609375,0.5,1024.0
0.021000351756811142,0.4970703125,72,0.998046875,0.9951171875,1024.0,0.04576487094163895,0.9921875,0.5,1024.0
0.016829293221235275,0.5,73,0.998046875,0.998046875,1024.0,0.05727901682257652,0.998046875,0.5,1024.0
0.02005625329911709,0.4990234375,73,0.9951171875,0.994140625,1024.0,0.05743170529603958,0.9931640625,0.5,1024.0
0.014340288937091827,0.49951171875,73,1.0,0.99951171875,1024.0,0.053936950862407684,0.9990234375,0.5,1024.0
0.021027933806180954,0.5009765625,73,0.9931640625,0.994140625,1024.0,0.059278685599565506,0.9951171875,0.5,1024.0
0.020770691335201263,0.5009765625,74,0.9951171875,0.99609375,1024.0,0.057031698524951935,0.9970703125,0.5,1024.0
0.015278039500117302,0.4970703125,74,1.0,0.9970703125,1024.0,0.05103183910250664,0.994140625,0.5,1024.0
0.01992681995034218,0.49755859375,74,0.998046875,0.99560546875,1024.0,0.05367455631494522,0.9931640625,0.5,1024.0
0.019153352826833725,0.49853515625,74,0.9970703125,0.99560546875,1024.0,0.053453657776117325,0.994140625,0.5,1024.0
0.018733398988842964,0.501953125,75,0.9931640625,0.9951171875,1024.0,0.04252447560429573,0.9970703125,0.5,1024.0
0.012537865899503231,0.5009765625,75,0.9970703125,0.998046875,1024.0,0.03872520476579666,0.9990234375,0.5,1024.0
0.016172213479876518,0.501953125,75,0.9921875,0.994140625,1024.0,0.03883913904428482,0.99609375,0.5,1024.0
0.02106974646449089,0.50146484375,75,0.990234375,0.99169921875,1024.0,0.043238379061222076,0.9931640625,0.5,1024.0
0.019865989685058594,0.50341796875,76,0.990234375,0.99365234375,1024.0,0.04214683175086975,0.9970703125,0.5,1024.0
0.018223010003566742,0.501953125,76,0.994140625,0.99609375,1024.0,0.040753599256277084,0.998046875,0.5,1024.0
0.013096233829855919,0.50146484375,76,0.9951171875,0.99658203125,1024.0,0.03874768689274788,0.998046875,0.5,1024.0
0.021044328808784485,0.501953125,76,0.9931640625,0.9951171875,1024.0,0.03593815863132477,0.9970703125,0.5,1024.0
0.02535656839609146,0.5048828125,77,0.98828125,0.9931640625,1024.0,0.059922270476818085,0.998046875,0.5,1024.0
0.016862375661730766,0.50244140625,77,0.9951171875,0.99755859375,1024.0,0.05067082494497299,1.0,0.5,1024.0
0.02139616571366787,0.50244140625,77,0.9931640625,0.99560546875,1024.0,0.05139676481485367,0.998046875,0.5,1024.0
0.02125752717256546,0.50244140625,77,0.994140625,0.99658203125,1024.0,0.05080278962850571,0.9990234375,0.5,1024.0
0.017476476728916168,0.50048828125,78,0.99609375,0.99658203125,1024.0,0.05121384561061859,0.9970703125,0.5,1024.0
0.02021808922290802,0.49951171875,78,0.9990234375,0.99853515625,1024.0,0.05148414522409439,0.998046875,0.5,1024.0
0.014923457987606525,0.5,78,0.998046875,0.998046875,1024.0,0.046888675540685654,0.998046875,0.5,1024.0
0.015089686028659344,0.50048828125,78,0.998046875,0.99853515625,1024.0,0.04764329642057419,0.9990234375,0.5,1024.0
0.016497381031513214,0.5009765625,79,0.9951171875,0.99609375,1024.0,0.04073193669319153,0.9970703125,0.5,1024.0
0.015474405139684677,0.5,79,0.9990234375,0.9990234375,1024.0,0.03618379682302475,0.9990234375,0.5,1024.0
0.014785734005272388,0.5009765625,79,0.9951171875,0.99609375,1024.0,0.0408819317817688,0.9970703125,0.5,1024.0
0.018639083951711655,0.50537109375,79,0.9892578125,0.99462890625,1024.0,0.03625043109059334,1.0,0.5,1024.0
0.5064468383789062,0.625,80,0.75,0.875,1024.0,0.0676097646355629,1.0,0.5,1024.0
0.5267394781112671,0.6328125,80,0.732421875,0.865234375,1024.0,0.07724364101886749,0.998046875,0.5,1024.0
0.48062795400619507,0.62255859375,80,0.7529296875,0.87548828125,1024.0,0.07707158476114273,0.998046875,0.5,1024.0
0.4521636366844177,0.61279296875,80,0.771484375,0.88427734375,1024.0,0.07651534676551819,0.9970703125,0.5,1024.0
0.3929439187049866,0.603515625,81,0.7880859375,0.8916015625,1024.0,0.08117616176605225,0.9951171875,0.5,1024.0
0.36254799365997314,0.6025390625,81,0.7919921875,0.89453125,1024.0,0.08428434282541275,0.9970703125,0.5,1024.0
0.36354926228523254,0.611328125,81,0.7705078125,0.8818359375,1024.0,0.09659814834594727,0.9931640625,0.5,1024.0
0.2992951273918152,0.595703125,81,0.80078125,0.896484375,1024.0,0.09708735346794128,0.9921875,0.5,1024.0
0.34694230556488037,0.6328125,82,0.724609375,0.857421875,1024.0,0.11434581130743027,0.990234375,0.5,1024.0
0.3099706470966339,0.63720703125,82,0.7158203125,0.85302734375,1024.0,0.13447949290275574,0.990234375,0.5,1024.0
0.2464669644832611,0.62939453125,82,0.734375,0.86376953125,1024.0,0.15305151045322418,0.9931640625,0.5,1024.0
0.19954034686088562,0.6220703125,82,0.73828125,0.8603515625,1024.0,0.17271625995635986,0.982421875,0.5,1024.0
0.18981577455997467,0.62890625,83,0.712890625,0.841796875,1024.0,0.2130446434020996,0.970703125,0.5,1024.0
0.16363976895809174,0.49755859375,83,0.9599609375,0.95751953125,1024.0,0.21673744916915894,0.955078125,0.5,1024.0
0.12956616282463074,0.4873046875,83,0.98046875,0.9677734375,1024.0,0.21554452180862427,0.955078125,0.5,1024.0
0.12140132486820221,0.47705078125,83,0.9931640625,0.97021484375,1024.0,0.21314746141433716,0.947265625,0.5,1024.0
0.08780650794506073,0.4716796875,84,1.0,0.9716796875,1024.0,0.1467134952545166,0.943359375,0.5,1024.0
0.08793257176876068,0.474609375,84,1.0,0.974609375,1024.0,0.14890772104263306,0.94921875,0.5,1024.0
0.08754055202007294,0.47021484375,84,1.0,0.97021484375,1024.0,0.15079309046268463,0.9404296875,0.5,1024.0
0.10276404023170471,0.46337890625,84,1.0,0.96337890625,1024.0,0.15485894680023193,0.9267578125,0.5,1024.0
0.09023471176624298,0.47021484375,85,1.0,0.97021484375,1024.0,0.1494269222021103,0.9404296875,0.5,1024.0
0.0968308225274086,0.470703125,85,1.0,0.970703125,1024.0,0.15032516419887543,0.94140625,0.5,1024.0
0.09952086210250854,0.4677734375,85,1.0,0.9677734375,1024.0,0.14680024981498718,0.935546875,0.5,1024.0
0.08479456603527069,0.47802734375,85,1.0,0.97802734375,1024.0,0.13630779087543488,0.9560546875,0.5,1024.0
0.08537030965089798,0.47509765625,86,1.0,0.97509765625,1024.0,0.14259988069534302,0.9501953125,0.5,1024.0
0.08278035372495651,0.4765625,86,1.0,0.9765625,1024.0,0.13891996443271637,0.953125,0.5,1024.0
0.07361289858818054,0.4833984375,86,1.0,0.9833984375,1024.0,0.13263346254825592,0.966796875,0.5,1024.0
0.0732329711318016,0.48046875,86,1.0,0.98046875,1024.0,0.13053512573242188,0.9609375,0.5,1024.0
0.07118102163076401,0.4833984375,87,1.0,0.9833984375,1024.0,0.12357380986213684,0.966796875,0.5,1024.0
0.07290244102478027,0.484375,87,0.998046875,0.982421875,1024.0,0.11901906877756119,0.966796875,0.5,1024.0
0.056914858520030975,0.490234375,87,1.0,0.990234375,1024.0,0.11310755461454391,0.98046875,0.5,1024.0
0.05810932442545891,0.4892578125,87,0.9990234375,0.98828125,1024.0,0.10917729884386063,0.9775390625,0.5,1024.0
0.056245412677526474,0.486328125,88,0.9990234375,0.9853515625,1024.0,0.1037413477897644,0.9716796875,0.5,1024.0
0.047005802392959595,0.49365234375,88,0.9970703125,0.99072265625,1024.0,0.10350184142589569,0.984375,0.5,1024.0
0.04429242014884949,0.49462890625,88,0.9970703125,0.99169921875,1024.0,0.09671895951032639,0.986328125,0.5,1024.0
0.04679582267999649,0.4912109375,88,0.9990234375,0.990234375,1024.0,0.09060691297054291,0.9814453125,0.5,1024.0
0.0456157848238945,0.4921875,89,0.9990234375,0.9912109375,1024.0,0.09073764085769653,0.9833984375,0.5,1024.0
0.043440837413072586,0.49462890625,89,0.998046875,0.99267578125,1024.0,0.08646140247583389,0.9873046875,0.5,1024.0
0.03397434204816818,0.49609375,89,0.998046875,0.994140625,1024.0,0.07885856181383133,0.990234375,0.5,1024.0
0.0407976433634758,0.49853515625,89,0.9951171875,0.99365234375,1024.0,0.08416877686977386,0.9921875,0.5,1024.0
0.09625381231307983,0.5107421875,90,0.966796875,0.9775390625,1024.0,0.10275052487850189,0.98828125,0.5,1024.0
0.07777643948793411,0.50537109375,90,0.9755859375,0.98095703125,1024.0,0.09698975831270218,0.986328125,0.5,1024.0
0.07714477926492691,0.50634765625,90,0.9736328125,0.97998046875,1024.0,0.09743626415729523,0.986328125,0.5,1024.0
0.07091455161571503,0.50537109375,90,0.9775390625,0.98291015625,1024.0,0.095665842294693,0.98828125,0.5,1024.0
0.09412539005279541,0.515625,91,0.95703125,0.97265625,1024.0,0.10298584401607513,0.98828125,0.5,1024.0
0.09640708565711975,0.5146484375,91,0.9580078125,0.97265625,1024.0,0.10732769966125488,0.9873046875,0.5,1024.0
0.09779614210128784,0.5146484375,91,0.9560546875,0.970703125,1024.0,0.10152558982372284,0.9853515625,0.5,1024.0
0.0809483677148819,0.505859375,91,0.9755859375,0.9814453125,1024.0,0.10171135514974594,0.9873046875,0.5,1024.0
0.05051080510020256,0.50244140625,92,0.9833984375,0.98583984375,1024.0,0.07977721095085144,0.98828125,0.5,1024.0
0.050009626895189285,0.50439453125,92,0.98046875,0.98486328125,1024.0,0.07248873263597488,0.9892578125,0.5,1024.0
0.0436510294675827,0.501953125,92,0.986328125,0.98828125,1024.0,0.07210950553417206,0.990234375,0.5,1024.0
0.0495038740336895,0.5048828125,92,0.9794921875,0.984375,1024.0,0.07664072513580322,0.9892578125,0.5,1024.0
0.10929325222969055,0.53564453125,93,0.9208984375,0.95654296875,1024.0,0.11920018494129181,0.9921875,0.5,1024.0
0.09660071134567261,0.52587890625,93,0.939453125,0.96533203125,1024.0,0.11821182817220688,0.9912109375,0.5,1024.0
0.09572423994541168,0.529296875,93,0.9365234375,0.9658203125,1024.0,0.11911369860172272,0.9951171875,0.5,1024.0
0.08985748887062073,0.5205078125,93,0.9501953125,0.970703125,1024.0,0.11141850054264069,0.9912109375,0.5,1024.0
0.0883544534444809,0.5234375,94,0.9443359375,0.9677734375,1024.0,0.11533720791339874,0.9912109375,0.5,1024.0
0.07692708820104599,0.52490234375,94,0.9462890625,0.97119140625,1024.0,0.11048965156078339,0.99609375,0.5,1024.0
0.07479169964790344,0.51904296875,94,0.955078125,0.97412109375,1024.0,0.10948209464550018,0.9931640625,0.5,1024.0
0.07443374395370483,0.517578125,94,0.95703125,0.974609375,1024.0,0.11462721228599548,0.9921875,0.5,1024.0
0.03510690852999687,0.49755859375,95,0.9951171875,0.99267578125,1024.0,0.07163642346858978,0.990234375,0.5,1024.0
0.031022056937217712,0.49755859375,95,0.998046875,0.99560546875,1024.0,0.07387007772922516,0.9931640625,0.5,1024.0
0.026781298220157623,0.49755859375,95,0.9970703125,0.99462890625,1024.0,0.06352967023849487,0.9921875,0.5,1024.0
0.038156598806381226,0.4990234375,95,0.9931640625,0.9921875,1024.0,0.07477478682994843,0.9912109375,0.5,1024.0
0.03470667079091072,0.49755859375,96,0.9951171875,0.99267578125,1024.0,0.06815645098686218,0.990234375,0.5,1024.0
0.03444754704833031,0.49609375,96,0.99609375,0.9921875,1024.0,0.06920689344406128,0.98828125,0.5,1024.0
0.040749020874500275,0.49658203125,96,0.9931640625,0.98974609375,1024.0,0.07080080360174179,0.986328125,0.5,1024.0
0.035485077649354935,0.49560546875,96,0.9970703125,0.99267578125,1024.0,0.06896880269050598,0.98828125,0.5,1024.0
0.08125683665275574,0.5244140625,97,0.9443359375,0.96875,1024.0,0.11121058464050293,0.9931640625,0.5,1024.0
0.09017500281333923,0.52587890625,97,0.9384765625,0.96435546875,1024.0,0.12172851711511612,0.990234375,0.5,1024.0
0.08054621517658234,0.51708984375,97,0.953125,0.97021484375,1024.0,0.1092473492026329,0.9873046875,0.5,1024.0
0.08591406047344208,0.52197265625,97,0.9443359375,0.96630859375,1024.0,0.11605148017406464,0.98828125,0.5,1024.0
0.08928950875997543,0.52294921875,98,0.9404296875,0.96337890625,1024.0,0.1227584034204483,0.986328125,0.5,1024.0
0.08720153570175171,0.52880859375,98,0.9326171875,0.96142578125,1024.0,0.11233074218034744,0.990234375,0.5,1024.0
0.08987466245889664,0.5283203125,98,0.9326171875,0.9609375,1024.0,0.12415391206741333,0.9892578125,0.5,1024.0
0.08431670814752579,0.51708984375,98,0.94921875,0.96630859375,1024.0,0.11367329955101013,0.9833984375,0.5,1024.0
0.06569814682006836,0.51513671875,99,0.955078125,0.97021484375,1024.0,0.08641362190246582,0.9853515625,0.5,1024.0
0.05827149748802185,0.5107421875,99,0.966796875,0.9775390625,1024.0,0.0816669911146164,0.98828125,0.5,1024.0
0.07252347469329834,0.5126953125,99,0.95703125,0.9697265625,1024.0,0.08694785833358765,0.982421875,0.5,1024.0
0.06489667296409607,0.51123046875,99,0.96484375,0.97607421875,1024.0,0.08222943544387817,0.9873046875,0.5,1024.0
0.05705352872610092,0.50634765625,100,0.970703125,0.97705078125,1024.0,0.08387591689825058,0.9833984375,0.5,1024.0
0.05058643966913223,0.505859375,100,0.9765625,0.982421875,1024.0,0.08695749938488007,0.98828125,0.5,1024.0
0.05399276316165924,0.505859375,100,0.97265625,0.978515625,1024.0,0.08229318261146545,0.984375,0.5,1024.0
0.05536497384309769,0.50048828125,100,0.9794921875,0.97998046875,1024.0,0.07829166948795319,0.98046875,0.5,1024.0
0.04148127883672714,0.4951171875,101,0.9931640625,0.98828125,1024.0,0.07836556434631348,0.9833984375,0.5,1024.0
0.04719846695661545,0.4931640625,101,0.9931640625,0.986328125,1024.0,0.07666781544685364,0.9794921875,0.5,1024.0
0.04860670119524002,0.494140625,101,0.9951171875,0.9892578125,1024.0,0.08168917149305344,0.9833984375,0.5,1024.0
0.039351604878902435,0.49755859375,101,0.9912109375,0.98876953125,1024.0,0.07760454714298248,0.986328125,0.5,1024.0
0.03957751765847206,0.49365234375,102,0.9951171875,0.98876953125,1024.0,0.0724540501832962,0.982421875,0.5,1024.0
0.04085661098361015,0.4931640625,102,0.9951171875,0.98828125,1024.0,0.07548490166664124,0.9814453125,0.5,1024.0
0.040888383984565735,0.4912109375,102,0.9970703125,0.98828125,1024.0,0.0666050985455513,0.9794921875,0.5,1024.0
0.03498660773038864,0.49658203125,102,0.99609375,0.99267578125,1024.0,0.06698417663574219,0.9892578125,0.5,1024.0
0.03424237668514252,0.4951171875,103,0.9970703125,0.9921875,1024.0,0.06521973013877869,0.9873046875,0.5,1024.0
0.03274691477417946,0.49365234375,103,0.998046875,0.99169921875,1024.0,0.06339007616043091,0.9853515625,0.5,1024.0
0.02927311509847641,0.49560546875,103,0.998046875,0.99365234375,1024.0,0.061880920082330704,0.9892578125,0.5,1024.0
0.036012496799230576,0.4951171875,103,0.9951171875,0.990234375,1024.0,0.06264522671699524,0.9853515625,0.5,1024.0
0.029380418360233307,0.4970703125,104,0.998046875,0.9951171875,1024.0,0.06343024969100952,0.9921875,0.5,1024.0
0.027983643114566803,0.49560546875,104,0.998046875,0.99365234375,1024.0,0.05998437851667404,0.9892578125,0.5,1024.0
0.03419818356633186,0.49560546875,104,0.998046875,0.99365234375,1024.0,0.060262929648160934,0.9892578125,0.5,1024.0
0.02375553548336029,0.49658203125,104,1.0,0.99658203125,1024.0,0.058391183614730835,0.9931640625,0.5,1024.0
0.05319443345069885,0.50146484375,105,0.98828125,0.98974609375,1024.0,0.10676714777946472,0.9912109375,0.5,1024.0
0.048618052154779434,0.498046875,105,0.9921875,0.990234375,1024.0,0.10590426623821259,0.98828125,0.5,1024.0
0.053857676684856415,0.50048828125,105,0.9892578125,0.98974609375,1024.0,0.10923083871603012,0.990234375,0.5,1024.0
0.05313730239868164,0.50341796875,105,0.984375,0.98779296875,1024.0,0.10945118963718414,0.9912109375,0.5,1024.0
0.05273909121751785,0.50244140625,106,0.9853515625,0.98779296875,1024.0,0.1045987606048584,0.990234375,0.5,1024.0
0.056477002799510956,0.505859375,106,0.978515625,0.984375,1024.0,0.10525009781122208,0.990234375,0.5,1024.0
0.05814705044031143,0.4990234375,106,0.9873046875,0.986328125,1024.0,0.10223494470119476,0.9853515625,0.5,1024.0
0.04813193902373314,0.50537109375,106,0.986328125,0.99169921875,1024.0,0.1038181334733963,0.9970703125,0.5,1024.0
0.09871324896812439,0.52587890625,107,0.9365234375,0.96240234375,1024.0,0.12198980897665024,0.98828125,0.5,1024.0
0.0893842801451683,0.52099609375,107,0.947265625,0.96826171875,1024.0,0.11890074610710144,0.9892578125,0.5,1024.0
0.09624405205249786,0.52734375,107,0.9375,0.96484375,1024.0,0.11907768249511719,0.9921875,0.5,1024.0
0.08909434080123901,0.5234375,107,0.9453125,0.96875,1024.0,0.11534430086612701,0.9921875,0.5,1024.0
0.09488111734390259,0.5224609375,108,0.943359375,0.9658203125,1024.0,0.1303105354309082,0.98828125,0.5,1024.0
0.08881814777851105,0.5224609375,108,0.9443359375,0.966796875,1024.0,0.1315980851650238,0.9892578125,0.5,1024.0
0.09515076130628586,0.52197265625,108,0.943359375,0.96533203125,1024.0,0.12880460917949677,0.9873046875,0.5,1024.0
0.07076525688171387,0.5087890625,108,0.96875,0.9775390625,1024.0,0.11507704854011536,0.986328125,0.5,1024.0
0.03766520321369171,0.49560546875,109,0.9912109375,0.98681640625,1024.0,0.07371491938829422,0.982421875,0.5,1024.0
0.029321681708097458,0.498046875,109,0.99609375,0.994140625,1024.0,0.07064659148454666,0.9921875,0.5,1024.0
0.0322539322078228,0.49560546875,109,0.998046875,0.99365234375,1024.0,0.06950823962688446,0.9892578125,0.5,1024.0
0.039243992418050766,0.49609375,109,0.9951171875,0.9912109375,1024.0,0.07946428656578064,0.9873046875,0.5,1024.0
0.04993440955877304,0.49462890625,110,0.9931640625,0.98779296875,1024.0,0.08266898989677429,0.982421875,0.5,1024.0
0.045083511620759964,0.49853515625,110,0.98828125,0.98681640625,1024.0,0.08248952776193619,0.9853515625,0.5,1024.0
0.05322292074561119,0.49853515625,110,0.984375,0.98291015625,1024.0,0.08270716667175293,0.9814453125,0.5,1024.0
0.04983588308095932,0.4951171875,110,0.9912109375,0.986328125,1024.0,0.08303314447402954,0.9814453125,0.5,1024.0
0.03720489516854286,0.50341796875,111,0.9853515625,0.98876953125,1024.0,0.07371582090854645,0.9921875,0.5,1024.0
0.056509289890527725,0.4951171875,111,0.9873046875,0.982421875,1024.0,0.08355686068534851,0.9775390625,0.5,1024.0
0.05214087665081024,0.50146484375,111,0.9814453125,0.98291015625,1024.0,0.08058314025402069,0.984375,0.5,1024.0
0.052624624222517014,0.5029296875,111,0.98046875,0.9833984375,1024.0,0.08282382786273956,0.986328125,0.5,1024.0
0.047633711248636246,0.49462890625,112,0.9931640625,0.98779296875,1024.0,0.08989900350570679,0.982421875,0.5,1024.0
0.05518748611211777,0.49951171875,112,0.9853515625,0.98486328125,1024.0,0.09790734201669693,0.984375,0.5,1024.0
0.04870256036520004,0.49560546875,112,0.9921875,0.98779296875,1024.0,0.09041111171245575,0.9833984375,0.5,1024.0
0.04697554558515549,0.4931640625,112,0.998046875,0.9912109375,1024.0,0.09193341434001923,0.984375,0.5,1024.0
0.05368112772703171,0.49365234375,113,0.9912109375,0.98486328125,1024.0,0.0966668576002121,0.978515625,0.5,1024.0
0.04270512983202934,0.498046875,113,0.9921875,0.990234375,1024.0,0.09000146389007568,0.98828125,0.5,1024.0
0.04414651542901993,0.49755859375,113,0.9921875,0.98974609375,1024.0,0.08611056208610535,0.9873046875,0.5,1024.0
0.03845096006989479,0.49853515625,113,0.994140625,0.99267578125,1024.0,0.08754950016736984,0.9912109375,0.5,1024.0
0.03265395760536194,0.49755859375,114,0.9921875,0.98974609375,1024.0,0.057269513607025146,0.9873046875,0.5,1024.0
0.04590137302875519,0.4951171875,114,0.9912109375,0.986328125,1024.0,0.06180126965045929,0.9814453125,0.5,1024.0
0.03347456455230713,0.49755859375,114,0.9931640625,0.99072265625,1024.0,0.054297640919685364,0.98828125,0.5,1024.0
0.04299287870526314,0.49658203125,114,0.9892578125,0.98583984375,1024.0,0.06358485668897629,0.982421875,0.5,1024.0
0.04954976588487625,0.5009765625,115,0.9833984375,0.984375,1024.0,0.07700338214635849,0.9853515625,0.5,1024.0
0.05009794980287552,0.501953125,115,0.9833984375,0.9853515625,1024.0,0.07554323971271515,0.9873046875,0.5,1024.0
0.05653863772749901,0.50439453125,115,0.98046875,0.98486328125,1024.0,0.07596611231565475,0.9892578125,0.5,1024.0
0.044909797608852386,0.50146484375,115,0.9833984375,0.98486328125,1024.0,0.07833503186702728,0.986328125,0.5,1024.0
0.06571744382381439,0.50390625,116,0.98046875,0.984375,1024.0,0.11479002982378006,0.98828125,0.5,1024.0
0.062263570725917816,0.5068359375,116,0.9765625,0.9833984375,1024.0,0.11421439051628113,0.990234375,0.5,1024.0
0.06646999716758728,0.505859375,116,0.9736328125,0.9794921875,1024.0,0.11170364171266556,0.9853515625,0.5,1024.0
0.06102737411856651,0.50244140625,116,0.982421875,0.98486328125,1024.0,0.11029016226530075,0.9873046875,0.5,1024.0
0.050306908786296844,0.498046875,117,0.9873046875,0.9853515625,1024.0,0.0894765555858612,0.9833984375,0.5,1024.0
0.055827997624874115,0.498046875,117,0.9892578125,0.9873046875,1024.0,0.08605057001113892,0.9853515625,0.5,1024.0
0.04982919245958328,0.49951171875,117,0.9853515625,0.98486328125,1024.0,0.08599261939525604,0.984375,0.5,1024.0
0.05437936633825302,0.49951171875,117,0.986328125,0.98583984375,1024.0,0.08246081322431564,0.9853515625,0.5,1024.0
0.026756148785352707,0.49658203125,118,0.9951171875,0.99169921875,1024.0,0.051318906247615814,0.98828125,0.5,1024.0
0.030980998650193214,0.4970703125,118,0.9951171875,0.9921875,1024.0,0.05461603403091431,0.9892578125,0.5,1024.0
0.05244423821568489,0.49853515625,118,0.9833984375,0.98193359375,1024.0,0.0590413473546505,0.98046875,0.5,1024.0
0.038319602608680725,0.49853515625,118,0.990234375,0.98876953125,1024.0,0.05485580116510391,0.9873046875,0.5,1024.0
0.026089701801538467,0.4931640625,119,1.0,0.9931640625,1024.0,0.0471498928964138,0.986328125,0.5,1024.0
0.028373699635267258,0.4951171875,119,0.998046875,0.9931640625,1024.0,0.053189847618341446,0.98828125,0.5,1024.0
0.02558969333767891,0.49560546875,119,0.9970703125,0.99267578125,1024.0,0.05010039359331131,0.98828125,0.5,1024.0
0.026902485638856888,0.498046875,119,0.9970703125,0.9951171875,1024.0,0.04669487476348877,0.9931640625,0.5,1024.0
0.03447984158992767,0.49658203125,120,0.9931640625,0.98974609375,1024.0,0.04559522494673729,0.986328125,0.5,1024.0
0.03181970492005348,0.49951171875,120,0.9892578125,0.98876953125,1024.0,0.05202356353402138,0.98828125,0.5,1024.0
0.02156250551342964,0.498046875,120,0.9970703125,0.9951171875,1024.0,0.04446559399366379,0.9931640625,0.5,1024.0
0.035345934331417084,0.49072265625,120,0.99609375,0.98681640625,1024.0,0.049378350377082825,0.9775390625,0.5,1024.0
0.032149553298950195,0.4970703125,121,0.994140625,0.9912109375,1024.0,0.04534187540411949,0.98828125,0.5,1024.0
0.031259577721357346,0.49853515625,121,0.9931640625,0.99169921875,1024.0,0.04232925921678543,0.990234375,0.5,1024.0
0.03064790368080139,0.4970703125,121,0.9951171875,0.9921875,1024.0,0.043735571205616,0.9892578125,0.5,1024.0
0.02405497245490551,0.49853515625,121,0.994140625,0.99267578125,1024.0,0.0397610068321228,0.9912109375,0.5,1024.0
0.03353719413280487,0.49658203125,122,0.9931640625,0.98974609375,1024.0,0.03972812369465828,0.986328125,0.5,1024.0
0.02809787169098854,0.5,122,0.9931640625,0.9931640625,1024.0,0.03925979137420654,0.9931640625,0.5,1024.0
0.029432784765958786,0.49609375,122,0.99609375,0.9921875,1024.0,0.043460726737976074,0.98828125,0.5,1024.0
0.02597944252192974,0.49658203125,122,0.99609375,0.99267578125,1024.0,0.03958388417959213,0.9892578125,0.5,1024.0
0.0272817462682724,0.50341796875,123,0.9873046875,0.99072265625,1024.0,0.04257434606552124,0.994140625,0.5,1024.0
0.027666684240102768,0.49951171875,123,0.9912109375,0.99072265625,1024.0,0.04119417816400528,0.990234375,0.5,1024.0
0.026432355865836143,0.49462890625,123,0.99609375,0.99072265625,1024.0,0.03927456587553024,0.9853515625,0.5,1024.0
0.03128814324736595,0.498046875,123,0.9931640625,0.9912109375,1024.0,0.042421381920576096,0.9892578125,0.5,1024.0
0.03436120226979256,0.5029296875,124,0.984375,0.9873046875,1024.0,0.05114983022212982,0.990234375,0.5,1024.0
0.03165941685438156,0.50390625,124,0.9833984375,0.9873046875,1024.0,0.04770877584815025,0.9912109375,0.5,1024.0
0.04420222342014313,0.50732421875,124,0.9765625,0.98388671875,1024.0,0.05225180834531784,0.9912109375,0.5,1024.0
0.0475374311208725,0.509765625,124,0.97265625,0.982421875,1024.0,0.05483546108007431,0.9921875,0.5,1024.0
0.0451994426548481,0.50439453125,125,0.98046875,0.98486328125,1024.0,0.07052506506443024,0.9892578125,0.5,1024.0
0.04192762076854706,0.5078125,125,0.98046875,0.98828125,1024.0,0.06503897905349731,0.99609375,0.5,1024.0
0.04343252629041672,0.50048828125,125,0.984375,0.98486328125,1024.0,0.06614572554826736,0.9853515625,0.5,1024.0
0.041879452764987946,0.5048828125,125,0.982421875,0.9873046875,1024.0,0.06925112009048462,0.9921875,0.5,1024.0
0.07054995000362396,0.5263671875,126,0.939453125,0.9658203125,1024.0,0.07144075632095337,0.9921875,0.5,1024.0
0.07319685071706772,0.52734375,126,0.935546875,0.962890625,1024.0,0.07200800627470016,0.990234375,0.5,1024.0
0.07269269227981567,0.525390625,126,0.94140625,0.966796875,1024.0,0.07092912495136261,0.9921875,0.5,1024.0
0.05084551125764847,0.521484375,126,0.9521484375,0.9736328125,1024.0,0.06691267341375351,0.9951171875,0.5,1024.0
0.07190224528312683,0.53173828125,127,0.92578125,0.95751953125,1024.0,0.07685880362987518,0.9892578125,0.5,1024.0
0.07160784304141998,0.53125,127,0.9326171875,0.9638671875,1024.0,0.07010391354560852,0.9951171875,0.5,1024.0
0.07303553074598312,0.52685546875,127,0.935546875,0.96240234375,1024.0,0.0836058259010315,0.9892578125,0.5,1024.0
0.07816407084465027,0.51904296875,127,0.9521484375,0.97119140625,1024.0,0.08281353116035461,0.990234375,0.5,1024.0
0.04781987518072128,0.51025390625,128,0.9697265625,0.97998046875,1024.0,0.07035510241985321,0.990234375,0.5,1024.0
0.05118473246693611,0.5009765625,128,0.982421875,0.9833984375,1024.0,0.07820332795381546,0.984375,0.5,1024.0
0.05244490131735802,0.50244140625,128,0.98046875,0.98291015625,1024.0,0.07661481201648712,0.9853515625,0.5,1024.0
0.04499809816479683,0.5029296875,128,0.982421875,0.9853515625,1024.0,0.07251064479351044,0.98828125,0.5,1024.0
0.08288334310054779,0.5224609375,129,0.93359375,0.9560546875,1024.0,0.09957872331142426,0.978515625,0.5,1024.0
0.07938434183597565,0.50634765625,129,0.9462890625,0.95263671875,1024.0,0.09828779101371765,0.958984375,0.5,1024.0
0.06758192181587219,0.50634765625,129,0.9599609375,0.96630859375,1024.0,0.09675154089927673,0.97265625,0.5,1024.0
0.06200141832232475,0.48876953125,129,0.9853515625,0.97412109375,1024.0,0.09161363542079926,0.962890625,0.5,1024.0
0.07644093781709671,0.478515625,130,0.9951171875,0.9736328125,1024.0,0.11180798709392548,0.9521484375,0.5,1024.0
0.06553886085748672,0.4814453125,130,0.9951171875,0.9765625,1024.0,0.09930658340454102,0.9580078125,0.5,1024.0
0.07037656009197235,0.4755859375,130,0.994140625,0.9697265625,1024.0,0.09428378939628601,0.9453125,0.5,1024.0
0.07765374332666397,0.4736328125,130,0.994140625,0.9677734375,1024.0,0.08900360763072968,0.94140625,0.5,1024.0
0.0731060802936554,0.47216796875,131,0.994140625,0.96630859375,1024.0,0.08468273282051086,0.9384765625,0.5,1024.0
0.06670238077640533,0.4716796875,131,1.0,0.9716796875,1024.0,0.07310359925031662,0.943359375,0.5,1024.0
0.06307016313076019,0.47412109375,131,1.0,0.97412109375,1024.0,0.07211440801620483,0.9482421875,0.5,1024.0
0.08069241046905518,0.46533203125,131,0.9990234375,0.96435546875,1024.0,0.07911030203104019,0.9296875,0.5,1024.0
0.07166005671024323,0.46435546875,132,1.0,0.96435546875,1024.0,0.06511315703392029,0.9287109375,0.5,1024.0
0.049335233867168427,0.47802734375,132,1.0,0.97802734375,1024.0,0.06166551262140274,0.9560546875,0.5,1024.0
0.06130795180797577,0.4736328125,132,1.0,0.9736328125,1024.0,0.06216271221637726,0.947265625,0.5,1024.0
0.05878695100545883,0.47216796875,132,1.0,0.97216796875,1024.0,0.06600619852542877,0.9443359375,0.5,1024.0
0.04776204377412796,0.48095703125,133,0.9990234375,0.97998046875,1024.0,0.05935923755168915,0.9609375,0.5,1024.0
0.04284188151359558,0.478515625,133,0.9990234375,0.9775390625,1024.0,0.062370337545871735,0.9560546875,0.5,1024.0
0.04344261810183525,0.478515625,133,1.0,0.978515625,1024.0,0.06515166163444519,0.95703125,0.5,1024.0
0.04506172239780426,0.4794921875,133,0.998046875,0.9775390625,1024.0,0.06891381740570068,0.95703125,0.5,1024.0
0.08126744627952576,0.49609375,134,0.96484375,0.9609375,1024.0,0.11987490952014923,0.95703125,0.5,1024.0
0.07559701800346375,0.5126953125,134,0.953125,0.9658203125,1024.0,0.11738894879817963,0.978515625,0.5,1024.0
0.08036655187606812,0.505859375,134,0.9609375,0.966796875,1024.0,0.1182512640953064,0.97265625,0.5,1024.0
0.09066301584243774,0.51123046875,134,0.9501953125,0.96142578125,1024.0,0.1255715787410736,0.97265625,0.5,1024.0
0.06469264626502991,0.50390625,135,0.9697265625,0.9736328125,1024.0,0.10087305307388306,0.9775390625,0.5,1024.0
0.07451269030570984,0.5068359375,135,0.95703125,0.9638671875,1024.0,0.10693299025297165,0.970703125,0.5,1024.0
0.06894680857658386,0.5009765625,135,0.970703125,0.9716796875,1024.0,0.10603607445955276,0.97265625,0.5,1024.0
0.07740036398172379,0.501953125,135,0.9638671875,0.9658203125,1024.0,0.1063990592956543,0.9677734375,0.5,1024.0
0.038860827684402466,0.4873046875,136,0.9931640625,0.98046875,1024.0,0.05269575119018555,0.9677734375,0.5,1024.0
0.039847232401371,0.48388671875,136,0.9931640625,0.97705078125,1024.0,0.05359601229429245,0.9609375,0.5,1024.0
0.04613850265741348,0.4833984375,136,0.9931640625,0.9765625,1024.0,0.055050477385520935,0.9599609375,0.5,1024.0
0.042056888341903687,0.484375,136,0.9921875,0.9765625,1024.0,0.05892781913280487,0.9609375,0.5,1024.0
0.03845486789941788,0.48291015625,137,1.0,0.98291015625,1024.0,0.04394109547138214,0.9658203125,0.5,1024.0
0.03662700206041336,0.482421875,137,1.0,0.982421875,1024.0,0.04922433942556381,0.96484375,0.5,1024.0
0.035083357244729996,0.482421875,137,1.0,0.982421875,1024.0,0.04493245482444763,0.96484375,0.5,1024.0
0.028085391968488693,0.48681640625,137,1.0,0.98681640625,1024.0,0.04313226044178009,0.9736328125,0.5,1024.0
0.02738466113805771,0.49169921875,138,1.0,0.99169921875,1024.0,0.04079163074493408,0.9833984375,0.5,1024.0
0.022336356341838837,0.49267578125,138,0.9990234375,0.99169921875,1024.0,0.04161093384027481,0.984375,0.5,1024.0
0.027635928243398666,0.49169921875,138,0.9990234375,0.99072265625,1024.0,0.04267136752605438,0.982421875,0.5,1024.0
0.025385187938809395,0.4912109375,138,1.0,0.9912109375,1024.0,0.037137217819690704,0.982421875,0.5,1024.0
0.03191426768898964,0.49658203125,139,0.994140625,0.99072265625,1024.0,0.043608158826828,0.9873046875,0.5,1024.0
0.039487313479185104,0.498046875,139,0.9921875,0.990234375,1024.0,0.04106155037879944,0.98828125,0.5,1024.0
0.02561759017407894,0.49853515625,139,0.9970703125,0.99560546875,1024.0,0.037404920905828476,0.994140625,0.5,1024.0
0.03515937551856041,0.50244140625,139,0.9892578125,0.99169921875,1024.0,0.04030252993106842,0.994140625,0.5,1024.0
0.03582441806793213,0.50244140625,140,0.98828125,0.99072265625,1024.0,0.03577381744980812,0.9931640625,0.5,1024.0
0.028218690305948257,0.50048828125,140,0.9931640625,0.99365234375,1024.0,0.033107489347457886,0.994140625,0.5,1024.0
0.027151089161634445,0.49951171875,140,0.9931640625,0.99267578125,1024.0,0.033032532781362534,0.9921875,0.5,1024.0
0.027996577322483063,0.5,140,0.9931640625,0.9931640625,1024.0,0.03221086785197258,0.9931640625,0.5,1024.0
0.022227836772799492,0.5009765625,141,0.9921875,0.9931640625,1024.0,0.03612525761127472,0.994140625,0.5,1024.0
0.02855221927165985,0.50341796875,141,0.9873046875,0.99072265625,1024.0,0.03670033812522888,0.994140625,0.5,1024.0
0.02083570510149002,0.501953125,141,0.9931640625,0.9951171875,1024.0,0.03392094746232033,0.9970703125,0.5,1024.0
0.029432512819767,0.50390625,141,0.98828125,0.9921875,1024.0,0.034596219658851624,0.99609375,0.5,1024.0
0.027173379436135292,0.50439453125,142,0.986328125,0.99072265625,1024.0,0.03250288963317871,0.9951171875,0.5,1024.0
0.024782570078969002,0.50146484375,142,0.9912109375,0.99267578125,1024.0,0.037509486079216,0.994140625,0.5,1024.0
0.03571879118680954,0.50390625,142,0.986328125,0.990234375,1024.0,0.03672422468662262,0.994140625,0.5,1024.0
0.029588619247078896,0.50390625,142,0.9873046875,0.9912109375,1024.0,0.03198741748929024,0.9951171875,0.5,1024.0
0.012263286858797073,0.5009765625,143,0.9970703125,0.998046875,1024.0,0.02789480797946453,0.9990234375,0.5,1024.0
0.010656574741005898,0.49951171875,143,0.998046875,0.99755859375,1024.0,0.0264662466943264,0.9970703125,0.5,1024.0
0.016814952716231346,0.5,143,0.9970703125,0.9970703125,1024.0,0.027798481285572052,0.9970703125,0.5,1024.0
0.014990948140621185,0.50146484375,143,0.994140625,0.99560546875,1024.0,0.028959861025214195,0.9970703125,0.5,1024.0
0.014964241534471512,0.5009765625,144,0.9951171875,0.99609375,1024.0,0.03325026482343674,0.9970703125,0.5,1024.0
0.017600128427147865,0.501953125,144,0.9931640625,0.9951171875,1024.0,0.03419013321399689,0.9970703125,0.5,1024.0
0.01790538616478443,0.5,144,0.994140625,0.994140625,1024.0,0.03376556187868118,0.994140625,0.5,1024.0
0.018095504492521286,0.501953125,144,0.9921875,0.994140625,1024.0,0.031126078218221664,0.99609375,0.5,1024.0
0.026954591274261475,0.509765625,145,0.978515625,0.98828125,1024.0,0.04008376598358154,0.998046875,0.5,1024.0
0.029539816081523895,0.505859375,145,0.9833984375,0.9892578125,1024.0,0.039105694741010666,0.9951171875,0.5,1024.0
0.029172712936997414,0.50634765625,145,0.9853515625,0.99169921875,1024.0,0.04134933650493622,0.998046875,0.5,1024.0
0.03196631371974945,0.5107421875,145,0.978515625,0.9892578125,1024.0,0.04557111859321594,1.0,0.5,1024.0
0.04650440812110901,0.51318359375,146,0.96875,0.98193359375,1024.0,0.04892335087060928,0.9951171875,0.5,1024.0
0.03921882063150406,0.51171875,146,0.974609375,0.986328125,1024.0,0.05405701696872711,0.998046875,0.5,1024.0
0.03851417452096939,0.51220703125,146,0.9736328125,0.98583984375,1024.0,0.04887949675321579,0.998046875,0.5,1024.0
0.04966146498918533,0.513671875,146,0.970703125,0.984375,1024.0,0.05282000079751015,0.998046875,0.5,1024.0
0.03310342878103256,0.509765625,147,0.9765625,0.986328125,1024.0,0.04515556991100311,0.99609375,0.5,1024.0
0.023373398929834366,0.50830078125,147,0.9794921875,0.98779296875,1024.0,0.03980515897274017,0.99609375,0.5,1024.0
0.02948584407567978,0.50439453125,147,0.9853515625,0.98974609375,1024.0,0.04184648394584656,0.994140625,0.5,1024.0
0.03329775109887123,0.505859375,147,0.984375,0.990234375,1024.0,0.04465234652161598,0.99609375,0.5,1024.0
0.01617102511227131,0.50048828125,148,0.9951171875,0.99560546875,1024.0,0.032215654850006104,0.99609375,0.5,1024.0
0.026666566729545593,0.50048828125,148,0.9921875,0.99267578125,1024.0,0.03473363071680069,0.9931640625,0.5,1024.0
0.016427569091320038,0.5009765625,148,0.9951171875,0.99609375,1024.0,0.035689353942871094,0.9970703125,0.5,1024.0
0.020086629316210747,0.4990234375,148,0.9951171875,0.994140625,1024.0,0.03452230989933014,0.9931640625,0.5,1024.0
0.02155427262187004,0.49951171875,149,0.9951171875,0.99462890625,1024.0,0.03600107878446579,0.994140625,0.5,1024.0
0.018196702003479004,0.501953125,149,0.9931640625,0.9951171875,1024.0,0.036277420818805695,0.9970703125,0.5,1024.0
0.022219080477952957,0.50146484375,149,0.9921875,0.99365234375,1024.0,0.03635541722178459,0.9951171875,0.5,1024.0
0.017895532771945,0.49853515625,149,0.9970703125,0.99560546875,1024.0,0.03445211797952652,0.994140625,0.5,1024.0
0.014540234580636024,0.4990234375,150,0.9970703125,0.99609375,1024.0,0.03281302750110626,0.9951171875,0.5,1024.0
0.01743587851524353,0.50048828125,150,0.994140625,0.99462890625,1024.0,0.034298595041036606,0.9951171875,0.5,1024.0
0.017495952546596527,0.50146484375,150,0.9951171875,0.99658203125,1024.0,0.03400309383869171,0.998046875,0.5,1024.0
0.02148914709687233,0.49755859375,150,0.99609375,0.99365234375,1024.0,0.03160259500145912,0.9912109375,0.5,1024.0
0.019534043967723846,0.50048828125,151,0.99609375,0.99658203125,1024.0,0.03316789120435715,0.9970703125,0.5,1024.0
0.018206529319286346,0.49951171875,151,0.9970703125,0.99658203125,1024.0,0.035858336836099625,0.99609375,0.5,1024.0
0.013237940147519112,0.4990234375,151,0.998046875,0.9970703125,1024.0,0.03154248744249344,0.99609375,0.5,1024.0
0.014403637498617172,0.49853515625,151,0.9990234375,0.99755859375,1024.0,0.029980190098285675,0.99609375,0.5,1024.0
0.09346787631511688,0.52392578125,152,0.94921875,0.97314453125,1024.0,0.09596295654773712,0.9970703125,0.5,1024.0
0.09602119028568268,0.525390625,152,0.9482421875,0.9736328125,1024.0,0.0919426828622818,0.9990234375,0.5,1024.0
0.09890706092119217,0.5205078125,152,0.955078125,0.9755859375,1024.0,0.09899528324604034,0.99609375,0.5,1024.0
0.09017594158649445,0.517578125,152,0.9580078125,0.9755859375,1024.0,0.101059690117836,0.9931640625,0.5,1024.0
0.08062620460987091,0.517578125,153,0.9609375,0.978515625,1024.0,0.09102563560009003,0.99609375,0.5,1024.0
0.08505991846323013,0.5234375,153,0.9501953125,0.9736328125,1024.0,0.08276797831058502,0.9970703125,0.5,1024.0
0.07251331210136414,0.5146484375,153,0.962890625,0.9775390625,1024.0,0.08475171029567719,0.9921875,0.5,1024.0
0.05831357091665268,0.51220703125,153,0.970703125,0.98291015625,1024.0,0.0765705555677414,0.9951171875,0.5,1024.0
0.021230828016996384,0.50146484375,154,0.9921875,0.99365234375,1024.0,0.043104857206344604,0.9951171875,0.5,1024.0
0.027127230539917946,0.5009765625,154,0.9921875,0.9931640625,1024.0,0.04435967653989792,0.994140625,0.5,1024.0
0.0364355705678463,0.5,154,0.9873046875,0.9873046875,1024.0,0.052872542291879654,0.9873046875,0.5,1024.0
0.027134183794260025,0.5,154,0.9931640625,0.9931640625,1024.0,0.05025343596935272,0.9931640625,0.5,1024.0
0.026392027735710144,0.49755859375,155,0.9970703125,0.99462890625,1024.0,0.05073823779821396,0.9921875,0.5,1024.0
0.045975733548402786,0.49609375,155,0.990234375,0.986328125,1024.0,0.05422471463680267,0.982421875,0.5,1024.0
0.03343160077929497,0.498046875,155,0.9931640625,0.9912109375,1024.0,0.052534736692905426,0.9892578125,0.5,1024.0
0.032707009464502335,0.5009765625,155,0.9912109375,0.9921875,1024.0,0.05434289574623108,0.9931640625,0.5,1024.0
0.045594338327646255,0.51318359375,156,0.9716796875,0.98486328125,1024.0,0.06547176837921143,0.998046875,0.5,1024.0
0.06343640387058258,0.51025390625,156,0.962890625,0.97314453125,1024.0,0.0746978372335434,0.9833984375,0.5,1024.0
0.049461983144283295,0.5078125,156,0.97265625,0.98046875,1024.0,0.06634075939655304,0.98828125,0.5,1024.0
0.043802376836538315,0.5029296875,156,0.978515625,0.9814453125,1024.0,0.06737660616636276,0.984375,0.5,1024.0
0.06798169016838074,0.51513671875,157,0.9580078125,0.97314453125,1024.0,0.09345313906669617,0.98828125,0.5,1024.0
0.06053658947348595,0.50537109375,157,0.9697265625,0.97509765625,1024.0,0.09275416284799576,0.98046875,0.5,1024.0
0.06181851774454117,0.50830078125,157,0.966796875,0.97509765625,1024.0,0.09252722561359406,0.9833984375,0.5,1024.0
0.06011802703142166,0.5087890625,157,0.9716796875,0.98046875,1024.0,0.0955934077501297,0.9892578125,0.5,1024.0
0.04192439466714859,0.5029296875,158,0.986328125,0.9892578125,1024.0,0.07754167169332504,0.9921875,0.5,1024.0
0.044634319841861725,0.4970703125,158,0.98828125,0.9853515625,1024.0,0.07409736514091492,0.982421875,0.5,1024.0
0.052861299365758896,0.49560546875,158,0.9892578125,0.98486328125,1024.0,0.07690492272377014,0.98046875,0.5,1024.0
0.043447159230709076,0.498046875,158,0.98828125,0.986328125,1024.0,0.07715581357479095,0.984375,0.5,1024.0
0.07028525322675705,0.51123046875,159,0.96484375,0.97607421875,1024.0,0.09376893937587738,0.9873046875,0.5,1024.0
0.05205730348825455,0.5029296875,159,0.9833984375,0.986328125,1024.0,0.09320276975631714,0.9892578125,0.5,1024.0
0.062125515192747116,0.50341796875,159,0.9765625,0.97998046875,1024.0,0.09087736159563065,0.9833984375,0.5,1024.0
0.05964396521449089,0.5,159,0.978515625,0.978515625,1024.0,0.09689871966838837,0.978515625,0.5,1024.0
0.05743568763136864,0.501953125,160,0.98046875,0.982421875,1024.0,0.09131056070327759,0.984375,0.5,1024.0
0.06063651293516159,0.49951171875,160,0.9853515625,0.98486328125,1024.0,0.09921576082706451,0.984375,0.5,1024.0
0.051828235387802124,0.5009765625,160,0.986328125,0.9873046875,1024.0,0.08922615647315979,0.98828125,0.5,1024.0
0.04964662343263626,0.5009765625,160,0.984375,0.9853515625,1024.0,0.0892217606306076,0.986328125,0.5,1024.0
0.0454651415348053,0.49853515625,161,0.9931640625,0.99169921875,1024.0,0.08695726096630096,0.990234375,0.5,1024.0
0.049180563539266586,0.49462890625,161,0.9931640625,0.98779296875,1024.0,0.07792676985263824,0.982421875,0.5,1024.0
0.04641751945018768,0.494140625,161,0.994140625,0.98828125,1024.0,0.0807492733001709,0.982421875,0.5,1024.0
0.044841066002845764,0.5009765625,161,0.9892578125,0.990234375,1024.0,0.07662273943424225,0.9912109375,0.5,1024.0
0.0712830051779747,0.51708984375,162,0.9560546875,0.97314453125,1024.0,0.11023727059364319,0.990234375,0.5,1024.0
0.07524780929088593,0.51220703125,162,0.9609375,0.97314453125,1024.0,0.11205938458442688,0.9853515625,0.5,1024.0
0.07067377120256424,0.50439453125,162,0.9716796875,0.97607421875,1024.0,0.11160977184772491,0.98046875,0.5,1024.0
0.0749858170747757,0.50537109375,162,0.974609375,0.97998046875,1024.0,0.10464109480381012,0.9853515625,0.5,1024.0
0.1077006384730339,0.5185546875,163,0.939453125,0.9580078125,1024.0,0.1264338195323944,0.9765625,0.5,1024.0
0.11015810817480087,0.52734375,163,0.9267578125,0.9541015625,1024.0,0.12624022364616394,0.9814453125,0.5,1024.0
0.08930941671133041,0.50634765625,163,0.958984375,0.96533203125,1024.0,0.12222963571548462,0.9716796875,0.5,1024.0
0.08111536502838135,0.50341796875,163,0.96875,0.97216796875,1024.0,0.11289578676223755,0.9755859375,0.5,1024.0
0.07148025929927826,0.4892578125,164,0.9814453125,0.970703125,1024.0,0.09064578264951706,0.9599609375,0.5,1024.0
0.07322315871715546,0.490234375,164,0.98046875,0.970703125,1024.0,0.08953601121902466,0.9609375,0.5,1024.0
0.07853442430496216,0.482421875,164,0.982421875,0.96484375,1024.0,0.09003852307796478,0.947265625,0.5,1024.0
0.05717543885111809,0.4814453125,164,0.9931640625,0.974609375,1024.0,0.08173860609531403,0.9560546875,0.5,1024.0
0.05670374259352684,0.47705078125,165,0.99609375,0.97314453125,1024.0,0.06759211421012878,0.9501953125,0.5,1024.0
0.04899229854345322,0.47802734375,165,1.0,0.97802734375,1024.0,0.06006155163049698,0.9560546875,0.5,1024.0
0.05775418132543564,0.47509765625,165,0.9990234375,0.97412109375,1024.0,0.06421301513910294,0.94921875,0.5,1024.0
0.038834258913993835,0.48486328125,165,1.0,0.98486328125,1024.0,0.05805007368326187,0.9697265625,0.5,1024.0
0.05411088466644287,0.47802734375,166,0.9970703125,0.97509765625,1024.0,0.07868612557649612,0.953125,0.5,1024.0
0.04816505312919617,0.4853515625,166,0.9970703125,0.982421875,1024.0,0.07529820501804352,0.9677734375,0.5,1024.0
0.04698885977268219,0.48583984375,166,0.998046875,0.98388671875,1024.0,0.07407517731189728,0.9697265625,0.5,1024.0
0.05359921604394913,0.4931640625,166,0.9912109375,0.984375,1024.0,0.0811351090669632,0.9775390625,0.5,1024.0
0.047418009489774704,0.4931640625,167,0.9931640625,0.986328125,1024.0,0.08245193958282471,0.9794921875,0.5,1024.0
0.050993937999010086,0.49365234375,167,0.994140625,0.98779296875,1024.0,0.07966890931129456,0.9814453125,0.5,1024.0
0.036567479372024536,0.4970703125,167,0.9970703125,0.994140625,1024.0,0.07580651342868805,0.9912109375,0.5,1024.0
0.03483480215072632,0.4990234375,167,0.9951171875,0.994140625,1024.0,0.07360221445560455,0.9931640625,0.5,1024.0
0.031065942719578743,0.49365234375,168,0.9990234375,0.99267578125,1024.0,0.04012379050254822,0.986328125,0.5,1024.0
0.024373287335038185,0.49560546875,168,0.9990234375,0.99462890625,1024.0,0.04162021353840828,0.990234375,0.5,1024.0
0.022341161966323853,0.4970703125,168,0.9990234375,0.99609375,1024.0,0.04366416484117508,0.9931640625,0.5,1024.0
0.023447688668966293,0.49560546875,168,1.0,0.99560546875,1024.0,0.041224926710128784,0.9912109375,0.5,1024.0
0.13370834290981293,0.5244140625,169,0.9482421875,0.97265625,1024.0,0.06239659711718559,0.9970703125,0.5,1024.0
0.1210632249712944,0.51416015625,169,0.9658203125,0.97998046875,1024.0,0.05641047656536102,0.994140625,0.5,1024.0
0.12368983030319214,0.521484375,169,0.953125,0.974609375,1024.0,0.06594391167163849,0.99609375,0.5,1024.0
0.13501444458961487,0.51904296875,169,0.955078125,0.97412109375,1024.0,0.0584200844168663,0.9931640625,0.5,1024.0
0.1509963721036911,0.5185546875,170,0.955078125,0.9736328125,1024.0,0.061287298798561096,0.9921875,0.5,1024.0
0.13118407130241394,0.52392578125,170,0.94921875,0.97314453125,1024.0,0.05895550176501274,0.9970703125,0.5,1024.0
0.13067123293876648,0.52392578125,170,0.951171875,0.97509765625,1024.0,0.059493452310562134,0.9990234375,0.5,1024.0
0.14800339937210083,0.52099609375,170,0.95703125,0.97802734375,1024.0,0.06171323359012604,0.9990234375,0.5,1024.0
0.02378598414361477,0.49609375,171,1.0,0.99609375,1024.0,0.04503084719181061,0.9921875,0.5,1024.0
0.02315555512905121,0.4990234375,171,0.99609375,0.9951171875,1024.0,0.04951554536819458,0.994140625,0.5,1024.0
0.026786349713802338,0.4951171875,171,0.998046875,0.9931640625,1024.0,0.05017060413956642,0.98828125,0.5,1024.0
0.029411353170871735,0.49609375,171,0.9970703125,0.9931640625,1024.0,0.04640417546033859,0.9892578125,0.5,1024.0
0.034965239465236664,0.50146484375,172,0.990234375,0.99169921875,1024.0,0.05738171190023422,0.9931640625,0.5,1024.0
0.03677637130022049,0.5009765625,172,0.9892578125,0.990234375,1024.0,0.05642775446176529,0.9912109375,0.5,1024.0
0.03143647313117981,0.4951171875,172,0.99609375,0.9912109375,1024.0,0.05328149348497391,0.986328125,0.5,1024.0
0.03700045496225357,0.498046875,172,0.994140625,0.9921875,1024.0,0.05485944822430611,0.990234375,0.5,1024.0
0.05601084604859352,0.5068359375,173,0.9794921875,0.986328125,1024.0,0.08650597929954529,0.9931640625,0.5,1024.0
0.05999470502138138,0.50537109375,173,0.9755859375,0.98095703125,1024.0,0.09203757345676422,0.986328125,0.5,1024.0
0.06499984860420227,0.50146484375,173,0.9794921875,0.98095703125,1024.0,0.0878150463104248,0.982421875,0.5,1024.0
0.04855915904045105,0.5009765625,173,0.9853515625,0.986328125,1024.0,0.08576932549476624,0.9873046875,0.5,1024.0
0.06349565088748932,0.501953125,174,0.98046875,0.982421875,1024.0,0.10657435655593872,0.984375,0.5,1024.0
0.05540933087468147,0.4970703125,174,0.9892578125,0.986328125,1024.0,0.09876015782356262,0.9833984375,0.5,1024.0
0.04900311678647995,0.4931640625,174,0.994140625,0.9873046875,1024.0,0.08984774351119995,0.98046875,0.5,1024.0
0.057821713387966156,0.49365234375,174,0.99609375,0.98974609375,1024.0,0.09399022161960602,0.9833984375,0.5,1024.0
0.045752234756946564,0.48779296875,175,0.998046875,0.98583984375,1024.0,0.06892501562833786,0.9736328125,0.5,1024.0
0.037655722349882126,0.4912109375,175,1.0,0.9912109375,1024.0,0.06148611009120941,0.982421875,0.5,1024.0
0.044659554958343506,0.484375,175,1.0,0.984375,1024.0,0.0606054849922657,0.96875,0.5,1024.0
0.03463900461792946,0.49072265625,175,0.9990234375,0.98974609375,1024.0,0.05897693336009979,0.98046875,0.5,1024.0
0.03756043314933777,0.48876953125,176,0.9990234375,0.98779296875,1024.0,0.04572386294603348,0.9765625,0.5,1024.0
0.03222253546118736,0.49072265625,176,0.998046875,0.98876953125,1024.0,0.04520653188228607,0.9794921875,0.5,1024.0
0.032217010855674744,0.4912109375,176,0.998046875,0.9892578125,1024.0,0.045613523572683334,0.98046875,0.5,1024.0
0.04285266250371933,0.48486328125,176,0.9990234375,0.98388671875,1024.0,0.04705606400966644,0.96875,0.5,1024.0
0.03300785273313522,0.49169921875,177,0.99609375,0.98779296875,1024.0,0.04384545609354973,0.9794921875,0.5,1024.0
0.021396301686763763,0.49365234375,177,0.9990234375,0.99267578125,1024.0,0.041578374803066254,0.986328125,0.5,1024.0
0.026107877492904663,0.4931640625,177,0.9990234375,0.9921875,1024.0,0.042848940938711166,0.9853515625,0.5,1024.0
0.02659316547214985,0.49560546875,177,0.9970703125,0.99267578125,1024.0,0.042110707610845566,0.98828125,0.5,1024.0
0.024097494781017303,0.49951171875,178,0.994140625,0.99365234375,1024.0,0.03669013828039169,0.9931640625,0.5,1024.0
0.020493220537900925,0.5,178,0.9951171875,0.9951171875,1024.0,0.034588444977998734,0.9951171875,0.5,1024.0
0.025192515924572945,0.4970703125,178,0.994140625,0.9912109375,1024.0,0.03596879541873932,0.98828125,0.5,1024.0
0.028326300904154778,0.5029296875,178,0.9912109375,0.994140625,1024.0,0.03821621090173721,0.9970703125,0.5,1024.0
