#{"t_start": 1651376765.563433, "env_id": "HalfCheetah-v2"}
return,length,time
-682.845888,1000,145.669183
-709.272645,1000,166.535949
-603.847768,1000,175.188037
-632.87281,1000,183.800538
-598.739684,1000,192.091978
-679.501312,1000,315.253431
-752.820537,1000,323.90962
-672.872338,1000,332.324808
-662.781781,1000,341.048917
-661.501851,1000,349.353854
-725.891776,1000,468.96853
-697.734098,1000,478.117911
-652.835545,1000,487.193502
-659.684687,1000,496.033638
-721.140875,1000,504.982888
-690.596903,1000,624.135258
-673.145591,1000,632.726724
-596.047154,1000,641.690353
-867.562291,1000,650.511166
-746.411718,1000,659.062417
-686.610565,1000,777.667592
-653.13644,1000,786.358669
-735.7648,1000,795.101127
-620.306345,1000,803.545644
-798.906647,1000,812.218671
-756.516855,1000,931.96781
-959.653245,1000,940.708112
-764.693856,1000,949.238857
-658.098813,1000,958.109069
-1082.857531,1000,966.860923
-903.930697,1000,1084.385249
-819.589113,1000,1092.969047
-887.575022,1000,1101.597853
-958.170547,1000,1110.503333
-756.302858,1000,1119.3797
-893.297268,1000,1236.601602
-722.153326,1000,1245.198421
-579.4529,1000,1253.936228
-819.883619,1000,1262.331578
-667.034749,1000,1270.777153
-863.536892,1000,1388.303484
-761.336134,1000,1396.556651
-922.360585,1000,1404.997438
-1129.536492,1000,1413.415634
-790.936447,1000,1421.83592
-636.884032,1000,1541.224743
-791.666837,1000,1549.731231
-492.254044,1000,1558.578466
-868.160602,1000,1567.114619
-694.620937,1000,1575.513597
-1004.955701,1000,1694.581575
-695.988329,1000,1703.518559
-796.674595,1000,1712.029893
-778.057722,1000,1720.441389
-915.948474,1000,1728.7093
-719.718072,1000,1854.527503
-723.856011,1000,1864.33741
-749.981393,1000,1873.45867
-703.250212,1000,1882.803277
-684.503131,1000,1892.35374
-617.778135,1000,2027.291466
-717.750002,1000,2036.387201
-791.351956,1000,2046.108393
-752.243696,1000,2055.705892
-704.763479,1000,2064.773731
-934.258759,1000,2189.887648
-637.498425,1000,2198.993545
-768.251664,1000,2208.427808
-804.476386,1000,2217.268925
-642.02405,1000,2226.3662
-730.118226,1000,2346.666842
-621.426486,1000,2355.602686
-710.665878,1000,2364.718335
-775.982356,1000,2373.647764
-507.524403,1000,2382.625594
-560.32849,1000,2501.159396
-664.974112,1000,2509.774226
-707.322815,1000,2518.733094
-365.774222,1000,2527.1006
-632.195695,1000,2535.663074
-582.172275,1000,2654.723518
-734.918762,1000,2663.369688
-607.492468,1000,2671.779472
-454.529028,1000,2680.444765
-489.043571,1000,2689.084379
-527.854513,1000,2804.320971
-742.838857,1000,2813.393273
-631.723885,1000,2822.394862
-598.48671,1000,2831.027633
-457.626623,1000,2839.339885
-374.400913,1000,2956.727562
-484.397102,1000,2965.847463
-504.829366,1000,2974.408522
-664.344032,1000,2983.304588
-471.339891,1000,2992.186538
-427.710478,1000,3108.468981
-450.587157,1000,3117.113186
-413.259422,1000,3125.962605
-288.552165,1000,3134.603007
-129.494596,1000,3143.755723
-314.771223,1000,3262.2117
-356.889923,1000,3271.182566
-47.427309,1000,3280.099802
-335.421344,1000,3289.05132
-241.260221,1000,3298.283572
-520.405474,1000,3420.061583
-31.899971,1000,3429.435142
-1130.663267,1000,3438.554145
-356.038229,1000,3448.279669
-218.088297,1000,3457.161512
-575.432979,1000,3579.086066
-167.377137,1000,3588.544834
-154.245608,1000,3597.593759
-367.409681,1000,3606.281492
-217.990409,1000,3614.567885
-366.043244,1000,3731.110993
-5.306254,1000,3739.613257
-88.824515,1000,3748.720839
-176.888731,1000,3757.382836
-249.761126,1000,3766.082227
133.563883,1000,3882.742648
-1830.663168,1000,3891.788915
72.892209,1000,3900.883443
200.28289,1000,3909.641548
-183.50294,1000,3918.312321
-1057.552817,1000,4035.208148
-13.282591,1000,4044.138617
-140.673144,1000,4052.864836
124.344807,1000,4061.748289
-118.10928,1000,4070.214206
-6.864202,1000,4188.767456
-9.038024,1000,4197.576071
-552.170975,1000,4206.042198
494.987228,1000,4214.42062
7.807472,1000,4222.812841
224.461199,1000,4337.519478
-6.442159,1000,4346.34119
20.755216,1000,4355.048043
-62.552641,1000,4363.576148
-1961.906609,1000,4371.707497
-208.536429,1000,4486.920775
67.367391,1000,4495.749894
237.783165,1000,4504.488662
-1827.658358,1000,4513.14941
216.308835,1000,4521.448349
376.54524,1000,4635.760164
105.640833,1000,4644.323355
260.638064,1000,4652.79193
466.917695,1000,4661.419827
283.251813,1000,4669.819327
-1052.954451,1000,4784.321696
561.651083,1000,4793.280123
25.634265,1000,4801.825433
145.171612,1000,4810.412341
389.468997,1000,4818.768208
370.942525,1000,4936.974939
403.017846,1000,4945.800643
337.336567,1000,4954.344474
522.47119,1000,4963.04714
741.354879,1000,4971.750523
807.648024,1000,5086.137554
-1806.968163,1000,5094.960562
437.827883,1000,5103.997642
544.379392,1000,5112.851339
487.582559,1000,5121.769654
862.652035,1000,5236.66008
388.954695,1000,5245.065483
370.953926,1000,5253.352885
380.513299,1000,5261.990136
817.886658,1000,5270.718812
705.048174,1000,5384.174459
816.373795,1000,5393.166801
799.57387,1000,5401.650779
851.282983,1000,5410.348786
733.26113,1000,5418.843168
-1642.785949,1000,5533.132727
631.565902,1000,5541.695307
663.133952,1000,5550.797598
762.820946,1000,5559.487325
1209.154673,1000,5569.032026
1128.473868,1000,5688.843453
865.277557,1000,5699.064884
684.031774,1000,5709.922729
985.480563,1000,5720.430317
955.278823,1000,5731.340199
690.301234,1000,5862.273135
1119.75357,1000,5871.060277
1172.043886,1000,5879.884577
753.852749,1000,5888.827794
823.861985,1000,5897.675509
1368.200192,1000,6016.916069
672.565015,1000,6025.818449
1392.73288,1000,6034.769404
1060.848357,1000,6043.715006
896.92028,1000,6052.324074
1379.343254,1000,6168.014122
1310.285711,1000,6176.615686
1090.791531,1000,6185.197998
1168.930922,1000,6193.951416
1206.312383,1000,6202.497363
1296.841065,1000,6319.543209
-1726.401846,1000,6328.061682
1544.856407,1000,6336.751778
1142.588522,1000,6345.504757
1514.731095,1000,6354.281135
1215.531771,1000,6471.818477
1437.81912,1000,6480.524477
1330.702437,1000,6489.390929
1411.605963,1000,6498.078331
1546.31895,1000,6506.572541
105.252155,1000,6622.047431
1076.890852,1000,6630.750658
1149.275916,1000,6639.531695
1361.602791,1000,6648.520335
927.585963,1000,6657.838436
1381.815331,1000,6773.144212
1063.571291,1000,6781.953443
1549.129921,1000,6790.544283
1523.579389,1000,6799.218325
1326.664211,1000,6807.8311
1566.139803,1000,6924.183765
1906.467896,1000,6933.053542
-765.52712,1000,6942.141849
-1923.22194,1000,6950.966992
185.251655,1000,6960.04094
1687.588,1000,7077.266368
1381.639873,1000,7085.970907
2017.866116,1000,7094.366754
1317.373383,1000,7103.124274
1782.653988,1000,7111.980139
1756.682847,1000,7226.964308
1649.454885,1000,7235.604097
1698.550245,1000,7244.254338
1711.803134,1000,7252.610976
1812.124837,1000,7261.248357
1698.850824,1000,7375.751817
1902.080423,1000,7384.805815
1284.818903,1000,7393.459251
1910.654913,1000,7401.885451
1945.595137,1000,7410.826588
1832.48131,1000,7526.624374
1972.468527,1000,7534.954862
1445.892128,1000,7543.560094
1827.25658,1000,7551.799686
-387.584501,1000,7560.51159
2058.618084,1000,7675.140297
1804.222952,1000,7683.918703
1929.183513,1000,7692.631973
1752.806752,1000,7701.218593
1998.79087,1000,7709.740657
2021.00888,1000,7824.388611
1865.968439,1000,7833.092639
1941.599534,1000,7841.643411
1816.402347,1000,7850.051785
1986.517397,1000,7858.446715
1500.859859,1000,7973.996921
1707.522937,1000,7982.94811
2157.211994,1000,7991.597221
1804.869648,1000,8000.181164
2246.855273,1000,8008.863862
1979.531692,1000,8124.122031
2060.672425,1000,8132.674235
2286.462289,1000,8140.459178
2343.698792,1000,8148.961835
1904.279823,1000,8157.694476
1649.610623,1000,8273.371453
1797.428855,1000,8282.133123
2216.498648,1000,8290.868299
2111.683881,1000,8299.301277
2415.821617,1000,8308.15289
2271.177712,1000,8421.191445
1817.620195,1000,8429.968554
1907.257747,1000,8438.554707
2158.589079,1000,8447.039373
2411.340406,1000,8456.023833
2431.22405,1000,8567.720576
2652.359123,1000,8576.404032
2284.806702,1000,8584.974482
1386.882687,1000,8593.578215
614.801484,1000,8601.984604
2017.351597,1000,8717.712497
2186.973927,1000,8726.24945
695.226234,1000,8734.979979
2281.781522,1000,8743.704466
2364.805042,1000,8752.555804
2457.757161,1000,8866.354823
2353.86992,1000,8875.052673
2127.038353,1000,8883.668934
1885.229856,1000,8892.214808
2514.22518,1000,8900.740275
1387.914767,1000,9016.454931
2177.948239,1000,9024.88171
2382.35543,1000,9033.848328
2516.276974,1000,9042.804916
2259.946673,1000,9052.313072
2550.682546,1000,9190.776891
2002.336428,1000,9199.874912
2258.22762,1000,9209.111789
2352.778208,1000,9218.202161
2456.822911,1000,9227.495274
2507.212002,1000,9345.70666
2476.334734,1000,9354.523579
2171.93112,1000,9363.371472
2394.849223,1000,9372.429616
2691.694997,1000,9380.750651
2306.590258,1000,9497.536876
2645.505107,1000,9506.130814
2284.279082,1000,9514.875127
2430.248383,1000,9523.749646
2621.057343,1000,9532.409561
2656.004352,1000,9648.301085
2431.336847,1000,9656.874396
2635.988443,1000,9665.295346
2566.880961,1000,9673.674543
2282.967324,1000,9682.127144
510.909896,1000,9800.319167
2569.015164,1000,9809.39055
2304.312413,1000,9818.128611
2327.373838,1000,9826.790569
2530.243006,1000,9835.272517
1041.888744,1000,9953.082355
1145.057836,1000,9962.070246
2405.045393,1000,9971.128704
2351.694773,1000,9980.088545
2430.644633,1000,9989.04681
2429.310982,1000,10102.508595
2748.270437,1000,10110.985055
2754.449122,1000,10119.722923
2419.569522,1000,10128.273345
2622.906436,1000,10136.975957
2694.239045,1000,10249.413239
2726.968578,1000,10258.41473
1609.968086,1000,10266.740318
494.841879,1000,10275.274448
2810.696212,1000,10283.998166
2512.287339,1000,10397.809989
2690.851513,1000,10406.401378
2386.160641,1000,10414.945619
2213.455527,1000,10423.450142
2848.307443,1000,10431.974252
2509.675806,1000,10545.371149
2876.190504,1000,10554.208009
2683.655096,1000,10562.868753
2580.86004,1000,10571.644655
2195.578318,1000,10580.324983
2167.724707,1000,10693.229245
2733.37944,1000,10701.582832
2722.616509,1000,10710.147086
2630.280692,1000,10718.886678
2842.631538,1000,10727.47656
2507.639676,1000,10839.399369
2848.520171,1000,10848.01193
2642.24116,1000,10856.528032
2678.38092,1000,10865.144246
2746.308042,1000,10874.080002
2771.315936,1000,10989.170003
2853.979048,1000,10997.792411
2687.919209,1000,11006.457318
2724.425338,1000,11015.012877
2483.6415,1000,11024.086907
2791.208494,1000,11139.282204
2630.517548,1000,11147.889471
2816.545057,1000,11156.005804
2752.962866,1000,11164.517825
2902.637693,1000,11173.071001
2566.459526,1000,11287.80116
2735.154353,1000,11296.589763
2695.692072,1000,11304.909656
689.533377,1000,11313.557347
2414.178857,1000,11322.434857
2832.769222,1000,11438.967071
2987.05571,1000,11447.382196
-574.011108,1000,11456.267471
2713.653824,1000,11464.887204
2566.785252,1000,11473.675296
2477.505401,1000,11588.95444
2688.132072,1000,11597.862185
2428.465141,1000,11606.40207
2718.123174,1000,11614.0734
2541.823074,1000,11622.705344
2693.311039,1000,11735.919712
1612.600671,1000,11744.69673
1909.421136,1000,11753.044265
2918.270037,1000,11762.000514
2649.640463,1000,11770.671356
2722.836821,1000,11883.329341
2424.727597,1000,11892.189979
2800.102869,1000,11900.899626
2510.891442,1000,11909.848444
2825.086826,1000,11918.242848
2570.65139,1000,12032.653342
2429.716382,1000,12041.605652
2445.853904,1000,12050.125491
2678.578473,1000,12058.758672
2500.623259,1000,12067.679969
2484.631894,1000,12183.002465
2503.251691,1000,12191.916714
2632.505516,1000,12200.309253
2705.21414,1000,12208.971983
2626.835298,1000,12217.894472
2510.046456,1000,12335.506084
2374.249595,1000,12344.710458
2860.229031,1000,12353.597381
-288.20275,1000,12362.613748
2695.371639,1000,12371.486434
2734.640813,1000,12489.650203
2867.625824,1000,12498.250077
2770.957273,1000,12506.893733
1987.129436,1000,12515.679322
2481.916978,1000,12524.602141
732.592999,1000,12644.266343
2685.289918,1000,12653.164218
2540.709823,1000,12662.050244
-631.594616,1000,12671.155502
2500.626285,1000,12680.110754
2692.034934,1000,12794.857647
2747.336602,1000,12803.789763
2360.167011,1000,12812.697764
1452.13899,1000,12821.840877
2795.761883,1000,12831.283939
2789.406638,1000,12951.835959
2689.297215,1000,12961.346443
2696.781215,1000,12970.166297
2878.54777,1000,12979.163776
2740.11213,1000,12988.124487
2623.423991,1000,13111.016558
2914.130843,1000,13119.607561
2638.468448,1000,13128.672382
2571.151187,1000,13137.605153
2655.914674,1000,13146.462369
2794.417137,1000,13270.401602
2704.035803,1000,13279.382215
2673.157191,1000,13288.476568
2709.29708,1000,13297.650549
2567.674955,1000,13306.497131
2752.302487,1000,13432.737722
2743.878854,1000,13442.121951
2008.438859,1000,13451.332319
2830.84883,1000,13460.388257
2710.19476,1000,13469.467611
2746.197698,1000,13591.154803
2136.414197,1000,13600.187586
2770.239876,1000,13609.104841
1373.291563,1000,13618.10052
2815.712056,1000,13627.065673
2760.126402,1000,13748.01283
1289.365287,1000,13757.037058
68.565584,1000,13766.271057
2769.017003,1000,13774.961665
2787.563108,1000,13783.857049
2618.043136,1000,13905.339816
2852.620817,1000,13913.871384
2708.047975,1000,13922.655957
2791.065939,1000,13931.433251
2620.275471,1000,13939.9449
-376.911794,1000,14057.843022
2627.078631,1000,14066.593568
2780.422473,1000,14075.357584
2754.167574,1000,14084.104078
2811.129163,1000,14092.901133
2748.128726,1000,14208.417648
2863.010186,1000,14217.471962
2614.411736,1000,14226.263257
2845.795726,1000,14235.106716
2715.10088,1000,14243.31544
2853.912462,1000,14359.123588
2829.838604,1000,14367.812929
2856.411809,1000,14376.441367
2567.51338,1000,14385.325488
2972.736991,1000,14394.225357
2750.417298,1000,14511.250427
2723.981173,1000,14520.143091
2928.844477,1000,14528.94074
2770.819051,1000,14537.433469
2951.267478,1000,14546.091376
2954.540728,1000,14663.078171
2670.510465,1000,14671.709482
2958.73032,1000,14680.083134
3039.220803,1000,14688.766774
3039.858145,1000,14697.582091
2425.145988,1000,14812.689453
2711.678002,1000,14821.267057
2916.337602,1000,14829.849987
329.632153,1000,14838.380556
2949.282951,1000,14846.717845
2747.901448,1000,14964.210748
995.642561,1000,14972.977677
-167.388362,1000,14981.832612
2886.516641,1000,14990.391163
-236.136029,1000,14999.221788
2885.859367,1000,15115.28754
2649.221203,1000,15123.996548
2888.905332,1000,15133.081418
2820.331258,1000,15141.320485
2768.687302,1000,15149.738746
2867.406417,1000,15266.189069
2943.611495,1000,15274.931724
2857.659806,1000,15283.842399
2860.471697,1000,15292.893575
2929.768979,1000,15301.987031
2907.864024,1000,15425.865641
2810.016654,1000,15434.839974
2748.060838,1000,15443.317827
2729.526088,1000,15452.080405
2815.734993,1000,15461.05631
2971.59864,1000,15578.407422
2814.657434,1000,15587.176854
2793.825269,1000,15596.046865
2813.580943,1000,15604.817492
2689.677496,1000,15613.736271
2892.738358,1000,15730.207758
2677.423563,1000,15739.045341
2753.96682,1000,15747.57229
2811.504459,1000,15756.344233
-541.406225,1000,15765.463974
2671.230823,1000,15879.533381
2167.964855,1000,15888.245895
2561.264456,1000,15897.307693
2940.478729,1000,15906.126401
2881.983403,1000,15915.120974
2837.064107,1000,16035.030996
2731.152082,1000,16043.929724
392.393309,1000,16052.981012
2956.69347,1000,16062.157347
2718.008585,1000,16070.56454
2768.541513,1000,16187.595064
2019.286377,1000,16196.274694
2800.759855,1000,16205.023715
2784.590438,1000,16213.627943
2893.205596,1000,16222.178443
1238.409816,1000,16339.434034
2771.351659,1000,16348.292799
2810.873115,1000,16357.016538
2574.592261,1000,16365.757485
2764.682445,1000,16374.46995
2811.737976,1000,16490.96944
2901.475418,1000,16500.018348
2737.905025,1000,16509.2456
3010.616745,1000,16517.838927
2709.527815,1000,16526.860549
378.900441,1000,16643.694865
2673.470795,1000,16652.422534
1875.971898,1000,16661.01106
2612.099628,1000,16669.517034
3053.183581,1000,16678.316589
2663.4616,1000,16796.021391
2762.43512,1000,16804.537079
2664.336244,1000,16813.322769
2676.017698,1000,16821.766982
2678.541606,1000,16830.429764
2753.183659,1000,16946.735187
801.668465,1000,16955.452633
-554.453179,1000,16964.339386
2744.810248,1000,16973.152804
2803.436638,1000,16981.682417
2859.840948,1000,17099.526477
2908.387931,1000,17108.250821
2878.625885,1000,17117.077062
2839.176002,1000,17125.511406
2506.305747,1000,17134.055721
2791.440508,1000,17246.97249
2803.439709,1000,17255.616568
2756.982839,1000,17264.279598
2937.299578,1000,17272.363751
2827.304459,1000,17280.791065
2842.896832,1000,17394.291451
2851.933981,1000,17402.44647
2557.774751,1000,17410.972312
2954.330155,1000,17419.405075
2729.604447,1000,17428.099237
2835.801103,1000,17541.722152
2826.015442,1000,17550.22121
2808.634399,1000,17558.717928
2968.775094,1000,17567.256642
3030.579826,1000,17575.762306
2719.41325,1000,17689.423998
2801.794772,1000,17697.887062
2935.958196,1000,17706.726416
2744.779143,1000,17715.603542
2823.159766,1000,17724.241264
2887.070973,1000,17840.136744
2868.906254,1000,17849.215428
2783.881024,1000,17858.027271
2927.042928,1000,17866.808301
2834.556504,1000,17875.717406
2880.019274,1000,17990.351845
2942.023108,1000,17998.921319
2730.032057,1000,18007.277569
2922.115214,1000,18015.67059
2885.179157,1000,18024.202198
3004.530826,1000,18136.351689
2799.357704,1000,18144.799316
2925.908612,1000,18153.225563
2953.164325,1000,18161.852988
2854.146257,1000,18170.181174
2978.731699,1000,18281.047592
2853.131738,1000,18289.68886
2862.605736,1000,18298.32112
3036.526356,1000,18307.125709
2917.082573,1000,18315.709803
2888.845071,1000,18426.962895
2817.838468,1000,18435.551744
2904.101356,1000,18444.13648
2922.611129,1000,18452.972474
3027.751542,1000,18461.71074
2834.827361,1000,18575.392813
3035.497676,1000,18583.884794
2964.149418,1000,18592.448647
2905.958358,1000,18601.417273
3064.234604,1000,18609.898496
2876.635978,1000,18723.395878
2986.388919,1000,18732.146122
2963.940739,1000,18740.539774
2838.675279,1000,18749.251787
3076.921243,1000,18757.585704
2950.531444,1000,18872.204738
3128.435857,1000,18880.946434
2989.97728,1000,18889.340167
-1186.284786,1000,18898.123913
2920.029049,1000,18906.509294
2931.541679,1000,19019.499952
2900.082405,1000,19028.056019
2883.560105,1000,19036.463943
2936.911488,1000,19044.992353
3078.183503,1000,19053.231974
2985.57661,1000,19163.158439
2790.528858,1000,19171.806668
2894.565812,1000,19180.579046
2754.417228,1000,19189.506343
3013.27914,1000,19198.388202
2959.388582,1000,19309.627954
2872.734351,1000,19318.177056
2775.871567,1000,19326.344637
2963.026169,1000,19334.719142
2907.501605,1000,19343.32181
2983.933486,1000,19456.56641
2933.037037,1000,19465.016262
2871.604926,1000,19473.780495
2736.768219,1000,19482.285602
2911.986498,1000,19491.007144
2919.681205,1000,19603.770328
2889.118553,1000,19612.528224
2995.793576,1000,19621.528775
1181.168353,1000,19630.473547
3018.259052,1000,19639.008197
2956.724838,1000,19754.987763
2904.844947,1000,19763.432611
2752.654184,1000,19771.875609
3193.179138,1000,19780.192063
2902.536094,1000,19788.548648
2815.449011,1000,19899.351468
2836.077716,1000,19908.61759
2884.962437,1000,19917.082896
2785.729202,1000,19925.676193
2848.138827,1000,19934.007048
2928.602824,1000,20046.007471
2785.217368,1000,20054.443745
-596.013732,1000,20062.993438
2940.563248,1000,20071.801237
2928.704955,1000,20080.666258
2920.68508,1000,20193.473755
2905.29616,1000,20202.249174
2932.767935,1000,20210.54913
2851.21102,1000,20219.368183
3005.955851,1000,20227.579124
3021.318586,1000,20341.305959
2851.480563,1000,20349.818874
2889.50794,1000,20358.455987
2878.926622,1000,20367.107373
2990.944354,1000,20375.592368
3051.235609,1000,20492.011569
2947.255094,1000,20500.427515
2813.962713,1000,20508.801793
2819.54828,1000,20517.272504
3159.162253,1000,20525.876534
2855.604341,1000,20638.103666
3056.812456,1000,20646.618045
3018.344601,1000,20655.153314
3033.010639,1000,20663.774726
2768.737704,1000,20672.522257
3014.990943,1000,20784.391556
2916.484749,1000,20793.280507
2991.528629,1000,20801.728133
3050.326117,1000,20810.223073
2694.143433,1000,20818.905058
3164.850073,1000,20931.202078
3114.145282,1000,20939.729357
2982.255288,1000,20948.412302
2960.300027,1000,20956.957657
2824.936645,1000,20965.834173
2976.163516,1000,21079.627637
3027.667578,1000,21088.36535
2793.391151,1000,21096.622984
3090.149076,1000,21105.232743
3112.193752,1000,21113.857749
2903.344486,1000,21225.236494
2958.984787,1000,21233.791162
3046.402121,1000,21242.58557
2981.667384,1000,21251.513889
3036.585945,1000,21259.866185
2895.512237,1000,21376.009938
2996.414781,1000,21384.457182
3149.169571,1000,21392.916341
3009.609369,1000,21401.331423
2969.476907,1000,21409.808234
2883.999397,1000,21522.659356
2276.462253,1000,21531.361949
3128.401801,1000,21539.762375
2988.483121,1000,21548.361534
2876.930288,1000,21556.61702
3080.503777,1000,21669.728091
2967.006465,1000,21678.430643
2920.267916,1000,21687.089503
2880.489974,1000,21695.549422
2962.59479,1000,21704.043522
2822.040303,1000,21819.683985
2916.024354,1000,21828.332446
2974.590681,1000,21837.166267
2891.109143,1000,21845.995096
653.102354,1000,21854.504533
3110.725184,1000,21968.44344
3073.296487,1000,21977.36995
2937.377979,1000,21986.295056
2669.415034,1000,21995.558238
3043.016626,1000,22004.461285
-2.139701,1000,22119.794932
2963.915068,1000,22128.442257
2973.815582,1000,22137.321567
2946.707669,1000,22145.822646
2931.377782,1000,22154.172666
2933.823179,1000,22271.063957
2885.13467,1000,22279.774994
3062.921269,1000,22288.769979
3008.726847,1000,22297.69737
2963.712716,1000,22306.756917
3009.633569,1000,22426.198765
2959.3142,1000,22435.061427
2810.128002,1000,22444.265635
3016.241832,1000,22453.596297
2850.742828,1000,22462.246975
3089.898697,1000,22582.98547
3033.163764,1000,22592.191219
3050.746886,1000,22600.915945
2876.101772,1000,22610.025792
1275.324857,1000,22619.161769
2838.350922,1000,22738.272988
2808.344969,1000,22747.028345
3011.829992,1000,22755.961944
3109.819907,1000,22764.720294
2998.229723,1000,22773.586356
2998.268007,1000,22892.114539
2903.8947,1000,22900.923571
2849.362238,1000,22909.699658
2913.019573,1000,22918.658362
2842.363387,1000,22927.576748
3106.390748,1000,23047.606275
2692.17007,1000,23056.454807
3016.823166,1000,23065.417516
3057.411846,1000,23074.49194
3056.460298,1000,23083.777115
3087.123196,1000,23203.043408
2848.906543,1000,23211.894069
3128.669251,1000,23220.914599
2962.161103,1000,23229.752257
3054.526606,1000,23238.514134
3046.336642,1000,23360.281242
2940.991356,1000,23369.388694
3034.445666,1000,23378.197562
3155.896082,1000,23387.273217
2943.023621,1000,23396.264422
2963.54361,1000,23514.82771
653.377338,1000,23524.084235
3234.172031,1000,23533.316827
2907.86845,1000,23542.179919
3049.304994,1000,23551.093421
2992.362639,1000,23670.301535
3170.96923,1000,23679.603339
3086.756319,1000,23688.778091
3160.018226,1000,23697.679188
2910.286203,1000,23706.645583
2843.109756,1000,23830.227822
3030.843818,1000,23839.464686
3254.477459,1000,23848.640585
3124.640868,1000,23857.634348
3094.30402,1000,23866.663036
2863.920641,1000,23989.857453
3073.447505,1000,23998.738099
2934.474393,1000,24007.793075
3155.326829,1000,24016.81053
3059.241746,1000,24025.471044
3156.420721,1000,24144.646707
3049.841434,1000,24153.568372
3064.493858,1000,24162.259294
3194.127498,1000,24170.655915
3083.648466,1000,24179.682468
3130.020635,1000,24299.223395
3135.726867,1000,24308.201686
3002.216668,1000,24316.990301
3216.082288,1000,24325.313984
3110.97974,1000,24333.723699
3013.710728,1000,24449.178919
2984.401243,1000,24457.657851
3112.240607,1000,24466.508579
3040.700806,1000,24475.331757
3164.934713,1000,24484.165933
3135.52446,1000,24598.567514
2972.670982,1000,24607.237433
3051.312055,1000,24615.894253
3124.890115,1000,24624.501508
3011.640202,1000,24633.2496
3170.669086,1000,24744.814467
3014.217551,1000,24753.422132
3053.150653,1000,24761.654695
2935.06643,1000,24770.523471
2971.741832,1000,24779.416931
3155.736589,1000,24892.231803
3012.638283,1000,24900.749321
3000.125774,1000,24909.089216
2980.600175,1000,24917.346199
3134.69204,1000,24925.824509
3056.421757,1000,25042.040984
2981.76115,1000,25050.440375
3024.439843,1000,25059.046151
3033.16143,1000,25067.617817
3096.830053,1000,25076.314666
3049.59882,1000,25194.100073
3050.30384,1000,25202.471459
2999.287247,1000,25211.236892
3164.085519,1000,25219.834482
3086.083283,1000,25228.675289
3007.964318,1000,25340.923458
3224.473718,1000,25349.821134
3070.09146,1000,25358.424603
3083.032336,1000,25367.070635
2960.400263,1000,25375.685051
3116.515189,1000,25488.312531
3075.609747,1000,25496.886455
3122.314696,1000,25505.714076
3193.228268,1000,25514.154635
3148.915744,1000,25522.75962
3089.947154,1000,25635.712695
3062.367266,1000,25644.304466
3224.72079,1000,25652.957668
3017.971353,1000,25661.619334
2955.960099,1000,25670.205419
3169.833958,1000,25785.455694
3206.192686,1000,25794.359322
3179.571315,1000,25803.400079
3194.624645,1000,25812.044664
3040.14336,1000,25820.644387
2731.919443,1000,25933.534285
3111.962741,1000,25942.061902
3030.025964,1000,25950.433192
3089.148565,1000,25958.922306
3137.193262,1000,25967.62057
3040.236374,1000,26081.837088
3165.293188,1000,26090.577945
3100.494834,1000,26099.378748
3090.808148,1000,26108.016447
3035.727771,1000,26116.667197
3078.273101,1000,26233.028419
3170.989425,1000,26241.447821
2951.084514,1000,26249.907616
2961.485719,1000,26258.380282
3039.369951,1000,26266.997424
3014.40314,1000,26380.538814
3029.264731,1000,26389.02043
3147.079682,1000,26397.64331
3078.313181,1000,26406.434046
3155.495714,1000,26415.259612
3079.950573,1000,26531.126195
3206.187089,1000,26539.853769
3118.982059,1000,26548.572418
3180.356991,1000,26557.511697
3115.774763,1000,26566.224195
3089.023187,1000,26681.168015
3063.428544,1000,26690.228069
3011.101693,1000,26699.676036
2960.425391,1000,26708.562597
3227.546826,1000,26716.827549
3189.112988,1000,26832.455846
-557.51014,1000,26841.180328
3044.1314,1000,26849.728894
3063.074866,1000,26858.491828
3106.023779,1000,26867.211513
2969.460036,1000,26981.625229
3016.108062,1000,26989.998485
2985.005039,1000,26998.881303
3059.150893,1000,27007.462323
3115.513339,1000,27015.738388
3140.318299,1000,27130.979502
2861.107453,1000,27139.647312
3075.16469,1000,27148.064031
3139.558255,1000,27156.390506
2952.350679,1000,27165.120096
3222.143674,1000,27278.888551
3275.270338,1000,27287.428749
3074.71914,1000,27295.985579
3163.951383,1000,27304.802678
3228.27572,1000,27313.607306
3114.520381,1000,27429.837834
2901.793643,1000,27438.430074
3097.0002,1000,27447.474522
3134.235741,1000,27456.04762
3109.583588,1000,27464.793833
3089.969389,1000,27581.375993
3046.081083,1000,27590.261592
2975.921978,1000,27599.243764
3235.46574,1000,27608.457412
2803.02248,1000,27617.561208
3020.03549,1000,27730.3403
3032.28274,1000,27738.538501
3086.827798,1000,27747.429807
3088.805056,1000,27756.089939
2946.384832,1000,27764.651537
3033.612536,1000,27876.625491
3161.828274,1000,27884.791445
3087.861679,1000,27893.335423
2998.372585,1000,27901.941326
2893.687389,1000,27909.969455
3194.755571,1000,28022.759588
3108.488975,1000,28031.432949
3097.682737,1000,28039.991003
3109.693211,1000,28048.372849
3114.044781,1000,28056.901721
3167.425413,1000,28171.104934
3105.523057,1000,28179.977037
2954.920074,1000,28189.015785
3266.67283,1000,28197.849021
3058.027929,1000,28206.966622
3173.408113,1000,28324.439552
3060.023911,1000,28333.12045
3166.016276,1000,28341.623774
3260.596355,1000,28350.235724
3083.843081,1000,28359.082355
3232.056026,1000,28475.862658
3225.829968,1000,28484.634486
3135.511337,1000,28493.276083
3176.788207,1000,28501.687247
3116.562286,1000,28510.69866
3126.064083,1000,28626.945452
3174.473113,1000,28635.607838
3094.527075,1000,28643.959419
3296.873054,1000,28652.687339
3161.061781,1000,28661.073403
3074.260818,1000,28772.784761
3075.012111,1000,28781.54545
3080.522095,1000,28790.127066
2995.687626,1000,28798.764008
3137.674646,1000,28807.621243
3145.537916,1000,28919.66596
3213.513198,1000,28928.152642
3029.705585,1000,28936.639987
3048.329978,1000,28945.155497
3084.575949,1000,28953.741413
3086.639457,1000,29067.386382
3097.401969,1000,29075.969513
3282.252227,1000,29084.463629
3068.991048,1000,29093.181681
2964.295025,1000,29101.925156
3030.67976,1000,29217.165282
3064.001876,1000,29226.293529
3155.970794,1000,29235.080832
3226.579997,1000,29243.768179
198.550338,1000,29252.484006
2769.211097,1000,29365.990372
3011.332859,1000,29374.263837
3201.575812,1000,29382.986987
3000.438313,1000,29391.509676
3024.462159,1000,29400.478032
3209.438731,1000,29514.152399
2226.054441,1000,29523.089335
3056.675144,1000,29531.852893
3091.469479,1000,29540.384353
2901.923893,1000,29549.142231
3055.281056,1000,29662.882298
2952.275921,1000,29671.592381
3142.874631,1000,29680.006828
3076.649284,1000,29688.736065
3089.36674,1000,29697.27608
3238.260184,1000,29809.402684
3082.05491,1000,29817.958158
3087.915654,1000,29826.703769
3297.068537,1000,29834.981997
3147.235653,1000,29843.504138
3210.576255,1000,29958.588513
3239.403485,1000,29967.038988
1838.486692,1000,29975.783575
3029.515,1000,29984.843624
3135.816935,1000,29993.55847
3002.230173,1000,30109.974101
3136.317898,1000,30118.670004
3066.923663,1000,30127.335606
3221.856543,1000,30135.778825
3144.840527,1000,30144.478659
3009.854844,1000,30262.533414
3129.867492,1000,30271.683469
3151.419482,1000,30280.459889
3349.207048,1000,30289.251825
3010.094775,1000,30298.329965
3240.314522,1000,30414.729397
3160.760348,1000,30423.557061
3223.844276,1000,30432.289092
3121.414345,1000,30441.008909
3315.640818,1000,30449.69605
3051.955062,1000,30567.762457
3007.438675,1000,30576.585321
3275.043377,1000,30585.320556
3193.386111,1000,30594.339994
3085.408446,1000,30603.478058
3266.191652,1000,30718.626855
3262.021463,1000,30728.053289
2979.216694,1000,30736.798402
3012.218857,1000,30745.498563
3042.679344,1000,30754.478721
3169.807773,1000,30870.327054
3104.983437,1000,30878.933628
1645.474701,1000,30888.266319
3258.312296,1000,30897.374493
3258.464392,1000,30906.445338
3265.808174,1000,31025.83426
3185.363574,1000,31034.798723
3149.25758,1000,31043.461802
3077.440187,1000,31052.63389
3127.30183,1000,31061.505019
3081.911408,1000,31184.698639
3219.558966,1000,31193.899222
3281.082759,1000,31203.3231
3228.292887,1000,31212.252098
3274.377368,1000,31221.112154
3336.449364,1000,31341.880306
3202.177312,1000,31350.852483
3220.46698,1000,31359.868181
3248.91877,1000,31368.685584
3312.115451,1000,31376.957392
3137.660333,1000,31494.993443
3415.476047,1000,31504.034855
3317.595309,1000,31512.820157
3176.349784,1000,31521.594208
3258.814567,1000,31530.402755
3183.186599,1000,31647.857783
3163.019169,1000,31656.878037
3278.033774,1000,31665.54731
3132.746873,1000,31674.267966
3191.147135,1000,31683.121043
3233.695188,1000,31800.663682
3208.884774,1000,31809.667223
3320.483633,1000,31818.278726
3141.964335,1000,31827.244694
3283.064983,1000,31836.217302
3027.715821,1000,31952.46103
3154.324416,1000,31961.474263
3048.681634,1000,31970.611593
3397.697588,1000,31979.281292
3392.131614,1000,31988.258708
3421.573692,1000,32106.738142
3223.982424,1000,32115.622799
3095.169423,1000,32124.580265
3278.476686,1000,32133.678072
3133.41995,1000,32142.701964
3323.071314,1000,32259.677906
3179.248113,1000,32268.405955
3333.984749,1000,32277.454758
3159.001068,1000,32286.48115
3073.236888,1000,32295.338139
3332.48746,1000,32412.918287
3221.279536,1000,32421.732006
3219.195913,1000,32430.627934
3228.272543,1000,32439.522498
3304.625113,1000,32448.239593
3319.78582,1000,32565.943213
3116.024446,1000,32575.015084
3153.88124,1000,32584.090672
3460.830661,1000,32592.857087
3218.450412,1000,32601.429842
3283.376339,1000,32718.799384
3225.676011,1000,32727.647411
3350.241541,1000,32736.772089
3288.795063,1000,32745.630807
3342.185235,1000,32754.487921
3279.927394,1000,32873.573614
3217.269928,1000,32882.618496
3332.253169,1000,32891.694415
3426.624633,1000,32900.652274
3372.907804,1000,32909.747844
3216.384773,1000,33028.831919
3223.50792,1000,33037.818645
3299.748323,1000,33046.410024
3128.788523,1000,33054.950265
3374.245767,1000,33063.579058
3279.758472,1000,33178.988988
3203.079803,1000,33188.001111
3347.622274,1000,33196.658144
3347.519445,1000,33205.074606
3278.569593,1000,33213.63645
3319.565841,1000,33331.691666
3281.620803,1000,33340.223974
3261.743455,1000,33348.692138
3147.344348,1000,33357.465192
3256.680714,1000,33366.257243
3361.586068,1000,33479.028034
3275.314851,1000,33487.621637
3175.504799,1000,33495.970223
3117.326639,1000,33504.036141
3427.375217,1000,33512.751063
3226.02065,1000,33626.952231
3272.759232,1000,33635.817797
3097.018242,1000,33644.607819
3291.147743,1000,33652.948466
3059.102772,1000,33661.39916
3381.810235,1000,33777.549451
3113.765864,1000,33786.099584
3246.852096,1000,33794.691768
3288.242264,1000,33803.129336
3278.78001,1000,33811.98372
3273.767675,1000,33926.422413
3226.545638,1000,33935.142101
3225.296058,1000,33943.593685
3342.453471,1000,33952.500559
3259.189491,1000,33961.162694
3372.642304,1000,34076.724133
3096.513681,1000,34085.341531
3372.226091,1000,34094.077542
3293.372814,1000,34102.920627
3309.085132,1000,34112.275374
3310.241845,1000,34230.060423
3410.939373,1000,34238.98882
3384.671102,1000,34248.03578
3344.645089,1000,34257.231066
3227.920149,1000,34266.375226
3297.261382,1000,34383.741534
3409.176234,1000,34392.556109
3231.501992,1000,34400.910496
3180.261632,1000,34409.379174
3354.939258,1000,34417.898369
3340.922008,1000,34533.178034
3171.735112,1000,34541.826404
3430.344745,1000,34550.179691
3192.699816,1000,34558.408747
3215.572032,1000,34566.950881
3282.218381,1000,34682.548365
3310.482615,1000,34691.176488
3352.804465,1000,34700.029966
3324.318247,1000,34709.213606
3374.79457,1000,34718.146361
3306.447029,1000,34834.277544
3392.596758,1000,34842.856017
3183.565897,1000,34851.225255
3454.574727,1000,34859.903745
3358.043547,1000,34868.474034
3511.272386,1000,34980.69446
3399.02731,1000,34989.069961
3282.36135,1000,34997.333795
3235.600661,1000,35005.801649
3528.754992,1000,35014.717959
3380.600876,1000,35129.226029
3326.947627,1000,35137.722039
3166.096561,1000,35146.098989
3421.899198,1000,35154.672446
3410.682038,1000,35163.24873
3416.034862,1000,35275.968677
3383.391722,1000,35284.558373
3204.517038,1000,35293.462755
3245.349343,1000,35302.155822
3313.273857,1000,35311.169462
3410.613384,1000,35425.217027
3321.377895,1000,35433.680863
3270.62965,1000,35442.447273
3363.530326,1000,35451.07872
3400.334462,1000,35459.858907
3185.260876,1000,35574.519013
3282.46783,1000,35582.977159
3547.650554,1000,35591.696523
3225.12069,1000,35600.112796
3408.840832,1000,35608.744568
3457.829126,1000,35723.124508
3274.079983,1000,35732.280909
3386.990252,1000,35740.988851
3471.184346,1000,35749.757774
3405.463051,1000,35758.281983
3436.547827,1000,35871.88841
3379.410931,1000,35880.779681
3413.126064,1000,35889.582937
3449.342795,1000,35898.254776
3180.410037,1000,35906.927428
3315.964311,1000,36018.608037
3356.391222,1000,36027.144152
3617.484128,1000,36035.766054
3390.243404,1000,36044.192775
3284.770497,1000,36052.784475
3455.71086,1000,36166.089855
3372.58424,1000,36174.954783
3400.832942,1000,36183.626354
3431.578282,1000,36192.235909
3310.438486,1000,36200.696841
3389.602515,1000,36314.45756
3527.12706,1000,36322.835818
3381.020645,1000,36331.150918
3152.017282,1000,36339.726954
3536.442772,1000,36348.252065
3363.315078,1000,36460.340213
3349.209297,1000,36469.138425
3300.45182,1000,36478.210734
3357.680832,1000,36486.899332
3393.500286,1000,36496.247226
3452.750723,1000,36610.552972
3405.872035,1000,36619.34305
3384.375927,1000,36628.163923
3467.341583,1000,36636.619258
3365.266957,1000,36645.140392
3262.192918,1000,36758.204222
3154.783506,1000,36766.62321
3428.270351,1000,36775.710561
3307.333047,1000,36784.561931
3442.301365,1000,36793.194877
3352.394558,1000,36908.109045
3336.697339,1000,36916.649087
3304.81992,1000,36925.17714
3487.911261,1000,36933.642969
3545.441963,1000,36942.190835
3182.089158,1000,37056.01647
3529.833988,1000,37064.641697
3406.729658,1000,37073.199651
3360.505382,1000,37081.857365
3555.356835,1000,37090.338388
3548.771348,1000,37201.764464
3409.479368,1000,37210.450855
3331.045189,1000,37218.836035
3460.193103,1000,37227.178708
3460.62592,1000,37235.965524
3452.317205,1000,37348.178509
3557.471298,1000,37356.850249
3450.17798,1000,37365.576675
3571.483933,1000,37374.850063
3371.556333,1000,37383.737817
3362.443607,1000,37500.122504
3329.936919,1000,37508.974352
3340.910183,1000,37517.262743
3316.628059,1000,37525.88159
3448.041389,1000,37534.521729
3375.96673,1000,37647.807435
3399.27122,1000,37656.176781
3108.608992,1000,37664.743244
3343.13054,1000,37673.328269
3437.765995,1000,37681.982884
3377.059795,1000,37796.563755
3393.662362,1000,37804.929958
3297.720804,1000,37813.947226
3294.668518,1000,37822.394124
3397.462006,1000,37830.650774
3278.816287,1000,37944.605304
3299.576213,1000,37953.42392
3265.495049,1000,37961.955588
3310.435249,1000,37970.267932
3335.751026,1000,37978.853503
3313.595671,1000,38093.05136
3553.393293,1000,38101.602298
3438.220333,1000,38110.400261
3444.514142,1000,38118.524541
3406.229325,1000,38127.086709
3547.241346,1000,38242.844788
1579.09368,1000,38251.659282
3339.326682,1000,38260.305667
3250.182006,1000,38269.162171
3370.214644,1000,38277.898016
3517.708055,1000,38397.151621
3435.320616,1000,38406.220067
3491.137657,1000,38415.292909
3102.608017,1000,38424.089316
3222.773502,1000,38432.999964
3567.898327,1000,38547.147787
3306.701467,1000,38555.500663
3454.933272,1000,38563.947507
3228.321255,1000,38572.308216
3456.622359,1000,38580.650652
3438.911978,1000,38693.31274
3497.662048,1000,38701.511408
3446.858036,1000,38710.121478
3581.855752,1000,38718.745146
3243.279237,1000,38727.341784
3279.878701,1000,38839.514726
3313.255687,1000,38848.37149
3524.825208,1000,38857.0612
3442.367918,1000,38865.666343
3518.64896,1000,38874.390157
3305.602622,1000,38992.366605
3346.727352,1000,39001.2288
3484.714916,1000,39009.667759
3263.533374,1000,39018.092001
3520.742333,1000,39026.630004
3055.819574,1000,39140.978575
3376.182451,1000,39149.449647
3305.279012,1000,39158.031263
3336.649428,1000,39166.783625
3484.938537,1000,39175.215153
3441.715898,1000,39287.439448
3304.04798,1000,39296.222606
3415.5345,1000,39304.981889
3457.538112,1000,39313.577653
3162.26168,1000,39322.043026
2011.081469,1000,39436.530307
3146.536187,1000,39444.976308
3470.445423,1000,39453.477543
3435.903071,1000,39461.784824
3585.287453,1000,39470.396254
3235.845935,1000,39581.208993
3352.184151,1000,39589.516315
3448.989675,1000,39598.037684
3385.099829,1000,39605.983933
3467.392781,1000,39614.259062
3378.262989,1000,39724.94939
3325.948779,1000,39733.502448
3237.525089,1000,39742.047642
3274.789305,1000,39750.684694
3392.956179,1000,39759.022548
3207.721244,1000,39870.660683
3340.016303,1000,39879.023111
3548.265346,1000,39887.684499
3186.848741,1000,39896.249445
3535.267205,1000,39904.875013
3177.411197,1000,40016.820884
3280.302583,1000,40025.525132
3322.863352,1000,40033.979669
3330.455421,1000,40042.927043
3084.559806,1000,40051.465085
3474.731992,1000,40164.691949
3477.915408,1000,40173.117839
3294.271931,1000,40182.045622
3345.707462,1000,40190.557246
3288.542418,1000,40199.752024
3330.499185,1000,40312.593451
3372.35964,1000,40321.09898
3246.309136,1000,40329.691575
3312.42346,1000,40338.122263
3239.773257,1000,40346.574719
3449.699091,1000,40459.333032
3298.0287,1000,40468.073231
3557.126345,1000,40476.723805
3478.118401,1000,40485.058478
3403.829831,1000,40493.552777
3361.042539,1000,40605.317076
3291.370091,1000,40613.921185
3323.337147,1000,40622.852181
3278.458832,1000,40631.398105
3402.107599,1000,40639.802348
3412.26985,1000,40752.328449
3391.888981,1000,40760.712366
3282.756141,1000,40769.223746
3369.748427,1000,40777.434407
3466.394459,1000,40786.191803
3436.984532,1000,40898.091227
3439.977279,1000,40906.577489
3570.672086,1000,40915.198113
3317.274812,1000,40923.946934
3437.100577,1000,40932.446126
3505.879703,1000,41046.223679
3510.219862,1000,41054.749448
3355.551927,1000,41063.178166
3430.105862,1000,41071.971402
3319.715994,1000,41080.148616
3362.774753,1000,41192.746964
3372.241124,1000,41201.413206
3588.234524,1000,41209.811251
3402.470811,1000,41218.244125
3417.630637,1000,41226.703992
3360.613382,1000,41339.328147
3375.043153,1000,41348.031024
3272.122803,1000,41356.916788
3098.818972,1000,41365.50089
3230.967971,1000,41374.433962
3365.147064,1000,41487.30359
3322.315174,1000,41495.739791
3409.103185,1000,41504.231652
3470.586764,1000,41512.707352
3327.420622,1000,41521.180578
3376.776309,1000,41635.51875
3370.762781,1000,41643.969235
3415.379434,1000,41652.64006
3515.929744,1000,41660.661833
3397.919878,1000,41669.129472
3461.215299,1000,41785.154717
3408.38315,1000,41793.673709
3360.468524,1000,41802.362681
3359.961049,1000,41811.189529
3185.67537,1000,41820.153591
3386.929829,1000,41936.506021
3558.622069,1000,41945.355208
3535.864603,1000,41954.077705
3410.1505,1000,41962.60105
3440.733561,1000,41971.505454
3445.05097,1000,42086.475695
3462.110563,1000,42095.254588
3359.175766,1000,42103.915757
3387.398528,1000,42112.373419
3442.144524,1000,42120.915432
3335.395601,1000,42234.305785
3354.938204,1000,42243.170292
3213.338757,1000,42252.361109
3458.182483,1000,42261.030994
3489.706384,1000,42269.631814
3558.227092,1000,42383.733909
3636.047167,1000,42392.651735
3295.798856,1000,42401.706462
3449.76397,1000,42410.3659
3551.218584,1000,42419.121607
3283.914073,1000,42536.877922
3380.964268,1000,42545.515612
3559.450415,1000,42554.03646
3262.149377,1000,42562.573586
3313.705146,1000,42571.475492
3384.466568,1000,42686.192698
3351.99053,1000,42694.511605
3278.458402,1000,42703.568571
3467.015326,1000,42711.815672
3340.334644,1000,42720.212434
3367.144447,1000,42833.009685
3547.341052,1000,42841.709095
3432.783831,1000,42850.186994
3231.41914,1000,42858.458413
3196.771288,1000,42867.29501
3420.569588,1000,42980.652942
3432.253918,1000,42988.8569
3452.892433,1000,42997.47578
3488.962447,1000,43006.049649
3459.311887,1000,43014.504786
3434.092453,1000,43125.939477
3530.645362,1000,43134.391431
3209.274461,1000,43143.126999
3319.955116,1000,43152.247635
3494.259745,1000,43160.820486
3289.02411,1000,43272.129352
3160.798216,1000,43280.6423
3518.639591,1000,43289.25217
3446.209106,1000,43297.712172
3302.336035,1000,43305.840364
3318.007217,1000,43417.651064
3542.195654,1000,43425.81021
3248.737706,1000,43433.962497
3244.685672,1000,43442.394415
3319.894863,1000,43450.857409
3439.952274,1000,43561.435483
3592.350045,1000,43570.036825
3276.753006,1000,43578.131846
3461.544873,1000,43586.520437
3393.894898,1000,43594.8448
3365.944503,1000,43705.820668
3531.849246,1000,43714.36734
3424.607935,1000,43723.057726
3256.023595,1000,43731.388762
3448.849869,1000,43740.105908
3450.923301,1000,43854.804349
3380.791565,1000,43863.283499
3388.423362,1000,43871.624143
3395.379176,1000,43879.864105
3502.782652,1000,43888.050663
3282.204845,1000,43997.229796
3463.635777,1000,44005.679082
3419.951213,1000,44014.354724
3449.520741,1000,44022.741943
3403.986129,1000,44031.115805
3378.83213,1000,44142.270628
3325.453975,1000,44150.43197
3493.462379,1000,44159.057231
3404.698087,1000,44167.376817
3258.139714,1000,44175.968119
3417.515708,1000,44290.663422
3467.235625,1000,44299.117794
3403.071308,1000,44307.909012
3533.049124,1000,44316.115979
3540.044184,1000,44324.718259
3539.786119,1000,44436.921503
3419.065382,1000,44445.243032
3462.644641,1000,44453.508713
3192.440959,1000,44462.195351
3288.089782,1000,44470.669246
3413.864032,1000,44584.499065
3385.476343,1000,44592.919656
3543.504859,1000,44601.136285
3546.573241,1000,44609.457086
3309.702215,1000,44617.753352
3459.168167,1000,44730.904571
3405.893577,1000,44739.444054
3360.031747,1000,44747.867103
3303.664126,1000,44756.458989
3215.87746,1000,44764.92751
3431.458818,1000,44876.994559
3445.997777,1000,44885.655207
3412.152409,1000,44894.067796
3355.996624,1000,44902.299659
3474.846998,1000,44910.711041
3566.357974,1000,45023.795994
3346.977964,1000,45032.145819
3472.337413,1000,45040.794434
3466.34009,1000,45049.010303
3426.04941,1000,45057.437465
3407.953182,1000,45170.969119
3463.32,1000,45179.591152
3495.83227,1000,45188.292741
3298.779655,1000,45196.824599
3369.868068,1000,45205.710839
3401.178016,1000,45320.817467
3538.361574,1000,45329.346369
3271.641231,1000,45337.793008
3531.382722,1000,45346.311044
3410.772639,1000,45354.65382
3631.935354,1000,45469.27494
3315.276658,1000,45477.988679
3326.335378,1000,45486.724167
3631.964812,1000,45495.536262
3412.475398,1000,45504.444783
3489.976995,1000,45622.363324
3372.430684,1000,45631.037107
3282.991927,1000,45639.976477
3416.91036,1000,45648.648195
3160.684718,1000,45657.227465
3360.008046,1000,45770.682772
3532.809925,1000,45779.310486
3305.187093,1000,45787.815943
3576.255037,1000,45796.069923
3415.652686,1000,45804.546438
3392.297852,1000,45917.825113
3452.327275,1000,45926.05722
3485.556158,1000,45934.54745
3413.065994,1000,45942.861113
3309.932429,1000,45951.141165
3465.48113,1000,46065.59898
3479.028578,1000,46073.999267
3322.432372,1000,46082.584942
3209.998979,1000,46091.104757
3481.333587,1000,46099.848928
3423.423994,1000,46217.176051
3335.234588,1000,46225.676001
3377.585725,1000,46233.996344
3399.165831,1000,46242.566898
3513.293603,1000,46251.009821
3570.10262,1000,46365.968566
3432.207822,1000,46374.826369
3346.024774,1000,46383.399152
3308.97598,1000,46391.980164
3422.860683,1000,46400.74127
3524.824536,1000,46514.514543
3461.293677,1000,46523.439671
3339.736864,1000,46532.240406
3495.536221,1000,46540.911833
3521.827318,1000,46549.465333
3388.401353,1000,46666.45518
3471.919526,1000,46675.222163
3564.607393,1000,46684.089544
3641.995916,1000,46692.815328
3359.125341,1000,46701.560471
3440.028634,1000,46821.664368
3516.909762,1000,46830.367059
3485.081331,1000,46839.275892
3238.233861,1000,46848.059163
3400.866954,1000,46856.727091
3510.29421,1000,46971.777714
3471.635323,1000,46980.284077
3539.897612,1000,46988.833621
3476.568513,1000,46997.613885
3363.202108,1000,47006.256649
3334.562851,1000,47121.136107
3393.986671,1000,47129.346334
3715.167469,1000,47137.985979
3525.864403,1000,47146.688537
3506.415074,1000,47155.468467
3313.229191,1000,47266.21294
3507.796457,1000,47274.892121
3506.84497,1000,47283.576125
3407.274127,1000,47291.78931
3348.131538,1000,47300.232791
3622.202937,1000,47412.308215
3663.31089,1000,47420.838133
3470.766052,1000,47429.595246
3464.017431,1000,47438.166525
3694.895142,1000,47446.439326
3662.137378,1000,47555.16491
3557.003236,1000,47563.653567
3535.948067,1000,47571.944087
3496.490497,1000,47580.077932
3459.107537,1000,47588.192838
3520.421137,1000,47699.016827
3438.464577,1000,47707.500711
3582.614291,1000,47715.95732
3482.279391,1000,47724.42556
3636.22038,1000,47732.884988
3632.201021,1000,47842.809756
3338.953204,1000,47851.03252
3576.545954,1000,47859.359439
3424.727816,1000,47867.503554
3558.012366,1000,47875.778104
3435.854538,1000,47985.657591
3297.23641,1000,47993.937728
3487.946566,1000,48002.455382
3359.973959,1000,48010.978194
3400.126959,1000,48019.327373
3490.525808,1000,48129.310578
3592.566738,1000,48137.47125
3456.25574,1000,48145.7615
3462.639978,1000,48154.465045
3616.53015,1000,48163.129844
3646.32297,1000,48273.473429
3571.846549,1000,48281.929934
3587.836399,1000,48290.484029
3605.423744,1000,48298.617839
3559.778063,1000,48307.094522
3772.095355,1000,48418.294461
3626.728616,1000,48427.091855
3404.034767,1000,48435.759804
3469.325145,1000,48444.74595
3441.923711,1000,48453.455657
3560.18437,1000,48564.507131
3351.892452,1000,48572.659212
3406.718459,1000,48580.817456
3614.582032,1000,48589.289566
3487.787299,1000,48597.818998
3569.912174,1000,48708.099536
3335.30029,1000,48716.67769
3490.101058,1000,48725.225572
3491.802155,1000,48733.625838
3463.400029,1000,48742.075648
3414.599822,1000,48851.222944
3603.098545,1000,48859.851451
3731.603557,1000,48868.353652
3524.555183,1000,48877.033892
3486.925047,1000,48885.786057
3501.916752,1000,48997.939947
3431.211624,1000,49006.350425
3481.529723,1000,49015.3204
3537.548166,1000,49023.700896
3586.959153,1000,49032.066708
3534.814906,1000,49145.081332
3519.025267,1000,49153.45726
3347.894653,1000,49162.060828
3547.028895,1000,49170.333045
3524.695329,1000,49178.665728
3554.216498,1000,49292.947294
3536.186424,1000,49301.384107
3474.404795,1000,49309.5686
3493.201574,1000,49318.018832
3623.101415,1000,49326.311102
3599.112584,1000,49434.935693
3471.839269,1000,49443.561649
3586.29069,1000,49452.019032
3349.645254,1000,49460.463981
3593.310193,1000,49469.037576
3497.806174,1000,49578.043287
3561.567807,1000,49586.278507
3395.015932,1000,49594.645316
3553.22028,1000,49602.862317
3610.154256,1000,49611.112184
3433.389988,1000,49723.020026
3536.393695,1000,49730.841472
3487.868653,1000,49739.294713
3410.096916,1000,49747.781311
3461.937731,1000,49756.145384
3535.697895,1000,49865.638939
3626.961527,1000,49874.12965
3454.281449,1000,49882.425483
3460.803654,1000,49890.707277
3620.616595,1000,49899.118336
3497.313373,1000,50005.861016
3558.306996,1000,50013.761481
3387.532834,1000,50022.121508
3687.931671,1000,50030.383833
3589.224108,1000,50038.271766
3471.237007,1000,50146.507099
3710.543603,1000,50154.537589
3608.708526,1000,50162.898894
3566.781075,1000,50171.202006
3650.015003,1000,50179.195864
3450.124987,1000,50286.471379
3491.81632,1000,50294.695568
3546.246258,1000,50302.736692
3569.211468,1000,50311.182367
3395.55979,1000,50319.875797
3446.895313,1000,50430.193486
3601.44164,1000,50438.40593
3533.890021,1000,50446.648757
3654.847071,1000,50454.908633
3574.112901,1000,50463.20506
3413.038897,1000,50571.918129
3784.785326,1000,50580.017713
3541.466997,1000,50588.350262
3533.647555,1000,50596.432005
3450.360911,1000,50604.394663
3574.871452,1000,50712.563395
3504.110276,1000,50720.416005
3663.07656,1000,50728.76219
3353.048473,1000,50736.850099
3691.434036,1000,50745.266789
3641.67298,1000,50851.377625
3508.443495,1000,50859.531076
3651.488975,1000,50867.797785
3428.13305,1000,50876.316392
3659.349032,1000,50884.749908
3697.621424,1000,50998.883107
3439.51419,1000,51007.439522
3732.418262,1000,51015.469794
3421.429352,1000,51023.724675
3434.1475,1000,51032.089982
3510.479867,1000,51139.829033
3460.643565,1000,51148.008102
3484.891357,1000,51156.209943
3560.168989,1000,51164.516625
3401.722982,1000,51172.76239
3802.337582,1000,51282.795784
3584.816045,1000,51291.019048
3406.307904,1000,51299.105082
3469.04245,1000,51307.570272
3603.575678,1000,51315.926234
3579.552705,1000,51423.031996
3644.19112,1000,51431.483504
3647.249828,1000,51439.326646
3593.489367,1000,51447.321173
3338.022532,1000,51455.30395
3631.840664,1000,51563.740197
3438.704795,1000,51571.868502
3454.305488,1000,51580.003649
3358.351139,1000,51588.407351
3310.50641,1000,51597.026255
3647.58219,1000,51703.624168
3585.606312,1000,51711.819664
3592.078065,1000,51720.298395
3403.239358,1000,51728.619581
3669.708016,1000,51736.758801
3606.247632,1000,51845.808328
3639.542963,1000,51854.31941
3632.724769,1000,51862.750521
3463.622051,1000,51871.337672
3342.340021,1000,51879.835395
3545.164613,1000,51990.962682
3468.30025,1000,51999.250904
3532.848877,1000,52007.376682
3620.07785,1000,52015.664624
3581.95316,1000,52024.195482
3666.008967,1000,52135.008845
3619.553773,1000,52143.552945
3635.741315,1000,52152.417962
3636.961222,1000,52160.425173
3813.04987,1000,52169.107734
3643.29585,1000,52279.354042
3457.701828,1000,52287.609162
3614.65887,1000,52296.017005
3491.484745,1000,52304.407317
3427.423476,1000,52312.517315
3615.921421,1000,52421.04229
3549.222955,1000,52429.537515
3731.432614,1000,52438.192674
3656.46624,1000,52446.696993
3600.365714,1000,52455.074898
3597.381958,1000,52565.835145
3700.662114,1000,52574.389732
3448.714785,1000,52582.60063
3565.510744,1000,52590.739257
3480.868832,1000,52599.306554
3539.040067,1000,52713.140497
3398.886267,1000,52722.106719
3383.173401,1000,52730.648342
3675.143863,1000,52739.118573
3573.854678,1000,52748.125746
3550.407096,1000,52862.912595
3694.643399,1000,52871.147208
3632.281518,1000,52879.150341
3626.206192,1000,52887.413263
3753.67748,1000,52895.628347
3557.466751,1000,53001.980436
3664.573616,1000,53010.01648
3489.303443,1000,53018.346353
3700.188161,1000,53026.41165
3500.254734,1000,53034.717373
3676.503809,1000,53143.0019
3744.443827,1000,53151.359728
3639.543563,1000,53159.550275
3712.487314,1000,53167.801455
3526.26792,1000,53175.918371
3601.003746,1000,53282.024128
3600.87539,1000,53290.325125
3616.892116,1000,53298.370248
3726.965603,1000,53306.544813
3776.537768,1000,53314.815935
3747.924966,1000,53420.09107
3417.409242,1000,53428.385005
3550.244838,1000,53436.636679
3635.683534,1000,53444.970661
3607.815835,1000,53453.251511
3581.404723,1000,53560.207524
3669.616098,1000,53568.676188
3556.559373,1000,53576.715313
3679.12567,1000,53584.95726
3528.147043,1000,53593.07577
3725.046477,1000,53701.451929
3437.156226,1000,53709.738491
3640.942282,1000,53718.128164
3451.730809,1000,53726.357992
3506.471946,1000,53734.66108
3713.808321,1000,53844.494951
3745.587644,1000,53853.088954
3690.689788,1000,53861.479709
3669.149556,1000,53869.832801
3531.873149,1000,53878.271599
3583.27965,1000,53985.26561
3422.43816,1000,53993.463337
3823.85091,1000,54001.932366
3509.855537,1000,54010.668453
3673.547156,1000,54018.820918
3577.499332,1000,54126.364672
3579.988171,1000,54134.901595
3682.117914,1000,54143.225454
3785.833556,1000,54151.855001
3437.572709,1000,54160.476195
3398.683611,1000,54269.948523
3614.295895,1000,54278.002092
3667.935825,1000,54286.383271
3529.147054,1000,54294.463618
3486.152281,1000,54302.809631
3680.868103,1000,54410.905447
3739.485174,1000,54419.004308
3603.250204,1000,54427.267069
3677.616626,1000,54435.426488
3670.641181,1000,54443.491214
3630.037271,1000,54550.86678
3699.600653,1000,54558.906842
3649.694615,1000,54567.445472
3511.297505,1000,54575.55441
3754.288989,1000,54583.994645
3527.057725,1000,54692.228044
3606.02348,1000,54700.440202
3504.003529,1000,54708.692578
3775.172886,1000,54716.854121
3481.762373,1000,54725.101294
3541.230867,1000,54833.005849
3618.64771,1000,54841.116098
3641.180796,1000,54849.742336
3619.189441,1000,54858.131344
3570.892322,1000,54866.54959
3694.888209,1000,54973.90547
3393.73682,1000,54981.878678
3412.422699,1000,54990.111323
3701.615513,1000,54998.215839
3563.256395,1000,55006.226411
3612.387137,1000,55113.805265
3639.329689,1000,55122.408289
3671.997871,1000,55130.361634
3660.819551,1000,55138.580656
3527.037208,1000,55147.053041
3579.706381,1000,55254.714016
3791.815128,1000,55263.211328
3577.377966,1000,55271.648116
3699.133606,1000,55280.164507
3569.457235,1000,55288.673853
3591.47376,1000,55398.922007
3465.247024,1000,55406.950326
3679.453609,1000,55415.045773
3604.849054,1000,55423.152444
3601.931626,1000,55431.216735
3553.627721,1000,55539.37945
3587.791794,1000,55547.562031
3548.422276,1000,55555.910237
3634.105687,1000,55564.435181
3305.788338,1000,55572.545449
3490.039329,1000,55682.593338
3487.193672,1000,55690.919387
3607.601533,1000,55699.051342
3744.044224,1000,55707.306929
3541.921738,1000,55715.485854
3677.199936,1000,55827.071133
3636.968458,1000,55835.385078
3610.049316,1000,55843.932546
3518.917856,1000,55852.122139
3670.697023,1000,55860.534735
3538.896509,1000,55969.867211
3657.07207,1000,55978.498154
3586.187904,1000,55986.841709
3527.562692,1000,55995.333583
3456.038219,1000,56003.509425
3600.235077,1000,56114.973501
3690.34565,1000,56123.44995
3744.359133,1000,56131.768246
3570.020717,1000,56139.963
3734.210857,1000,56148.486449
3503.681918,1000,56259.137002
3869.413116,1000,56267.490204
3672.589099,1000,56275.527881
3669.054221,1000,56283.59039
3528.806253,1000,56291.815786
3443.199704,1000,56406.949329
3760.87184,1000,56415.65637
3536.453695,1000,56424.181774
3786.926441,1000,56432.81544
3684.383832,1000,56441.608952
3646.922965,1000,56558.349901
3559.466936,1000,56567.118661
3556.011129,1000,56575.540626
3869.11786,1000,56583.70269
3584.475116,1000,56592.239084
3406.705019,1000,56702.751689
3776.596644,1000,56711.347449
3549.671774,1000,56719.796131
3545.037714,1000,56728.32638
3708.356552,1000,56736.503824
3448.162825,1000,56845.276369
3615.042511,1000,56853.681981
3798.071296,1000,56862.268427
3473.720061,1000,56871.012427
3517.753184,1000,56879.526377
3555.827872,1000,56991.556845
3843.555821,1000,57000.065351
-432.297286,1000,57008.58217
3506.028948,1000,57017.052476
3770.69151,1000,57025.445225
3579.492443,1000,57135.449553
3705.355473,1000,57143.761832
3683.656263,1000,57152.372309
3621.429073,1000,57160.716348
3537.735152,1000,57169.097965
3702.791344,1000,57278.078027
3662.203504,1000,57286.451508
3815.386392,1000,57295.008364
3542.036683,1000,57303.424083
3623.205474,1000,57311.956513
3637.097586,1000,57421.605906
3624.166702,1000,57430.040894
3608.374409,1000,57438.40275
3774.08749,1000,57446.700288
3589.29235,1000,57455.181865
3716.37624,1000,57565.282765
3677.447032,1000,57573.341273
3644.551097,1000,57581.715331
3585.499319,1000,57589.883484
3629.833324,1000,57598.070647
3664.423564,1000,57703.76736
3585.736214,1000,57712.106097
3559.566953,1000,57720.877013
3726.06429,1000,57729.559545
3632.27604,1000,57738.241332
3515.723097,1000,57848.332734
3525.581691,1000,57856.845154
3669.141634,1000,57865.305271
3749.927986,1000,57874.494816
3629.353515,1000,57884.766025
3530.745547,1000,58018.111156
3802.531406,1000,58028.251581
3553.62359,1000,58038.390576
3707.495188,1000,58048.547704
3741.955701,1000,58058.957807
3575.165795,1000,58189.47447
3517.070948,1000,58197.934601
3706.404835,1000,58206.048418
3558.502179,1000,58214.329018
3532.525793,1000,58222.450795
3419.386524,1000,58333.262448
3705.523988,1000,58341.632652
3607.111088,1000,58349.754728
3692.155972,1000,58357.915665
3674.997578,1000,58366.088345
3584.628744,1000,58475.127085
3594.741174,1000,58483.582942
3632.898951,1000,58491.91176
1478.465311,1000,58500.223959
3716.99931,1000,58508.592583
3628.380895,1000,58617.750268
3519.419445,1000,58625.80202
3685.480551,1000,58634.061932
3611.595222,1000,58642.416913
3722.687723,1000,58650.591512
3740.782776,1000,58762.620169
3754.386774,1000,58770.79246
3668.641702,1000,58779.449345
3712.924106,1000,58788.255701
3650.531953,1000,58796.63788
3713.281425,1000,58907.701334
3569.990645,1000,58916.369306
3742.466737,1000,58925.006107
3716.566598,1000,58933.479819
3588.27393,1000,58941.771102
3544.262573,1000,59051.523442
3798.854874,1000,59059.509161
3533.541723,1000,59068.055021
3543.563658,1000,59076.335374
3587.450672,1000,59085.221346
3605.97787,1000,59194.499747
3538.913278,1000,59203.02548
3507.623149,1000,59211.815231
3686.209578,1000,59220.670249
3767.944248,1000,59229.422003
3552.235283,1000,59343.787995
3734.150545,1000,59352.094325
3759.763342,1000,59360.572168
3686.739187,1000,59369.210399
3750.901481,1000,59377.949954
3611.868811,1000,59486.245972
3645.129414,1000,59494.361154
3668.118857,1000,59502.275514
3641.431027,1000,59510.400987
3584.238935,1000,59519.024269
