#{"t_start": 1640213142.7901978, "env_id": "HalfCheetah-v2"}
return,length,time
-476.440268,1000,101.139891
-554.526873,1000,114.346419
-621.159587,1000,120.477751
-560.440222,1000,126.383018
-703.245031,1000,131.862789
-704.776069,1000,212.195228
-686.199918,1000,217.710198
-587.56219,1000,223.427595
-655.594502,1000,229.378859
-658.27874,1000,234.738778
-639.332326,1000,314.087067
-848.58296,1000,319.672674
-720.734134,1000,325.384527
-748.877417,1000,330.245157
-692.742029,1000,335.373035
-819.333711,1000,416.82435
-738.525714,1000,424.968073
-615.959216,1000,431.95822
-859.347235,1000,441.578243
-617.556556,1000,456.34837
-649.953645,1000,559.632905
-727.432197,1000,565.648144
-799.752745,1000,571.491776
-829.579387,1000,577.28642
-494.868769,1000,582.882648
-749.58794,1000,662.592134
-711.223565,1000,668.438807
-459.885629,1000,674.127514
-596.67057,1000,679.802917
-668.984508,1000,685.419661
-312.079167,1000,763.128523
-457.123418,1000,768.98352
-697.171551,1000,774.713714
-570.256087,1000,780.59466
-950.352189,1000,786.477929
-452.902534,1000,867.443431
-897.063212,1000,873.001103
-685.167809,1000,878.403779
-770.891981,1000,884.031009
-788.42729,1000,889.612594
-651.133253,1000,975.996053
-648.79358,1000,981.889431
-644.216986,1000,987.464779
-693.891988,1000,993.301772
-569.778726,1000,999.025204
-662.088004,1000,1076.955876
-728.226265,1000,1082.693076
-655.420867,1000,1088.028728
-779.390014,1000,1093.513763
-492.001645,1000,1099.336129
-558.466939,1000,1179.108649
-620.79383,1000,1185.341047
-564.392559,1000,1190.728942
-553.943527,1000,1196.335002
-756.211966,1000,1202.226281
-598.277589,1000,1282.384764
-618.830326,1000,1288.221112
-551.261643,1000,1293.883484
-594.226242,1000,1299.57617
-667.612192,1000,1305.862142
-629.905297,1000,1395.368075
-478.432094,1000,1401.473176
-667.385175,1000,1406.988748
-675.086972,1000,1412.19714
-523.527738,1000,1417.820442
-570.121099,1000,1496.527515
-642.62408,1000,1502.328704
-613.574716,1000,1507.95955
-680.033391,1000,1513.762082
-738.466863,1000,1519.412174
-562.164564,1000,1598.148962
-761.774944,1000,1603.655312
-599.452259,1000,1609.419184
-649.952439,1000,1614.609076
-640.708745,1000,1619.581132
-969.847618,1000,1698.387308
-790.225501,1000,1704.178522
-513.80272,1000,1709.798527
-858.828564,1000,1715.408486
-731.811054,1000,1720.991371
-744.103092,1000,1796.828984
-1319.038879,1000,1802.495975
-810.892249,1000,1807.479059
-574.150482,1000,1813.087805
-728.868543,1000,1818.668532
-828.095596,1000,1897.364474
-497.243909,1000,1903.185004
-693.328355,1000,1908.934607
-778.180933,1000,1914.490662
-675.492448,1000,1919.450102
-1341.256387,1000,1999.182535
-1319.033717,1000,2004.94295
-556.616447,1000,2010.601437
-671.13847,1000,2015.365297
-593.90396,1000,2020.743493
-546.944318,1000,2101.55766
-1014.217947,1000,2107.331703
-830.825759,1000,2113.155926
-638.955341,1000,2118.942051
-527.399668,1000,2124.719486
-638.072451,1000,2204.663713
-668.515703,1000,2210.415583
-553.122633,1000,2216.126134
-630.49009,1000,2221.743811
-539.27304,1000,2227.517911
-659.145416,1000,2312.868975
-999.905346,1000,2318.614949
-1761.785271,1000,2326.291173
-456.617986,1000,2332.143999
-556.215571,1000,2337.789986
-643.006507,1000,2416.82299
-417.433889,1000,2422.483958
-686.289052,1000,2428.334784
-392.404504,1000,2434.163749
-507.086272,1000,2439.917184
-388.996045,1000,2519.027132
-580.549887,1000,2524.525567
-494.585146,1000,2530.262858
-513.053647,1000,2535.995044
-882.622179,1000,2541.808565
-373.339998,1000,2620.598223
-594.794696,1000,2626.313789
-1671.437458,1000,2631.534587
-881.858485,1000,2636.45357
-312.52293,1000,2641.252319
-314.648134,1000,2718.949609
-1096.454338,1000,2724.565767
-540.322546,1000,2730.282075
-1272.811222,1000,2736.039754
-923.835977,1000,2741.747591
-577.408519,1000,2819.888503
-460.080323,1000,2824.676462
-151.244133,1000,2832.432709
-547.582088,1000,2839.174197
-247.731473,1000,2845.147562
-325.769329,1000,2925.317619
-411.948626,1000,2930.982862
-299.193074,1000,2936.947542
-409.070497,1000,2942.671954
-271.296398,1000,2948.396815
-401.564098,1000,3025.78571
-1486.043207,1000,3031.275742
-461.600489,1000,3036.854881
-326.518458,1000,3043.715879
-463.149437,1000,3049.905296
-285.20292,1000,3127.440063
-499.161073,1000,3132.94675
-416.384749,1000,3137.550025
-368.75605,1000,3142.768368
-312.581847,1000,3148.188321
-620.563216,1000,3224.912624
-797.487451,1000,3230.111474
-329.100033,1000,3235.627937
-262.287231,1000,3241.048215
-597.088379,1000,3246.593729
-2084.607827,1000,3322.943427
-552.023867,1000,3328.496763
-598.675717,1000,3334.025479
-276.972532,1000,3339.757071
-680.410839,1000,3345.262386
-366.277166,1000,3421.237834
-572.558629,1000,3426.727683
-431.991068,1000,3432.497002
-470.41069,1000,3438.048582
-571.361817,1000,3443.235808
-2002.551034,1000,3517.25207
-207.542517,1000,3521.685617
-351.425501,1000,3527.289244
-507.310063,1000,3532.740058
-537.450338,1000,3538.206583
-83.309995,1000,3617.288046
-1341.574651,1000,3623.239106
-444.0711,1000,3628.777724
-381.926174,1000,3634.558036
-362.214338,1000,3640.243535
145.312334,1000,3714.089797
-451.635772,1000,3719.682381
-616.013007,1000,3725.186487
-254.912496,1000,3730.418988
-270.472057,1000,3735.583562
-89.999545,1000,3811.290452
-1963.448138,1000,3816.602231
-212.404531,1000,3821.378311
-1118.104042,1000,3825.969895
-41.597524,1000,3831.069818
-23.338617,1000,3906.204587
-126.527586,1000,3911.797312
267.8075,1000,3917.171202
-180.162841,1000,3922.780355
-25.756417,1000,3928.700411
-119.188706,1000,4002.669229
4.528659,1000,4008.206244
-1314.483683,1000,4013.944971
-27.771876,1000,4019.656189
261.91282,1000,4025.132926
-266.852971,1000,4101.145855
153.941657,1000,4106.413821
-19.48822,1000,4111.91959
-820.356019,1000,4117.665913
-1714.470091,1000,4123.222528
-71.060204,1000,4198.182758
67.444967,1000,4203.234031
209.41991,1000,4208.173163
43.166244,1000,4213.808303
261.852044,1000,4219.396346
374.111868,1000,4296.533158
117.592286,1000,4301.77808
-307.490873,1000,4307.245043
384.347336,1000,4312.826422
184.03173,1000,4318.3677
183.878342,1000,4395.916073
-250.146442,1000,4401.413408
155.851284,1000,4406.802677
459.260962,1000,4412.564385
242.601002,1000,4417.895409
189.671752,1000,4493.990527
504.305273,1000,4499.434473
273.866422,1000,4504.613528
378.490538,1000,4510.15786
313.880329,1000,4515.869978
-77.187706,1000,4590.871175
505.21863,1000,4596.071302
446.43687,1000,4601.47016
661.866815,1000,4607.112756
624.305072,1000,4611.937308
452.341194,1000,4686.556254
460.749247,1000,4692.212809
495.239762,1000,4697.336783
416.119856,1000,4702.86277
225.634767,1000,4708.510477
440.536217,1000,4785.666034
564.288496,1000,4791.099702
517.243836,1000,4796.618407
908.306846,1000,4802.237232
666.332098,1000,4807.838392
341.688667,1000,4884.737291
216.220213,1000,4890.176518
-3342.48451,1000,4895.315175
410.408543,1000,4900.14764
-1429.081737,1000,4905.544497
718.594551,1000,4985.968865
866.800153,1000,4991.555454
246.921131,1000,4997.199149
533.102,1000,5002.799368
639.947175,1000,5008.291943
630.965048,1000,5084.400249
975.855932,1000,5089.351511
423.666813,1000,5094.781932
780.3779,1000,5100.391094
848.085783,1000,5105.892327
734.271776,1000,5180.812078
728.634753,1000,5186.155824
841.751312,1000,5191.762014
941.606884,1000,5197.610572
836.21973,1000,5203.257261
798.963845,1000,5280.097422
774.580476,1000,5285.709458
843.610094,1000,5291.34643
709.078139,1000,5296.98641
1123.501236,1000,5302.575436
852.401974,1000,5377.310172
834.957827,1000,5382.771198
1103.71933,1000,5388.55297
780.172296,1000,5393.860536
956.369909,1000,5399.460327
921.385389,1000,5475.823934
976.949683,1000,5480.88323
867.917562,1000,5485.568749
-1270.048738,1000,5490.281101
230.340954,1000,5495.430071
718.200517,1000,5572.791909
1339.059547,1000,5578.346705
800.65605,1000,5583.880527
1193.005763,1000,5589.561977
-943.857389,1000,5594.951615
916.373905,1000,5670.080038
780.659815,1000,5675.291037
907.750518,1000,5680.579479
1006.794454,1000,5686.061269
713.475605,1000,5691.586754
970.994057,1000,5767.850342
934.557048,1000,5773.478147
1055.684854,1000,5779.05184
836.976478,1000,5784.632974
1277.455302,1000,5790.217503
1090.072164,1000,5868.715895
1415.409961,1000,5874.420963
979.997311,1000,5880.740164
1210.362572,1000,5886.076906
1183.384623,1000,5891.602127
954.016924,1000,5966.553932
732.435925,1000,5972.323571
1222.858809,1000,5978.132962
1068.28265,1000,5983.82898
1046.763907,1000,5989.441416
1120.941721,1000,6064.320456
1376.66409,1000,6069.620985
907.708525,1000,6076.114182
1208.671358,1000,6081.736833
1542.425773,1000,6087.542805
1181.634024,1000,6162.777301
1220.442268,1000,6168.445448
1169.627551,1000,6174.086769
1428.954318,1000,6179.49654
1549.37239,1000,6185.173884
1420.739139,1000,6263.170505
1336.688763,1000,6268.586503
1547.562241,1000,6273.374914
1404.337849,1000,6278.286521
1491.064061,1000,6283.786809
1230.948663,1000,6360.404864
1327.455575,1000,6366.024677
-876.148309,1000,6371.798003
-668.448543,1000,6377.725574
1491.640102,1000,6383.588768
1217.805635,1000,6460.85579
1228.064063,1000,6466.432345
517.740202,1000,6472.194997
1514.740828,1000,6477.76651
1250.515038,1000,6483.396856
1429.27365,1000,6561.012288
1424.990237,1000,6566.582001
1409.0529,1000,6572.173014
-695.595988,1000,6577.991802
1527.193238,1000,6583.615016
1375.513989,1000,6661.374378
908.676025,1000,6666.424502
1377.57836,1000,6671.089027
1459.229397,1000,6676.462026
1603.308795,1000,6682.064595
1338.704454,1000,6758.3414
1326.49798,1000,6763.973163
1508.252262,1000,6769.729952
1704.95358,1000,6775.045474
1292.751539,1000,6780.095249
1516.56016,1000,6856.292999
1259.656818,1000,6861.47764
1266.061764,1000,6867.296492
1275.453356,1000,6872.946657
1257.500326,1000,6878.641423
1254.29818,1000,6956.982842
1336.5144,1000,6962.772107
1505.203601,1000,6968.446346
1114.411176,1000,6974.239264
1391.646871,1000,6980.009259
1349.802683,1000,7055.666874
1478.460972,1000,7061.345082
1575.167895,1000,7067.166525
-349.753274,1000,7073.032663
1375.183338,1000,7078.820927
1383.957429,1000,7156.634592
1543.288436,1000,7162.344527
1774.124432,1000,7168.021286
1349.296526,1000,7173.829984
1665.45279,1000,7179.377741
1761.721054,1000,7255.183325
1215.803412,1000,7260.627092
1534.91003,1000,7266.223293
1562.791953,1000,7271.9301
1562.086779,1000,7277.657968
1654.882888,1000,7354.122224
1677.002494,1000,7359.680309
1642.8657,1000,7365.394523
1686.259766,1000,7370.984848
1533.490162,1000,7376.577281
1642.909714,1000,7455.905013
1589.435608,1000,7461.507651
1773.198735,1000,7467.354892
1554.260021,1000,7473.047063
1421.453515,1000,7478.496343
1581.589471,1000,7558.342278
1623.386291,1000,7564.308229
1845.632703,1000,7570.306653
1804.162248,1000,7575.420206
1492.732023,1000,7581.010302
1814.298091,1000,7658.708773
1759.928728,1000,7664.484361
1754.207829,1000,7670.280147
1656.239697,1000,7676.441828
1517.61703,1000,7682.269572
1588.143035,1000,7759.857118
1461.681819,1000,7764.734451
1864.342088,1000,7770.014981
1835.282693,1000,7775.681029
1854.946611,1000,7781.352722
-973.946467,1000,7860.944513
1832.618755,1000,7866.478152
1957.174841,1000,7871.669781
1764.70392,1000,7876.943193
1704.958128,1000,7882.790076
43.19819,1000,7961.917892
1696.443549,1000,7967.693328
1869.93766,1000,7973.491982
1855.97047,1000,7979.331608
1847.150361,1000,7985.141804
1340.466429,1000,8064.885204
1597.894923,1000,8070.766914
1752.867132,1000,8076.544511
1793.688371,1000,8082.355335
1828.687974,1000,8088.139221
1953.079748,1000,8167.653603
1822.802033,1000,8173.558063
1815.260518,1000,8179.368151
1696.512487,1000,8185.132593
1920.283754,1000,8190.280985
1645.642305,1000,8268.447158
1572.97419,1000,8274.333719
1936.82593,1000,8279.774884
2162.014603,1000,8285.149958
1981.136355,1000,8290.30616
1915.246172,1000,8368.400888
2066.454686,1000,8374.18881
1959.800921,1000,8379.775255
1845.081122,1000,8385.516424
1801.382028,1000,8390.707182
1875.818866,1000,8467.163936
2015.315801,1000,8472.900992
1987.858466,1000,8479.038201
1747.263112,1000,8484.875399
1943.353291,1000,8490.749395
2235.238125,1000,8568.818467
2126.141624,1000,8573.773974
2215.933719,1000,8579.439889
2081.270755,1000,8585.432532
2198.350485,1000,8591.286058
1899.645428,1000,8667.279163
2189.319506,1000,8672.695196
2016.892011,1000,8678.199672
2160.127983,1000,8683.736242
2235.823446,1000,8689.733298
2146.827519,1000,8767.38784
2035.694345,1000,8773.050528
-244.500144,1000,8777.76753
2051.037512,1000,8782.34513
2048.127206,1000,8787.459422
2210.97137,1000,8860.397908
2034.394315,1000,8865.004832
2009.149202,1000,8870.454364
2071.983707,1000,8875.680421
2163.4517,1000,8880.832537
-294.091652,1000,8954.614033
2124.221549,1000,8959.373364
2201.903475,1000,8964.138432
2158.675029,1000,8968.966662
2203.784249,1000,8974.671208
2164.104658,1000,9049.563894
2239.160106,1000,9055.048493
1917.825443,1000,9060.506172
2269.306255,1000,9066.09441
2208.916582,1000,9071.651927
2238.90072,1000,9146.203876
2214.2092,1000,9151.187848
2260.187925,1000,9156.893817
2413.285626,1000,9162.502099
2248.706031,1000,9168.097593
2077.197011,1000,9246.520292
2162.427261,1000,9252.430901
1961.988763,1000,9258.245071
2274.38714,1000,9263.896913
2272.343254,1000,9269.43181
2135.610278,1000,9346.714586
2295.641232,1000,9351.574959
2239.268339,1000,9357.156009
2227.205773,1000,9362.996738
1982.002831,1000,9369.038294
2352.091446,1000,9447.92472
2317.34365,1000,9453.818392
2090.113276,1000,9459.53405
2214.623657,1000,9465.008
2083.519697,1000,9470.74613
2161.782527,1000,9585.215956
2024.172443,1000,9591.743009
2268.781377,1000,9597.082446
2147.984567,1000,9602.463518
2246.6351,1000,9608.88401
2023.757061,1000,9688.813256
2250.132744,1000,9693.79878
2479.112155,1000,9699.869021
1840.865067,1000,9705.177509
2257.503891,1000,9710.73266
2170.038084,1000,9794.23574
2237.744933,1000,9800.152832
2402.292773,1000,9805.88372
2410.149597,1000,9810.924348
2286.731159,1000,9815.974433
2391.856504,1000,9898.293024
2369.089011,1000,9904.372433
2359.009039,1000,9910.097386
2454.973482,1000,9916.913818
2461.648538,1000,9922.749629
2290.040697,1000,10002.820102
2135.450109,1000,10008.218534
2297.733146,1000,10013.259518
2405.495996,1000,10018.836524
2503.308186,1000,10024.763293
2001.034765,1000,10118.757241
2396.726185,1000,10126.374537
2105.008305,1000,10132.984671
2374.399759,1000,10139.744004
2464.044263,1000,10148.311476
2380.622926,1000,10276.658675
2401.721979,1000,10283.826108
2523.010355,1000,10292.172399
2575.556145,1000,10299.069293
2443.525332,1000,10305.431792
2386.336473,1000,10424.91066
2383.808448,1000,10431.433667
2174.262943,1000,10437.595149
2515.357252,1000,10443.727608
2379.21744,1000,10452.94604
2471.404276,1000,10554.43044
2279.738156,1000,10564.193327
2244.617155,1000,10573.621249
2540.697118,1000,10580.900203
2605.392767,1000,10588.218853
2459.426454,1000,10730.705557
2450.023437,1000,10741.612506
2617.197796,1000,10751.90378
2481.514663,1000,10777.674881
2415.823546,1000,10794.273269
-1191.598951,1000,10973.204584
2718.687653,1000,10987.634613
2445.296219,1000,11000.046351
2495.265063,1000,11010.278145
2521.233452,1000,11026.612657
2489.012149,1000,11170.661369
2494.858607,1000,11205.252901
2312.285699,1000,11221.781292
2546.15012,1000,11237.575204
2531.781923,1000,11267.753361
2660.456213,1000,11370.039424
2550.271015,1000,11471.341855
2751.417608,1000,11477.244726
2731.759191,1000,11485.458772
2349.416575,1000,11507.530141
2551.669514,1000,11746.258198
2652.67175,1000,11753.579882
2677.576548,1000,11776.029552
-764.760678,1000,11801.847377
2648.838947,1000,11816.999263
2634.185689,1000,11903.575463
2572.667739,1000,11924.036552
2306.935189,1000,11942.043866
2502.798576,1000,11955.75295
-288.383893,1000,11993.126741
2727.44099,1000,12157.650143
2482.145283,1000,12171.245833
2667.859016,1000,12179.381341
2695.795569,1000,12190.157362
2539.166003,1000,12208.074872
2623.38107,1000,12337.577764
2522.156491,1000,12346.881737
2607.109668,1000,12353.178942
2693.610785,1000,12363.335668
2624.639609,1000,12377.939484
-1027.815414,1000,12498.524413
2404.948048,1000,12508.563702
2464.000883,1000,12514.610971
2595.692109,1000,12522.113525
2747.309139,1000,12528.823492
2562.506529,1000,12616.048343
2680.813516,1000,12621.703456
2681.284037,1000,12627.602918
2638.023387,1000,12633.967161
2534.727411,1000,12639.836328
2637.829039,1000,12717.878094
-478.153027,1000,12723.655902
2874.218755,1000,12729.401
2689.684884,1000,12735.07013
2596.668427,1000,12740.93778
2673.861563,1000,12820.444363
2696.015026,1000,12826.301265
2548.155063,1000,12831.824023
2529.419949,1000,12837.851553
2617.737626,1000,12843.845277
905.987584,1000,12956.934746
2716.436921,1000,12964.514169
2562.008156,1000,12972.381146
2524.151829,1000,12979.171837
2728.39931,1000,12986.459273
2822.475204,1000,13076.711642
1762.157087,1000,13083.460772
2713.517821,1000,13090.119871
2600.605692,1000,13096.937447
2731.358398,1000,13103.68851
2686.478632,1000,13206.111626
2667.230933,1000,13214.076953
2797.866163,1000,13222.583662
2721.847409,1000,13233.042798
2581.855,1000,13239.918616
2755.698272,1000,13347.154639
2662.411564,1000,13355.08654
2675.228794,1000,13363.218223
2764.426164,1000,13370.988874
2746.02944,1000,13378.282928
2613.102343,1000,13486.396241
2870.653161,1000,13493.880396
1978.796148,1000,13500.308871
2761.729222,1000,13507.085853
2730.278512,1000,13515.339024
2847.31449,1000,13598.32703
2806.516261,1000,13604.07348
2298.670704,1000,13609.87622
2752.770966,1000,13615.605703
2832.977839,1000,13621.574018
2609.384475,1000,13722.687005
2764.60051,1000,13728.838999
2526.744102,1000,13736.026091
2765.44142,1000,13744.203839
2574.36915,1000,13750.742057
2685.800478,1000,13847.012938
2961.238467,1000,13853.67768
2773.575466,1000,13860.370407
2609.319802,1000,13867.381674
2762.926798,1000,13875.056004
2679.607603,1000,13977.76927
2572.820801,1000,13984.703487
2286.36497,1000,13991.897557
2832.181413,1000,13998.590227
2708.673512,1000,14005.446464
2821.997263,1000,14105.413393
2741.828214,1000,14112.264337
2783.574594,1000,14119.985573
2672.539993,1000,14126.535732
2907.13883,1000,14133.449036
2564.135163,1000,14234.236198
2819.018783,1000,14240.070092
2772.650776,1000,14245.58704
2896.031996,1000,14251.420651
2846.723207,1000,14258.26525
2860.460798,1000,14368.722866
2854.832035,1000,14375.02709
2730.027613,1000,14384.624099
2651.588893,1000,14392.10932
2728.771311,1000,14398.367106
2653.082281,1000,14481.279941
2733.384415,1000,14488.009036
2762.671328,1000,14500.075125
2723.112988,1000,14510.226284
2757.440076,1000,14518.311905
2971.217783,1000,14612.798986
2017.356107,1000,14618.600307
2864.142138,1000,14624.317282
2762.786444,1000,14630.022126
2682.216386,1000,14635.779862
2822.683261,1000,14715.524237
2839.383229,1000,14721.351404
2739.361931,1000,14727.338323
2799.77017,1000,14733.290325
2751.286921,1000,14739.132654
2803.434566,1000,14819.901487
2948.393854,1000,14825.783273
2780.611084,1000,14831.474287
2691.429051,1000,14837.184978
2925.192233,1000,14842.667367
2759.340778,1000,14923.514378
2723.986032,1000,14929.232384
2748.539871,1000,14935.055823
-237.577948,1000,14940.780213
2841.749479,1000,14948.563218
2837.296528,1000,15042.417514
2749.606048,1000,15050.394283
2796.892008,1000,15057.895688
2953.544084,1000,15065.596904
2844.414268,1000,15072.92147
2744.912904,1000,15156.755917
2859.227417,1000,15162.647413
2738.759218,1000,15168.380321
2784.164259,1000,15174.275183
2900.094549,1000,15180.211539
2782.745027,1000,15260.677774
2724.313476,1000,15267.134059
2846.951489,1000,15274.36791
2784.159687,1000,15279.576698
2676.275825,1000,15284.948448
2985.378388,1000,15377.453199
2801.162299,1000,15384.463168
2902.704778,1000,15390.018167
2815.625511,1000,15395.665075
2679.658492,1000,15401.545155
2789.583378,1000,15488.109681
2787.737131,1000,15493.950806
2741.412672,1000,15500.401939
2819.368761,1000,15506.061725
2755.093187,1000,15512.66489
2557.435005,1000,15599.273899
2525.597416,1000,15604.669266
2870.880579,1000,15611.106439
2797.382094,1000,15617.928136
2670.259313,1000,15624.429221
2823.616843,1000,15700.59636
2808.322737,1000,15706.14378
2512.289738,1000,15711.603245
2781.729065,1000,15717.214288
3018.365272,1000,15722.710848
2754.811561,1000,15802.653553
2881.625055,1000,15808.055322
2393.271084,1000,15815.026052
2856.654243,1000,15824.282858
2832.935495,1000,15840.285427
2919.075423,1000,15936.234477
2680.809492,1000,15943.06561
2625.825098,1000,15950.07004
2761.452222,1000,15956.661862
2819.412507,1000,15962.431928
2696.252823,1000,16043.913951
2819.106384,1000,16049.436447
2781.705913,1000,16055.551842
2822.046231,1000,16061.460145
2597.204864,1000,16067.845633
2986.173313,1000,16155.381804
2904.747276,1000,16162.016723
2916.186622,1000,16168.571164
2806.756432,1000,16174.523733
3022.626989,1000,16181.315455
2888.360985,1000,16274.953687
2913.258655,1000,16280.790588
2589.063918,1000,16287.228598
2857.600794,1000,16293.9966
2755.923794,1000,16300.90478
2785.40125,1000,16391.737883
2899.38607,1000,16397.602339
2992.95576,1000,16403.867981
2485.267561,1000,16409.89014
2521.84485,1000,16415.997303
2693.164709,1000,16505.96387
2752.025416,1000,16512.962011
2722.647725,1000,16519.85557
2716.251735,1000,16530.440844
2635.927027,1000,16536.525058
2806.802384,1000,16634.175506
2647.937398,1000,16641.220098
2924.095312,1000,16646.529644
2740.054225,1000,16653.689786
2797.036757,1000,16660.819304
2713.58438,1000,16763.0236
2859.059637,1000,16769.774084
2678.965512,1000,16776.479636
2766.361321,1000,16784.758014
2874.022604,1000,16792.924742
2839.051274,1000,16883.629319
2695.882903,1000,16889.451101
3031.901375,1000,16895.071022
2846.752933,1000,16902.365549
2790.120589,1000,16908.447814
2688.868927,1000,17001.362243
2717.500564,1000,17007.565509
2952.937909,1000,17014.818858
2767.028955,1000,17022.386433
2773.481676,1000,17029.110693
2891.301474,1000,17119.298384
2706.349641,1000,17125.991843
2817.770047,1000,17133.024443
2671.92919,1000,17140.57632
2871.439581,1000,17148.039003
2813.834935,1000,17245.394473
2587.8135,1000,17251.448486
2645.264957,1000,17260.046138
2868.809732,1000,17267.741671
2876.660277,1000,17273.558408
2775.610419,1000,17403.789282
2687.541538,1000,17414.462639
2950.665046,1000,17428.806313
2471.573261,1000,17440.865464
2952.245091,1000,17447.67745
2947.048361,1000,17591.66001
2955.425981,1000,17604.418088
3012.50348,1000,17618.287812
2822.921701,1000,17626.996471
2650.396548,1000,17633.45881
2741.273624,1000,17751.991184
2802.154871,1000,17758.070373
2912.315226,1000,17766.395331
2873.549921,1000,17774.08908
2558.942702,1000,17781.224806
2837.366477,1000,17884.836321
2812.156082,1000,17892.705417
2753.338819,1000,17899.138182
2879.649688,1000,17905.914006
2887.958864,1000,17912.589055
2953.372837,1000,18030.024193
2905.398737,1000,18037.113942
2905.998778,1000,18045.19522
2773.583913,1000,18054.181555
2879.664143,1000,18060.849442
2850.912807,1000,18163.181817
2792.564704,1000,18170.951803
2968.923965,1000,18179.479416
2611.326136,1000,18184.84906
3008.495095,1000,18190.366529
2949.759681,1000,18279.913158
2688.935866,1000,18286.286145
1029.484862,1000,18292.555956
2916.265763,1000,18298.568779
2864.981984,1000,18304.895826
2971.469377,1000,18392.796978
3095.751264,1000,18398.859348
3064.283387,1000,18405.415181
2785.915157,1000,18411.607133
2862.142257,1000,18417.326879
2767.228,1000,18507.365415
2757.887976,1000,18513.972184
2529.372272,1000,18519.968328
2881.146346,1000,18525.492687
2906.44664,1000,18531.898566
3026.374171,1000,18621.166132
2921.047431,1000,18626.848541
2638.001226,1000,18632.709232
2880.100873,1000,18639.154466
2795.385727,1000,18645.693301
2956.770561,1000,18732.550832
2849.421746,1000,18738.965892
2692.549686,1000,18745.132504
2693.965053,1000,18751.408803
3001.469389,1000,18757.499629
2830.210807,1000,18848.684514
2991.33259,1000,18855.913865
2791.615316,1000,18861.659952
2903.013094,1000,18867.933088
2845.790744,1000,18874.441455
2935.493156,1000,18966.455571
2975.667612,1000,18972.069685
2950.338374,1000,18978.081756
2891.540552,1000,18984.557411
2770.755114,1000,18991.498916
2864.728841,1000,19078.668331
2933.589538,1000,19084.964269
2794.534905,1000,19090.89715
2888.420731,1000,19097.304556
2789.113816,1000,19103.622886
2737.194111,1000,19189.849091
2892.823098,1000,19195.277953
2841.018898,1000,19201.745065
2713.647355,1000,19207.977579
2915.556323,1000,19214.719529
2858.418471,1000,19302.553326
2924.83939,1000,19309.145844
2778.751912,1000,19315.842781
2889.228334,1000,19322.419229
2798.270768,1000,19328.833146
2971.755033,1000,19417.699619
2935.801492,1000,19423.970294
2882.004395,1000,19430.109387
2924.865037,1000,19436.778672
2945.437885,1000,19443.322162
2962.404856,1000,19534.531532
2701.275372,1000,19541.325965
2816.790051,1000,19547.916669
2864.383961,1000,19555.206779
2876.362388,1000,19562.242196
3019.872235,1000,19658.318797
2790.575956,1000,19665.234082
2683.717238,1000,19671.329367
2930.911538,1000,19677.715927
2903.91831,1000,19684.398022
2921.295774,1000,19774.927501
2948.006589,1000,19782.287075
2951.60947,1000,19790.136799
2906.772046,1000,19797.054361
2851.642318,1000,19804.126069
2916.128879,1000,19901.638972
3011.426796,1000,19909.508164
2874.068662,1000,19917.235708
2882.210402,1000,19924.002203
2752.364155,1000,19930.928925
2627.594032,1000,20025.009881
3022.092753,1000,20031.846534
2999.892586,1000,20038.678886
2859.031947,1000,20045.657485
2963.298397,1000,20054.488359
2970.064296,1000,20158.273461
2882.205558,1000,20167.505908
2761.487206,1000,20174.494293
2853.722427,1000,20182.423951
3010.056986,1000,20191.643153
2904.154196,1000,20327.008969
2811.284551,1000,20336.639132
2690.65919,1000,20347.448014
2854.811188,1000,20353.487023
3036.527744,1000,20361.793243
2977.604545,1000,20446.41998
2864.471834,1000,20452.711701
2859.627053,1000,20459.850963
2916.558561,1000,20465.947757
2819.787829,1000,20471.928385
2813.793011,1000,20553.589784
3010.396479,1000,20559.184274
2755.403861,1000,20565.031978
2869.489,1000,20571.35401
2923.746755,1000,20576.743984
3131.566565,1000,20655.029124
3036.52059,1000,20660.822662
2886.048988,1000,20666.29103
2840.159038,1000,20672.174673
2978.615307,1000,20677.953386
2594.114694,1000,20758.752723
-1039.963642,1000,20765.484986
3028.018542,1000,20771.682048
2833.010359,1000,20777.407175
3000.236327,1000,20783.079726
2839.839542,1000,20863.805423
2822.009466,1000,20869.066843
2963.407354,1000,20874.742001
3049.429682,1000,20880.596864
2967.089715,1000,20886.696124
2927.892418,1000,20973.696198
2564.286129,1000,20979.860013
2862.749336,1000,20985.28844
2985.117709,1000,20990.9426
2853.426078,1000,20996.927503
2871.375414,1000,21073.400861
2987.334596,1000,21078.975648
2926.119009,1000,21084.844913
2825.998824,1000,21090.526402
2932.541477,1000,21096.045186
2976.751407,1000,21175.813769
2989.671504,1000,21181.524485
3048.381562,1000,21187.313705
2957.606387,1000,21192.767728
3006.027683,1000,21198.485917
2931.742388,1000,21275.18922
3021.455449,1000,21280.781907
3128.394814,1000,21286.47545
2971.556387,1000,21292.231897
3069.708548,1000,21298.330679
3095.283328,1000,21375.256407
2787.360197,1000,21380.724182
3005.240284,1000,21386.4338
3018.111553,1000,21392.218869
2790.289045,1000,21397.762589
3068.447521,1000,21473.215013
3160.242654,1000,21479.259923
2760.048697,1000,21485.218812
2818.935531,1000,21490.768879
3010.592928,1000,21496.322799
3054.135219,1000,21571.015388
2997.945981,1000,21576.550979
3044.134509,1000,21582.158096
2718.199917,1000,21587.799536
3025.942333,1000,21593.467796
2895.413308,1000,21671.689104
3020.402179,1000,21677.268996
3061.29905,1000,21682.84712
3343.99077,1000,21688.584417
3069.583297,1000,21694.729046
295.323771,1000,21771.686613
2994.21993,1000,21777.276327
2937.984337,1000,21782.622828
3058.974858,1000,21788.123074
2983.282886,1000,21793.834991
3016.315653,1000,21871.647079
2979.320674,1000,21877.370467
2837.670754,1000,21882.986091
2961.91093,1000,21888.586939
3127.525633,1000,21894.398887
2981.423797,1000,21971.117612
3044.681401,1000,21976.87207
2875.852574,1000,21981.866841
3087.79442,1000,21987.370759
3111.503183,1000,21993.073769
3215.846303,1000,22069.584887
3002.392285,1000,22075.358051
3132.637527,1000,22081.130915
3097.594355,1000,22086.794197
3039.554696,1000,22092.446176
3166.216723,1000,22170.440021
3066.618005,1000,22176.076654
3018.28692,1000,22181.566427
3076.498617,1000,22187.116679
3008.803096,1000,22191.924416
2949.322584,1000,22270.461191
3147.634488,1000,22276.176234
3037.510164,1000,22281.756873
2868.019945,1000,22287.527833
3142.727668,1000,22293.159601
3047.564552,1000,22370.916798
3085.980897,1000,22376.516926
3056.352811,1000,22382.102925
3122.720353,1000,22387.87388
3242.76455,1000,22393.665275
3125.421084,1000,22470.083801
3092.258198,1000,22475.453015
3196.190641,1000,22480.612095
3112.135298,1000,22486.129332
3174.024222,1000,22491.713167
3220.027352,1000,22566.570314
3045.876186,1000,22572.43447
3158.038554,1000,22577.394433
3169.321646,1000,22582.874116
2943.20709,1000,22588.537951
2854.344517,1000,22665.221844
3179.989246,1000,22670.927855
2999.565019,1000,22676.701256
3087.789066,1000,22682.321591
3106.216712,1000,22688.167194
3133.31868,1000,22764.449037
2995.153717,1000,22769.380615
3246.010603,1000,22774.602767
3311.860456,1000,22780.134179
3219.96072,1000,22784.963444
3383.078311,1000,22862.594883
3171.985196,1000,22868.475058
2956.532651,1000,22874.387123
2992.596436,1000,22880.218993
3261.498962,1000,22885.880483
3060.513222,1000,22963.263362
3336.33669,1000,22968.813226
3097.406164,1000,22974.880318
3057.556963,1000,22980.595828
2930.604866,1000,22986.173754
3226.611328,1000,23063.182756
3324.842547,1000,23068.938588
3003.949395,1000,23074.714506
3326.018669,1000,23080.34288
3010.325999,1000,23085.619014
3082.89208,1000,23163.568918
3004.207095,1000,23169.583035
3098.096586,1000,23175.124856
2964.449319,1000,23179.918957
3311.391203,1000,23184.787646
3078.172436,1000,23261.937743
3031.56654,1000,23267.68063
3104.742304,1000,23273.409157
3187.846378,1000,23279.078776
3200.09868,1000,23284.909687
3221.628109,1000,23362.117514
3144.575441,1000,23367.71364
3031.05484,1000,23373.37164
3137.221545,1000,23379.185345
3037.456682,1000,23384.949446
3067.127501,1000,23462.435036
3129.643696,1000,23467.906589
3135.443799,1000,23473.682642
3088.008918,1000,23479.478261
2708.080643,1000,23485.111932
2933.911915,1000,23563.092913
3116.87737,1000,23568.69122
3171.753626,1000,23574.304854
3065.969235,1000,23580.127548
3148.141641,1000,23585.027411
3271.706125,1000,23663.29866
3165.718794,1000,23668.905628
3166.911703,1000,23674.351064
3073.826116,1000,23679.977836
3165.667128,1000,23685.380844
3223.652037,1000,23764.619826
3071.734924,1000,23770.399278
3149.973822,1000,23776.416286
3379.717134,1000,23782.220231
3283.082091,1000,23787.945415
3215.072836,1000,23861.846717
3164.150955,1000,23867.606079
3071.178614,1000,23873.26758
2988.103259,1000,23878.95143
3065.664197,1000,23884.860608
3144.795713,1000,23963.251784
3069.467347,1000,23968.997326
3341.44251,1000,23974.621097
3105.236611,1000,23980.283767
3145.727913,1000,23985.907524
3057.195509,1000,24063.255095
3095.044474,1000,24068.838189
3303.587465,1000,24074.791001
3077.40584,1000,24080.32428
3126.917292,1000,24086.067842
3207.362823,1000,24164.340317
3264.601167,1000,24169.984153
3070.786239,1000,24175.327823
3149.208805,1000,24180.40337
3039.880796,1000,24185.531329
3232.23228,1000,24264.251093
3272.901797,1000,24270.151739
3088.865721,1000,24275.676318
3280.835089,1000,24281.305397
3308.236714,1000,24286.88406
3138.556136,1000,24363.518596
3408.084132,1000,24369.041959
3141.591995,1000,24375.171621
3171.249801,1000,24380.866619
3281.49633,1000,24386.574743
3193.473718,1000,24461.860719
3305.708489,1000,24467.310154
3104.482037,1000,24472.819988
3342.050022,1000,24478.480244
3376.081468,1000,24484.320222
3209.658508,1000,24561.218759
3272.895715,1000,24566.858699
3224.619668,1000,24572.12672
2904.292627,1000,24577.681076
3502.897587,1000,24583.224939
3315.483442,1000,24663.396496
3193.032328,1000,24668.883415
3183.489126,1000,24674.673287
3275.892178,1000,24680.737197
3273.973484,1000,24686.392417
3301.698671,1000,24764.379692
3344.058354,1000,24769.952929
3222.216097,1000,24775.567931
3215.866371,1000,24781.117055
3182.302125,1000,24786.823449
3368.668559,1000,24865.894519
3350.159452,1000,24871.742485
2962.343675,1000,24877.003258
3287.908501,1000,24881.825785
3366.656834,1000,24887.470711
3203.598826,1000,24964.086372
3222.975626,1000,24969.862011
3145.177994,1000,24975.436531
3199.808519,1000,24980.313082
3181.81337,1000,24985.199108
3214.81055,1000,25061.013344
3413.525274,1000,25066.80667
3180.419718,1000,25072.187973
3178.625907,1000,25077.776892
3352.773578,1000,25083.510726
3179.169985,1000,25162.195987
3065.570184,1000,25167.891923
3259.228824,1000,25173.673452
3273.859195,1000,25179.393575
3315.129379,1000,25184.908526
3315.991701,1000,25263.073258
3234.309164,1000,25268.71952
3111.066174,1000,25274.479109
3322.558484,1000,25280.469304
3375.312852,1000,25286.219276
3245.034113,1000,25364.602521
3432.268109,1000,25370.596938
3156.700569,1000,25376.194062
3377.184225,1000,25381.719527
3063.295824,1000,25387.316023
3286.01978,1000,25465.445117
3343.330286,1000,25470.857442
3331.782604,1000,25476.612125
3307.73456,1000,25482.144591
3353.541204,1000,25487.756233
3118.326791,1000,25564.575912
3201.039066,1000,25570.169294
3299.880903,1000,25575.752114
3133.973723,1000,25580.506694
3191.001297,1000,25585.672417
2947.699263,1000,25661.482108
3148.773415,1000,25667.260365
3256.548733,1000,25672.692722
3196.021589,1000,25678.121574
3008.049237,1000,25683.738384
3313.998801,1000,25760.438392
3401.396097,1000,25765.378163
3149.175269,1000,25770.701719
3426.150094,1000,25776.415031
3163.328176,1000,25781.996578
3210.1427,1000,25859.327188
2813.520297,1000,25864.921791
3105.358612,1000,25870.455638
2927.249078,1000,25876.003741
3192.150164,1000,25881.631294
3297.779502,1000,25958.791768
3335.409656,1000,25964.477153
3360.24902,1000,25970.317598
3186.859952,1000,25975.957785
3243.264067,1000,25981.847445
3029.310071,1000,26059.840591
3186.366691,1000,26065.531371
3334.202362,1000,26071.308929
3286.193371,1000,26076.900451
3182.110378,1000,26082.401891
3167.066919,1000,26160.589144
3304.326691,1000,26166.125199
3367.219918,1000,26171.657697
2995.254328,1000,26177.046468
3263.473329,1000,26182.711317
3240.960338,1000,26259.334063
3104.429458,1000,26265.118582
3162.769074,1000,26270.814704
3283.94119,1000,26276.377669
3184.562903,1000,26282.034258
3308.78489,1000,26359.201436
2924.950148,1000,26364.948106
3096.120132,1000,26370.853186
3141.485446,1000,26376.582887
3246.27381,1000,26382.132026
3110.100341,1000,26459.372846
3219.085972,1000,26464.874722
3180.734248,1000,26470.600607
3182.094427,1000,26476.262855
2950.004504,1000,26482.052099
3261.334285,1000,26559.573325
3262.267273,1000,26565.495364
3229.891281,1000,26571.281489
3006.35381,1000,26576.801813
2900.665808,1000,26582.983283
3031.862001,1000,26660.472595
3197.686807,1000,26665.984771
3215.187411,1000,26671.987955
3343.351475,1000,26677.733635
3009.636757,1000,26683.489843
3264.448319,1000,26759.571784
3098.357291,1000,26765.392854
3163.27497,1000,26771.095009
3110.370067,1000,26776.804664
3224.960895,1000,26781.536637
3137.30999,1000,26863.070255
3172.5747,1000,26868.695368
3152.366341,1000,26874.633454
2861.571041,1000,26880.41571
3260.624977,1000,26886.111621
3181.463783,1000,26963.863018
3403.440945,1000,26969.462613
3354.272359,1000,26975.599329
3208.190132,1000,26981.390115
2956.519639,1000,26987.127522
3280.514364,1000,27063.589296
3257.054907,1000,27069.265261
3107.018874,1000,27075.005167
3380.07366,1000,27080.712412
3213.575149,1000,27086.396064
3178.913133,1000,27165.031617
3202.496677,1000,27170.613791
3370.847048,1000,27176.247182
3223.495889,1000,27181.730016
3352.864589,1000,27187.474307
3078.573912,1000,27264.224592
3326.222533,1000,27270.115966
3076.018494,1000,27276.033065
2780.143094,1000,27281.704386
3193.84481,1000,27287.487024
3185.966372,1000,27366.786124
3261.263821,1000,27371.538484
3271.845129,1000,27377.05869
3239.50417,1000,27382.903077
3084.771498,1000,27388.783189
3258.481646,1000,27465.221284
3129.094416,1000,27470.972772
3174.933546,1000,27476.633425
3133.762657,1000,27482.565144
3166.68101,1000,27488.29205
3195.790305,1000,27566.686676
3156.644155,1000,27572.424755
3212.299965,1000,27578.509993
3017.712413,1000,27584.420103
3121.867081,1000,27590.41666
3350.327244,1000,27667.319753
3153.505627,1000,27672.918975
3136.595001,1000,27678.681962
3201.611329,1000,27684.391363
3065.489997,1000,27690.284712
3256.493532,1000,27768.238416
3232.608581,1000,27773.836963
3186.089528,1000,27779.581908
3269.219168,1000,27784.806059
3349.60139,1000,27789.62534
3279.904378,1000,27867.513272
3184.38535,1000,27873.474048
3294.097413,1000,27879.461377
3265.181152,1000,27885.265856
3341.728583,1000,27891.090939
3018.237737,1000,27969.073301
3349.392945,1000,27974.940324
3214.991859,1000,27980.540371
3264.659971,1000,27985.793576
3348.247039,1000,27991.108522
3312.7229,1000,28069.485267
3380.708407,1000,28075.18241
3209.554207,1000,28080.912798
3345.384251,1000,28086.663579
3236.886843,1000,28092.2569
3303.423314,1000,28171.408029
3187.307096,1000,28176.309776
3216.765098,1000,28181.368347
3237.548794,1000,28186.796631
3261.359817,1000,28192.480618
3251.515757,1000,28269.264088
3163.876795,1000,28275.068254
3206.155525,1000,28280.726782
3021.516943,1000,28286.580258
3385.123623,1000,28291.82913
3203.536877,1000,28368.272221
2864.077096,1000,28374.155885
3212.136983,1000,28379.792478
3328.814529,1000,28385.49416
3155.011941,1000,28391.303909
3244.295049,1000,28469.280599
3252.136893,1000,28475.161877
3237.612039,1000,28480.758493
3178.507366,1000,28486.624053
3168.295419,1000,28492.438916
3141.512825,1000,28571.321707
2922.977357,1000,28576.528037
3086.051508,1000,28582.069352
3313.365498,1000,28587.795548
3103.439381,1000,28593.48243
3230.501701,1000,28669.550012
3196.367524,1000,28675.455622
3384.624865,1000,28681.240158
3289.060257,1000,28686.686516
3275.382978,1000,28692.116635
3272.438716,1000,28770.199402
3271.355665,1000,28775.903887
3518.407516,1000,28781.52404
3304.784406,1000,28787.483768
3173.530362,1000,28793.029106
3210.517527,1000,28871.084718
3399.203095,1000,28876.568673
3287.287108,1000,28881.979825
3338.363448,1000,28887.733903
3272.297075,1000,28893.32772
3180.476704,1000,28971.928833
3313.460373,1000,28977.498019
3276.933137,1000,28983.053751
3155.773426,1000,28988.865854
3482.528738,1000,28994.709253
3297.56301,1000,29072.258834
3350.136076,1000,29077.841647
3362.211864,1000,29083.492985
3182.682017,1000,29089.296327
3253.675172,1000,29095.196432
3284.346984,1000,29172.696017
3249.000763,1000,29177.552045
3358.409329,1000,29182.428711
3279.266347,1000,29187.773871
3274.104432,1000,29193.423882
3317.698391,1000,29270.770079
3133.46389,1000,29276.493943
3181.23092,1000,29281.927605
3199.015498,1000,29287.441161
3249.171144,1000,29292.964695
3224.345097,1000,29371.508842
3397.120397,1000,29376.942972
3175.992366,1000,29382.541943
3184.253776,1000,29388.370968
3132.257945,1000,29394.10693
2813.821837,1000,29471.126439
3181.057651,1000,29476.483383
3169.983792,1000,29482.037064
3337.053684,1000,29487.613731
3019.098259,1000,29493.374793
3237.714571,1000,29572.212594
3195.235025,1000,29577.144335
3279.852007,1000,29582.163215
3168.51614,1000,29587.336138
3084.581549,1000,29592.986994
3301.436468,1000,29671.491102
3293.240353,1000,29677.219241
3422.389424,1000,29683.055986
3308.721197,1000,29688.547513
3276.566946,1000,29694.662738
3174.64275,1000,29773.58378
3165.559619,1000,29779.103482
3127.505391,1000,29784.832395
3317.151617,1000,29790.288019
3054.914314,1000,29796.004316
3305.536071,1000,29873.129572
3360.273939,1000,29878.648351
3428.213037,1000,29884.267107
3249.510599,1000,29889.931879
3293.370886,1000,29895.503762
3237.914347,1000,29974.104377
3394.804138,1000,29979.841483
3414.090067,1000,29985.451517
3319.565802,1000,29991.281244
3145.021641,1000,29996.462528
3440.293501,1000,30074.164148
3284.358012,1000,30079.99556
3214.637058,1000,30085.771253
3069.514049,1000,30091.13377
3153.844188,1000,30096.818533
3095.601184,1000,30171.237022
2832.797125,1000,30176.6061
3329.052025,1000,30182.393705
3316.698094,1000,30188.537075
3237.042935,1000,30194.2019
3362.890307,1000,30270.677865
3346.795381,1000,30276.227842
3189.955656,1000,30281.856846
3117.935779,1000,30287.329092
3238.04547,1000,30292.933525
3157.779215,1000,30372.268885
3247.630113,1000,30377.843161
3314.526517,1000,30383.307832
3228.417017,1000,30388.073318
3323.445673,1000,30393.458955
3238.060317,1000,30472.681635
3212.759519,1000,30478.268773
3194.245074,1000,30483.667316
3203.289327,1000,30489.208445
3337.953815,1000,30494.85331
3282.955085,1000,30572.247744
3123.691562,1000,30577.802653
3348.111838,1000,30583.352515
3188.308505,1000,30588.941653
3419.284898,1000,30594.701815
3359.130728,1000,30673.441263
3381.049607,1000,30679.123246
3370.305665,1000,30684.927713
3272.058487,1000,30690.645683
3171.170063,1000,30696.106941
3456.960537,1000,30773.557756
3256.100355,1000,30779.595437
3432.528074,1000,30785.309897
3288.829127,1000,30791.040007
3361.456848,1000,30796.692993
3124.047906,1000,30875.337028
3178.037689,1000,30880.980473
3234.964943,1000,30886.49545
3186.140511,1000,30892.098262
3350.487053,1000,30898.099773
3272.349303,1000,30978.171654
3264.295935,1000,30983.596103
3187.35713,1000,30988.854738
3398.537701,1000,30994.550525
3255.096174,1000,31000.149809
3327.885038,1000,31076.146004
3291.985239,1000,31081.833901
3318.827609,1000,31087.379898
3506.822878,1000,31093.087639
3420.690659,1000,31098.748793
3256.378346,1000,31176.397471
3310.652739,1000,31181.961606
3208.708272,1000,31187.591456
3187.079265,1000,31193.33792
3218.217534,1000,31198.80548
3283.628055,1000,31276.911581
3266.546542,1000,31282.361968
3196.446412,1000,31287.24275
3037.105223,1000,31292.416646
3327.108191,1000,31298.003494
3297.106205,1000,31373.481539
3337.275541,1000,31379.110013
3332.983952,1000,31385.157968
3293.732244,1000,31390.944211
3161.809951,1000,31396.427349
3267.92296,1000,31474.626227
3362.689324,1000,31480.265351
3237.168566,1000,31485.944386
3334.131633,1000,31491.582336
3095.900961,1000,31497.208148
3215.212092,1000,31573.64269
3118.904537,1000,31579.078893
2999.53938,1000,31584.368271
3333.42135,1000,31589.541429
3159.878612,1000,31595.442633
3441.629693,1000,31672.330045
3354.72351,1000,31677.988336
3282.491195,1000,31683.674502
3299.209869,1000,31689.327888
3355.220461,1000,31695.225677
3305.422589,1000,31773.9275
3310.965242,1000,31780.014645
3216.836369,1000,31785.59399
3038.424477,1000,31790.878761
3281.72233,1000,31796.447337
3351.769988,1000,31874.364747
3255.302233,1000,31880.182862
3146.537964,1000,31885.721581
3219.258698,1000,31891.548146
3384.341161,1000,31897.344102
3206.734895,1000,31974.299482
3006.194444,1000,31980.012077
3210.01225,1000,31985.872344
3143.439368,1000,31991.59548
3115.738393,1000,31997.046842
3300.82088,1000,32076.288613
3242.97391,1000,32082.180824
3240.376378,1000,32087.695037
3177.164704,1000,32093.508125
3093.137743,1000,32099.123806
3228.510013,1000,32177.308289
3182.515869,1000,32182.839142
3117.517679,1000,32188.165152
3159.882709,1000,32194.024869
3163.488168,1000,32199.78776
3173.840067,1000,32275.521678
3285.597296,1000,32281.252593
3076.710629,1000,32287.02836
3115.405494,1000,32292.754428
3145.017326,1000,32298.47412
3055.651103,1000,32376.733947
3109.118563,1000,32382.405263
3217.522761,1000,32388.071061
3081.989338,1000,32393.608716
3051.119413,1000,32399.081038
3037.284748,1000,32477.854325
3274.143319,1000,32483.57904
3217.864215,1000,32489.261495
3175.647108,1000,32495.2561
3120.534715,1000,32500.883797
3176.603086,1000,32579.324894
3140.451807,1000,32585.152447
3403.218961,1000,32590.973072
3275.473346,1000,32596.57336
3138.031471,1000,32602.406279
3014.292604,1000,32680.862588
3112.127105,1000,32686.564112
3189.842876,1000,32692.205532
3091.943631,1000,32697.508698
3255.488238,1000,32703.273136
3151.328019,1000,32782.506716
3125.607663,1000,32788.248479
3290.72115,1000,32793.802335
3193.598637,1000,32798.873945
3233.266874,1000,32804.655051
3273.128259,1000,32881.830098
3323.727865,1000,32887.324452
3100.739936,1000,32893.353879
3211.199583,1000,32899.349912
3268.152155,1000,32905.334308
3424.144197,1000,32981.969223
3278.756086,1000,32986.898517
3132.157759,1000,32992.095026
3265.3364,1000,32998.144804
3159.733197,1000,33003.830267
3200.134178,1000,33080.751108
3172.957267,1000,33086.554284
3192.302399,1000,33092.261484
3140.339944,1000,33097.961973
3259.529231,1000,33103.621741
3225.296967,1000,33181.90801
3137.812226,1000,33187.569275
3294.893554,1000,33193.412079
3233.442403,1000,33199.273667
3379.432943,1000,33204.279944
3274.991748,1000,33277.163595
3326.810474,1000,33282.847788
3314.559914,1000,33288.583237
3163.550034,1000,33294.394275
3318.163958,1000,33300.383629
3350.814342,1000,33378.132373
3276.821515,1000,33383.581745
3166.158557,1000,33389.421877
3297.980791,1000,33395.080272
3202.65129,1000,33400.771408
3072.271425,1000,33475.918434
3320.686344,1000,33481.831208
3309.946337,1000,33487.427763
3268.889,1000,33493.093847
3293.472183,1000,33499.127781
3327.234711,1000,33574.628855
3142.967913,1000,33580.281051
3097.617686,1000,33585.515264
3246.354162,1000,33590.457562
3282.539734,1000,33595.701985
3252.341317,1000,33673.858292
3230.989182,1000,33679.937995
3513.753233,1000,33685.548954
3439.433421,1000,33691.300593
3232.797155,1000,33697.035821
3235.600284,1000,33776.631293
3318.239477,1000,33782.174587
3133.668371,1000,33787.685968
3493.788362,1000,33793.458869
3319.85673,1000,33799.624141
3159.558315,1000,33877.451822
3249.123952,1000,33883.0527
3268.242469,1000,33888.821436
3289.734171,1000,33894.623832
3251.551068,1000,33900.289287
3327.614553,1000,33978.458674
3322.828981,1000,33984.086707
3282.56382,1000,33990.055033
3304.026083,1000,33995.533264
3380.980869,1000,34001.402387
3308.216989,1000,34076.403139
3393.149469,1000,34081.951078
3172.458097,1000,34087.096456
3367.103359,1000,34092.180564
3224.790161,1000,34097.643184
3330.131945,1000,34175.538945
3155.305172,1000,34181.205431
3363.064908,1000,34187.050472
3323.332857,1000,34192.598952
3456.874461,1000,34198.298535
3487.636437,1000,34275.842632
3390.642514,1000,34281.648923
3481.411289,1000,34287.239229
3393.433498,1000,34293.048596
3473.329022,1000,34298.512017
3340.487918,1000,34375.501702
3454.745991,1000,34381.282958
3369.689772,1000,34386.894983
3223.601375,1000,34392.733247
3320.057575,1000,34398.377926
3344.577226,1000,34476.166643
3318.482656,1000,34481.976703
3380.428163,1000,34487.637913
3472.817377,1000,34493.27805
3228.301171,1000,34498.875639
3598.968252,1000,34574.133639
3473.480921,1000,34580.161634
3403.651503,1000,34585.850158
3360.95865,1000,34591.131509
3337.455159,1000,34596.254488
3527.787293,1000,34670.086358
3357.248802,1000,34675.733627
3305.012608,1000,34681.595474
3428.664881,1000,34686.772566
3356.081547,1000,34691.925761
3224.775636,1000,34769.269801
3246.488353,1000,34774.918838
3278.99916,1000,34780.048283
3090.636862,1000,34784.798976
3116.384925,1000,34789.54862
3125.73574,1000,34866.283328
3442.707811,1000,34871.864996
3468.84077,1000,34877.42733
3478.016016,1000,34882.996482
3498.053654,1000,34888.338178
3377.668608,1000,34966.136434
3286.086136,1000,34971.655174
3438.043525,1000,34977.272084
3381.53396,1000,34983.012784
3303.694796,1000,34988.555186
3277.436988,1000,35063.316837
3330.694482,1000,35068.488939
3401.766663,1000,35073.626935
3396.573829,1000,35078.705649
3396.555623,1000,35083.356688
3377.066806,1000,35161.816507
3368.12923,1000,35167.666
3320.215942,1000,35173.374734
3353.776755,1000,35179.038539
3429.363603,1000,35184.05331
3251.72471,1000,35259.156498
3261.218667,1000,35265.10297
3432.546327,1000,35270.625278
3168.652958,1000,35276.268659
3245.52757,1000,35281.727667
3386.673544,1000,35358.559845
3330.674138,1000,35364.149068
3291.347471,1000,35370.163643
3357.449142,1000,35375.726423
3230.65637,1000,35381.291545
3104.679023,1000,35457.986189
3284.941483,1000,35463.668175
3415.68001,1000,35469.214643
3512.583849,1000,35474.727923
2895.833225,1000,35480.272729
3198.897097,1000,35556.868926
3542.882357,1000,35562.484544
3399.625494,1000,35568.120406
3336.329127,1000,35573.721298
3390.176,1000,35579.337434
3364.966929,1000,35656.87901
3470.964545,1000,35662.225308
3195.396178,1000,35667.948292
3447.387793,1000,35673.850907
3424.944701,1000,35679.600096
3428.425405,1000,35758.37381
3329.955327,1000,35763.915651
3470.368068,1000,35769.591839
3456.383302,1000,35775.068373
3365.639722,1000,35780.570311
3316.96188,1000,35857.226021
3402.466946,1000,35863.024524
3348.785343,1000,35868.591273
3530.351484,1000,35874.119045
3272.565727,1000,35879.883741
3512.227408,1000,35956.56265
3450.405775,1000,35962.150945
3333.348789,1000,35967.727931
3572.910723,1000,35973.712796
3519.516339,1000,35979.305784
3612.873073,1000,36056.419962
3395.896318,1000,36061.948656
3356.899187,1000,36067.744301
3385.082995,1000,36073.265673
3504.98568,1000,36078.719008
3561.28038,1000,36156.280451
3352.172896,1000,36161.955239
3434.420064,1000,36167.195081
3498.54079,1000,36173.366439
3289.301969,1000,36178.743678
3554.051063,1000,36255.205606
3069.974366,1000,36260.702328
3061.217645,1000,36266.158258
2942.635004,1000,36271.46876
3646.848498,1000,36276.422441
3353.521902,1000,36353.120524
3401.739615,1000,36358.758292
2835.633468,1000,36364.101701
3196.888474,1000,36369.762057
3409.773502,1000,36375.576814
3334.10629,1000,36451.086067
3122.254595,1000,36457.111541
3592.866584,1000,36462.760714
3629.872569,1000,36468.403225
3328.511625,1000,36473.949002
3512.037711,1000,36551.600118
3223.001304,1000,36557.264224
3433.033413,1000,36562.897348
3476.802464,1000,36568.327013
3468.505636,1000,36573.961698
3503.555902,1000,36653.040178
3543.43962,1000,36658.307517
3476.847793,1000,36663.147594
3532.348375,1000,36668.673428
3369.05751,1000,36674.252047
3230.931047,1000,36752.438279
3356.207218,1000,36758.182673
3381.070783,1000,36763.836607
3614.431497,1000,36768.540105
3634.780078,1000,36773.351562
3436.622252,1000,36851.662989
3461.700698,1000,36857.191184
3525.234477,1000,36862.687696
3260.93034,1000,36868.10542
3198.831988,1000,36873.645485
3324.981102,1000,36951.576382
1990.017474,1000,36956.76636
3187.161666,1000,36962.708808
3528.00076,1000,36968.193353
3391.594371,1000,36973.886933
3397.992055,1000,37051.72044
3033.496715,1000,37057.428113
3371.172526,1000,37063.482232
3360.574008,1000,37069.103029
3367.957629,1000,37074.988044
3294.948317,1000,37154.093325
3306.103415,1000,37160.083453
2671.607238,1000,37165.773432
3563.329649,1000,37171.466289
3532.373341,1000,37177.079626
3524.703582,1000,37261.41604
3183.632858,1000,37267.105033
3520.288123,1000,37272.213191
2131.597095,1000,37277.937807
3350.513104,1000,37283.641642
3348.753582,1000,37362.054674
3397.113773,1000,37367.680257
3335.446134,1000,37373.555533
3256.465976,1000,37379.329421
3486.918444,1000,37385.382593
3339.145269,1000,37462.787619
3480.787055,1000,37468.198789
3266.981814,1000,37473.819819
3406.639855,1000,37479.589612
3209.997128,1000,37485.549691
2760.47911,1000,37563.604709
3598.719158,1000,37568.782669
3223.734231,1000,37574.757004
3571.012793,1000,37580.627976
3609.869982,1000,37586.337673
3647.744297,1000,37665.071528
3369.860154,1000,37670.603202
3667.395362,1000,37676.434093
3406.0592,1000,37682.035856
3259.05906,1000,37687.719916
3535.329963,1000,37765.771729
3381.095902,1000,37771.384002
-678.014453,1000,37777.373102
3409.715924,1000,37783.069024
3415.555337,1000,37788.821828
3438.749459,1000,37869.047999
-705.02222,1000,37874.981611
3160.423862,1000,37880.266047
1920.594913,1000,37886.067975
3362.350094,1000,37891.687912
3596.288107,1000,37971.774659
-694.088557,1000,37977.570468
3131.140019,1000,37983.182839
-692.854508,1000,37988.83769
3545.019197,1000,37994.409124
3424.904796,1000,38074.577164
3276.162648,1000,38080.391589
3347.281021,1000,38086.173027
-722.879798,1000,38092.050253
-717.282303,1000,38097.948076
616.19392,1000,38179.245525
-734.922535,1000,38185.198765
-719.818656,1000,38190.907768
-733.529107,1000,38196.76293
2093.284968,1000,38202.384918
-702.014356,1000,38282.512066
880.620596,1000,38288.268346
-709.203025,1000,38293.8268
-709.205445,1000,38299.635249
-256.591015,1000,38305.61325
604.693747,1000,38384.60422
2315.213709,1000,38390.444443
1486.945745,1000,38396.154768
2754.074087,1000,38401.663895
2904.350077,1000,38407.535831
3005.641255,1000,38484.740705
3099.561659,1000,38489.894175
2948.7988,1000,38494.924959
2965.383007,1000,38500.381558
2526.694161,1000,38505.974445
2865.774904,1000,38585.459426
3122.203074,1000,38590.824553
3038.449221,1000,38596.555242
2950.049151,1000,38602.084645
2745.745082,1000,38607.647954
2919.310849,1000,38684.672822
3125.809908,1000,38690.111577
3005.647116,1000,38695.676982
3165.953143,1000,38700.549467
3063.429765,1000,38705.483378
2955.97751,1000,38773.863181
3356.807238,1000,38778.121441
3064.314871,1000,38782.499563
3023.00561,1000,38787.518094
3070.849886,1000,38792.470492
3054.447364,1000,38858.704544
3093.858048,1000,38863.519248
3011.338033,1000,38867.977254
2844.267494,1000,38872.243597
3103.403846,1000,38876.424619
3176.465072,1000,38943.155293
3237.382356,1000,38948.147956
2960.416127,1000,38953.072316
3166.810112,1000,38957.815036
3017.22658,1000,38962.787469
3055.247224,1000,39028.93794
3141.984475,1000,39033.792213
3185.944235,1000,39038.664218
3345.995811,1000,39043.685568
2904.245496,1000,39048.6273
3153.724811,1000,39116.502244
3112.968388,1000,39120.824116
3220.949512,1000,39125.689826
3121.98711,1000,39130.526193
3198.675168,1000,39135.046609
3242.422866,1000,39202.677874
3150.889874,1000,39207.581131
2857.541725,1000,39212.413459
3199.346716,1000,39217.252723
3115.206528,1000,39222.169258
3027.724386,1000,39284.459031
3113.944778,1000,39288.619953
3314.803558,1000,39292.535105
3171.73702,1000,39297.048454
2991.308475,1000,39301.323868
2983.420417,1000,39361.188705
3097.795822,1000,39365.677358
3186.437546,1000,39369.812933
3330.372293,1000,39374.072423
3092.582053,1000,39377.693403
3251.639794,1000,39436.50111
3213.969362,1000,39440.819479
3326.567452,1000,39445.075385
3114.599199,1000,39449.253554
3353.954175,1000,39453.584149
3249.431658,1000,39512.298937
3188.51046,1000,39516.640029
3149.515907,1000,39520.887144
3167.118862,1000,39525.187649
3383.157447,1000,39529.368803
3261.03604,1000,39588.126951
3187.132102,1000,39592.497331
3113.677513,1000,39597.128636
3264.005754,1000,39601.762538
3257.002079,1000,39606.364723
3460.965156,1000,39666.091904
3254.536414,1000,39670.572641
3401.031867,1000,39674.906297
3202.890243,1000,39679.366996
3372.898058,1000,39683.694665
3389.085237,1000,39741.632218
3090.942903,1000,39745.831773
3447.723887,1000,39750.074283
3227.553339,1000,39754.224616
3180.185747,1000,39758.554437
3133.562247,1000,39816.911401
3386.146454,1000,39821.054572
3319.659663,1000,39824.747272
3316.819618,1000,39828.491458
3288.669094,1000,39832.791653
3305.911661,1000,39891.584353
3337.62281,1000,39895.433499
3315.24757,1000,39899.651831
3212.92888,1000,39903.867336
3282.702512,1000,39908.34844
3430.805935,1000,39965.757649
3339.222734,1000,39970.189544
3331.098039,1000,39974.75184
3259.857297,1000,39979.013513
3407.689551,1000,39983.34881
3333.868995,1000,40042.020574
3312.53948,1000,40046.329112
3365.352432,1000,40050.862417
3469.737654,1000,40055.292159
3413.96228,1000,40059.64167
3301.311335,1000,40119.192971
3506.786824,1000,40123.637114
3391.241861,1000,40127.939281
3141.452703,1000,40132.246164
3314.349826,1000,40136.78359
3366.208045,1000,40195.839332
3442.147426,1000,40200.170876
3189.299885,1000,40204.639512
3149.964966,1000,40208.766491
3405.142158,1000,40213.200739
3322.518082,1000,40271.55514
3280.110619,1000,40275.927969
3203.771549,1000,40280.379521
3321.158228,1000,40284.700076
3225.577201,1000,40289.107537
3172.550798,1000,40348.569173
3321.058167,1000,40352.826829
3103.349441,1000,40357.386238
3378.822623,1000,40361.883308
3594.559595,1000,40366.366925
3443.663361,1000,40425.69159
3086.412395,1000,40430.035797
3239.281054,1000,40434.4679
3322.497254,1000,40439.031785
3180.934071,1000,40443.524861
3259.734762,1000,40502.663665
3100.029164,1000,40507.195663
3371.129876,1000,40511.560339
3180.700615,1000,40515.877489
3198.964071,1000,40520.261153
3126.281183,1000,40577.745095
3241.45536,1000,40582.114694
3054.361161,1000,40586.291326
3357.251902,1000,40590.764306
3226.39348,1000,40594.98491
3286.375276,1000,40653.507831
3266.736337,1000,40657.983545
2887.326471,1000,40662.353474
3232.709307,1000,40666.786348
3448.605576,1000,40671.122758
3379.419042,1000,40728.349548
3231.946929,1000,40732.653344
3322.771063,1000,40737.094487
3131.330781,1000,40741.621798
3337.055019,1000,40746.33062
3337.160909,1000,40805.586181
3373.423061,1000,40809.946084
3332.969314,1000,40814.334533
3251.681084,1000,40818.827957
3190.114565,1000,40823.158527
3207.60098,1000,40882.384327
3235.046747,1000,40887.043642
3065.02485,1000,40891.244742
3358.019628,1000,40895.71373
3426.553582,1000,40899.970629
3415.355335,1000,40958.239722
3373.509384,1000,40962.639725
3383.928527,1000,40966.987177
3462.66975,1000,40971.336212
3309.369459,1000,40975.547467
3442.094178,1000,41034.65834
3416.158756,1000,41038.991724
3428.583868,1000,41043.549417
3224.62762,1000,41048.065369
3285.398881,1000,41052.117021
3368.280629,1000,41111.005726
3550.370062,1000,41115.277228
3241.14864,1000,41119.499945
3375.941972,1000,41123.79797
3511.945727,1000,41128.404789
3475.614436,1000,41186.334298
3189.946386,1000,41190.446599
3343.330447,1000,41194.831126
3412.941245,1000,41199.023605
3260.003797,1000,41203.467853
3385.910777,1000,41262.107765
3315.176169,1000,41266.420482
3314.624501,1000,41270.761387
3310.586332,1000,41275.192737
3414.58511,1000,41279.573401
3329.249078,1000,41338.806633
3321.526404,1000,41343.374463
3305.529369,1000,41347.940784
3072.777485,1000,41352.708625
3248.871585,1000,41357.056627
3253.598432,1000,41415.985334
3231.900669,1000,41420.463017
3355.342354,1000,41424.925938
3349.964988,1000,41429.368473
3364.804643,1000,41433.945682
3360.772896,1000,41492.911036
3356.735421,1000,41497.595644
3366.822,1000,41502.352053
3231.635073,1000,41506.726841
3344.572672,1000,41510.539595
3212.765047,1000,41568.616171
3217.384906,1000,41572.947043
3339.116428,1000,41577.288587
3242.278013,1000,41581.841462
3424.098134,1000,41586.055387
3292.451935,1000,41644.463228
3058.012673,1000,41648.864433
3278.453871,1000,41653.452027
3293.318981,1000,41657.968828
3220.448476,1000,41662.672432
3168.028721,1000,41722.066444
3294.458321,1000,41726.540514
3316.169694,1000,41730.927751
3220.339697,1000,41735.194096
3336.510359,1000,41739.310975
3257.181427,1000,41799.721072
2972.963313,1000,41804.160886
3135.095289,1000,41808.559217
3195.292397,1000,41813.207341
3106.1943,1000,41817.4452
3230.00378,1000,41875.57255
3367.60602,1000,41880.237729
3161.194724,1000,41884.767656
3194.154657,1000,41889.259955
3204.203202,1000,41893.880385
3081.231599,1000,41953.425051
3274.818877,1000,41957.931081
3430.849628,1000,41962.564705
3294.21317,1000,41967.084868
3224.200631,1000,41971.476036
3220.70421,1000,42030.389475
3310.140363,1000,42034.426406
3019.904223,1000,42038.924519
3365.661553,1000,42043.122795
3131.207422,1000,42047.41839
3308.118534,1000,42107.406769
3006.066984,1000,42111.788707
3426.054801,1000,42116.218238
3367.061356,1000,42120.355601
3309.02289,1000,42124.595029
3359.804096,1000,42185.653587
3081.193607,1000,42190.063941
3248.884805,1000,42194.428286
3230.683045,1000,42198.854116
3335.593347,1000,42203.01903
3380.883644,1000,42261.484025
3168.321087,1000,42265.283911
3367.737434,1000,42268.854026
3124.146295,1000,42272.462964
3198.280679,1000,42276.132392
3139.155447,1000,42326.327367
3319.26537,1000,42330.106859
3211.378903,1000,42333.7985
3231.73828,1000,42337.509039
3336.573661,1000,42341.343353
2925.263648,1000,42390.411403
3248.685133,1000,42393.952556
3243.378127,1000,42397.572652
3319.357338,1000,42401.252269
3040.42807,1000,42404.886615
3095.252433,1000,42453.328066
3197.7755,1000,42456.469049
3412.422666,1000,42459.736027
3423.154755,1000,42463.327354
3164.933828,1000,42467.132265
3440.786743,1000,42514.919405
3214.890122,1000,42518.607961
3404.878314,1000,42522.334651
3284.612735,1000,42526.118135
3160.903156,1000,42529.807111
3039.962354,1000,42578.861284
3234.793781,1000,42582.636038
3179.337386,1000,42586.322139
3347.838139,1000,42590.032183
3228.783342,1000,42593.523124
3157.279745,1000,42643.789932
3452.60491,1000,42647.606373
3266.9725,1000,42651.357179
3197.353006,1000,42655.153014
-717.534532,1000,42658.741841
3318.040638,1000,42709.824018
3356.673302,1000,42713.496165
3243.302878,1000,42717.281282
3232.670124,1000,42720.488419
3359.049702,1000,42723.414517
3519.677307,1000,42772.342243
3354.154654,1000,42775.99543
3315.3039,1000,42779.566793
3366.869292,1000,42783.2639
3310.931399,1000,42787.02424
3366.345557,1000,42837.037104
3379.875627,1000,42841.025299
3332.831776,1000,42844.89782
3412.358707,1000,42848.559003
3319.230912,1000,42852.368032
3245.970153,1000,42902.726665
3246.9361,1000,42906.39628
3402.463391,1000,42910.026875
3378.682358,1000,42913.560009
3346.384329,1000,42917.2643
3301.421607,1000,42967.543441
3143.595823,1000,42971.301773
3390.468827,1000,42974.611136
-766.813097,1000,42977.894084
3328.973951,1000,42981.327206
3309.105361,1000,43030.316466
3233.231392,1000,43034.115277
3358.714339,1000,43037.943662
3146.169841,1000,43042.020032
3235.931904,1000,43045.412137
3205.008394,1000,43094.978442
3414.286336,1000,43098.590828
3490.548854,1000,43102.566942
3440.847205,1000,43106.28769
3376.026138,1000,43110.258497
3215.333367,1000,43160.166884
3333.788473,1000,43163.905419
3529.117529,1000,43167.558332
3363.052416,1000,43171.181749
3426.438875,1000,43174.778162
3405.650788,1000,43225.859653
3392.886711,1000,43229.383835
3505.098176,1000,43233.141016
3175.334862,1000,43236.801866
3363.171893,1000,43240.460945
-862.358263,1000,43289.618822
3394.866462,1000,43293.397511
3344.636808,1000,43297.083874
3110.92654,1000,43300.762123
3073.238669,1000,43304.25912
3336.813831,1000,43354.799219
3225.335706,1000,43358.373486
3388.916183,1000,43361.9559
3170.239842,1000,43365.797297
3109.931974,1000,43369.155265
3379.781864,1000,43418.798591
3287.883328,1000,43422.42672
3226.009038,1000,43426.028305
3194.124444,1000,43429.546493
3181.15461,1000,43433.15936
3370.225375,1000,43482.687128
3271.130845,1000,43486.361288
3170.227014,1000,43490.014234
3409.286594,1000,43493.467793
3262.145442,1000,43497.101898
3148.180896,1000,43545.709877
3214.787625,1000,43548.868464
3119.123612,1000,43552.100811
3144.244626,1000,43555.548239
3194.271597,1000,43559.0862
3371.556595,1000,43608.048177
3343.099897,1000,43611.807501
3395.523243,1000,43615.604829
3191.044555,1000,43619.230024
3200.041839,1000,43623.124295
3303.797548,1000,43672.061392
3354.3034,1000,43675.809933
3106.012722,1000,43679.521276
2960.801172,1000,43683.320278
3154.777939,1000,43686.95416
3305.117515,1000,43737.060695
3081.307383,1000,43740.816665
3227.742165,1000,43744.330308
3361.901067,1000,43748.019859
3351.27972,1000,43751.703408
3305.135465,1000,43800.284259
3230.130392,1000,43803.81241
3324.671444,1000,43807.489235
3356.04313,1000,43811.192763
3341.432229,1000,43814.738019
3266.89709,1000,43863.407146
3147.99686,1000,43866.573662
3218.885654,1000,43869.585691
3213.415878,1000,43872.979768
3336.600842,1000,43876.717251
3393.197703,1000,43926.968561
3375.743629,1000,43930.78587
3282.511496,1000,43934.396225
3318.731103,1000,43938.03822
3259.391455,1000,43941.751863
3255.75035,1000,43991.543131
3039.51278,1000,43995.273794
3344.891147,1000,43998.946239
3260.008142,1000,44002.718809
3191.240641,1000,44006.556175
3357.60776,1000,44055.525149
3218.90191,1000,44059.089519
3334.124063,1000,44062.797492
3491.854585,1000,44066.579637
3319.104997,1000,44070.632605
3266.658552,1000,44120.229106
3444.119956,1000,44123.756822
3057.833107,1000,44127.569863
3250.193,1000,44131.514412
3162.381332,1000,44135.252616
3348.699833,1000,44182.13958
3521.103438,1000,44185.879275
3453.627683,1000,44189.830135
3574.678097,1000,44193.346081
3309.2619,1000,44197.058509
3457.163169,1000,44246.699361
3193.735052,1000,44250.547729
3394.07402,1000,44254.306798
3414.246768,1000,44258.153898
3471.434652,1000,44261.85059
3293.6926,1000,44312.498902
3371.240191,1000,44316.108207
3407.486319,1000,44319.581792
3232.377416,1000,44323.308302
3256.959213,1000,44327.02517
3299.420894,1000,44374.994728
3299.618377,1000,44378.552637
3383.2353,1000,44382.412959
3352.406262,1000,44386.578258
3433.330322,1000,44390.380676
3284.529134,1000,44440.408844
3364.325003,1000,44444.21544
3299.258469,1000,44448.296733
3514.108576,1000,44452.052866
3290.672298,1000,44455.746998
3297.978238,1000,44503.343088
3334.167932,1000,44507.054668
3375.713809,1000,44510.760043
3414.611585,1000,44514.210405
3325.01187,1000,44517.969202
3545.349123,1000,44568.930395
3313.017683,1000,44572.68989
3283.648207,1000,44576.833607
3146.207024,1000,44580.629332
3220.215956,1000,44584.297504
3311.480697,1000,44633.623116
3223.074551,1000,44637.341712
3397.698255,1000,44640.862933
3413.933278,1000,44643.884964
3423.40388,1000,44647.407021
3394.336728,1000,44697.074607
3420.538371,1000,44700.755353
3302.025222,1000,44704.504195
3305.222909,1000,44708.147585
3501.018274,1000,44711.843196
3217.223174,1000,44761.278081
3371.543136,1000,44764.955878
3418.98148,1000,44768.488449
3311.240627,1000,44772.074743
3296.537263,1000,44775.8776
3267.327687,1000,44825.199678
3275.500226,1000,44828.606477
3524.510581,1000,44832.347949
3327.023912,1000,44836.303602
3263.453812,1000,44839.958595
3440.917692,1000,44889.637565
3301.656667,1000,44893.579887
3157.425537,1000,44897.328385
3367.073695,1000,44901.133682
3392.121029,1000,44904.787234
3340.060729,1000,44954.066488
3413.519333,1000,44957.366877
3435.845208,1000,44960.515023
3393.799749,1000,44963.632828
3399.52585,1000,44967.372586
3366.364528,1000,45017.493029
3467.56187,1000,45021.167293
3412.799797,1000,45024.80565
3452.103263,1000,45028.452204
3394.146109,1000,45032.05486
3282.296287,1000,45083.493212
3311.119266,1000,45087.113484
3453.278905,1000,45090.755772
3383.782669,1000,45094.587049
3482.548132,1000,45098.357746
3189.143219,1000,45147.710207
3350.104263,1000,45151.148768
3291.293146,1000,45155.092409
3460.499168,1000,45158.9351
3331.122668,1000,45162.899358
3391.64287,1000,45212.123904
3407.511063,1000,45215.908959
3432.781035,1000,45219.703985
3419.302414,1000,45223.391424
3313.410507,1000,45227.231421
3567.831854,1000,45275.51313
3456.163864,1000,45279.375154
3438.786877,1000,45283.100714
3241.437514,1000,45286.840262
3334.726181,1000,45290.59328
3277.634303,1000,45339.723845
3479.552048,1000,45343.325561
3504.836355,1000,45347.257233
3317.955492,1000,45353.084531
3530.761956,1000,45357.037824
3448.213647,1000,45405.269412
3325.78969,1000,45409.040185
3486.319478,1000,45412.743858
3492.319234,1000,45416.377843
3398.745199,1000,45419.617626
3465.037126,1000,45466.750247
3353.600735,1000,45470.725675
3458.723635,1000,45474.286379
3383.107104,1000,45477.737313
3333.523988,1000,45481.439104
3384.802628,1000,45531.699034
3325.003104,1000,45535.486984
3454.520619,1000,45538.677599
3372.210137,1000,45542.030575
3445.827868,1000,45545.683898
3247.482309,1000,45595.581323
3379.914096,1000,45599.105483
3245.25998,1000,45602.868455
3304.0486,1000,45606.539591
3283.497801,1000,45610.197673
3370.699258,1000,45659.939114
3403.172449,1000,45663.498518
3305.63027,1000,45667.117642
3209.379805,1000,45670.727597
3276.515486,1000,45674.242242
3407.812474,1000,45724.230576
3364.161762,1000,45727.901808
3343.392567,1000,45731.480852
3257.540519,1000,45735.280871
3410.928062,1000,45738.794
3422.486667,1000,45788.644446
3289.479869,1000,45792.347332
3294.202393,1000,45796.046986
3371.449619,1000,45799.893472
3427.421129,1000,45803.257859
3313.670834,1000,45852.422057
3273.322394,1000,45856.128755
3464.514908,1000,45860.363456
3419.288083,1000,45863.976975
3331.08313,1000,45867.793545
3455.520117,1000,45917.311699
3392.620906,1000,45921.097002
3518.955103,1000,45924.861681
3487.921744,1000,45928.491334
3456.320842,1000,45932.195791
3318.952894,1000,45982.396137
3383.514102,1000,45986.201136
3562.852458,1000,45989.959765
3519.712416,1000,45993.535383
3465.4891,1000,45997.158298
3504.190456,1000,46047.636107
3434.193863,1000,46051.290617
3383.651405,1000,46054.889853
3346.897309,1000,46058.408119
3403.267603,1000,46062.231099
3432.523679,1000,46111.971757
3450.944688,1000,46115.644091
3352.982734,1000,46119.081489
3437.861873,1000,46122.742122
3041.158985,1000,46126.477547
3428.331843,1000,46176.637216
3527.314396,1000,46180.376593
3297.430529,1000,46184.128302
3519.626928,1000,46187.814015
3274.933399,1000,46191.52779
3437.792243,1000,46240.540089
3370.702518,1000,46244.42189
3548.665115,1000,46248.132889
3413.853058,1000,46252.089995
3390.197982,1000,46255.782408
3372.256768,1000,46305.880703
3535.174631,1000,46308.971827
3205.523996,1000,46312.130429
3476.343323,1000,46315.356308
3161.788756,1000,46319.006328
3376.256324,1000,46370.318889
3232.552787,1000,46373.912027
3313.983078,1000,46377.564316
3510.183869,1000,46381.49278
3529.774147,1000,46385.060089
3253.955637,1000,46447.91686
3369.091007,1000,46451.647004
3205.112181,1000,46455.325268
3484.98609,1000,46458.979741
3470.397978,1000,46462.878403
3489.10263,1000,46513.646929
3372.327305,1000,46517.544435
3459.669102,1000,46521.407201
3350.852505,1000,46525.107787
3429.66661,1000,46528.680228
3295.938156,1000,46578.414191
3409.223808,1000,46581.516173
3624.641923,1000,46584.760984
3431.116849,1000,46588.398237
3529.32623,1000,46592.215013
3437.637218,1000,46638.431878
3480.528169,1000,46640.991444
3268.982303,1000,46643.889313
3312.683422,1000,46646.946497
3351.764317,1000,46649.791465
3332.982305,1000,46690.314396
3477.863024,1000,46693.383004
3226.72016,1000,46696.332635
3125.347798,1000,46699.277995
3391.94441,1000,46702.414969
3368.493706,1000,46742.56345
3381.073943,1000,46745.654526
3418.946385,1000,46748.510105
3512.374916,1000,46751.085274
3498.032728,1000,46754.155145
3535.153567,1000,46794.165749
3325.364035,1000,46797.388881
3601.087124,1000,46800.432534
3306.571785,1000,46803.364145
3427.736371,1000,46806.666218
3437.759589,1000,46846.090757
3486.448154,1000,46849.380549
3266.216398,1000,46852.047056
3354.272682,1000,46855.020101
3438.586039,1000,46857.95361
3504.834598,1000,46898.140872
3307.627707,1000,46900.914242
3640.973675,1000,46903.869247
3438.283619,1000,46907.264858
3157.483821,1000,46910.386211
3566.192464,1000,46950.109201
3363.955314,1000,46952.644299
3440.388107,1000,46955.425655
3404.659631,1000,46958.595304
3446.248846,1000,46961.865122
3427.224924,1000,47002.7197
3349.424923,1000,47005.852154
3373.871561,1000,47008.768039
3331.282721,1000,47011.995678
3206.429442,1000,47014.80716
3471.017689,1000,47054.11186
3489.550487,1000,47057.275945
3201.660492,1000,47060.496692
3538.662102,1000,47063.495885
3666.73906,1000,47066.924911
3371.79271,1000,47108.277104
3673.145008,1000,47111.322001
3535.489485,1000,47114.163808
3502.388267,1000,47117.245384
3419.334073,1000,47120.431533
3396.383699,1000,47161.648646
3423.511875,1000,47164.969382
3486.311064,1000,47167.782274
3509.954048,1000,47170.906287
3469.058189,1000,47173.854041
3391.737557,1000,47209.499701
3514.149726,1000,47212.717592
3365.730285,1000,47215.916347
3614.518291,1000,47219.039156
3531.312724,1000,47222.113893
3479.127535,1000,47262.762168
3398.925873,1000,47265.73882
3635.7713,1000,47268.565379
3516.050162,1000,47271.980418
3542.051148,1000,47275.144476
3475.579509,1000,47316.018815
3440.534586,1000,47318.949098
3318.803149,1000,47322.075107
3551.438008,1000,47325.169796
3466.53204,1000,47328.281808
3446.323988,1000,47369.742637
3583.700945,1000,47372.883492
3387.153016,1000,47376.247057
3306.921916,1000,47379.156848
3366.385632,1000,47382.282623
3536.355818,1000,47421.87094
3639.390196,1000,47425.012016
3600.083633,1000,47428.118264
3530.460569,1000,47431.421174
3509.565703,1000,47434.088043
3166.827284,1000,47475.060781
3641.425282,1000,47478.007854
3570.662883,1000,47481.083319
3722.92197,1000,47483.89871
3410.416385,1000,47487.100211
3664.632132,1000,47526.795069
3563.412493,1000,47529.882607
3392.330641,1000,47532.786641
3242.67209,1000,47535.938118
3511.992182,1000,47538.969709
3491.922412,1000,47579.796121
3376.26562,1000,47582.506508
3409.620317,1000,47585.690011
3389.039814,1000,47588.838426
3366.435804,1000,47592.084643
3468.833962,1000,47630.077078
3405.735869,1000,47633.184098
3466.335983,1000,47636.521778
3653.888027,1000,47639.033634
3509.729099,1000,47642.082583
3532.785645,1000,47680.514846
3347.993283,1000,47683.48996
3582.814336,1000,47686.673209
3437.874763,1000,47689.922643
3711.42396,1000,47692.876765
3555.020354,1000,47733.304571
3678.116059,1000,47736.441799
3465.044669,1000,47739.376774
3770.013611,1000,47742.304727
3573.135541,1000,47745.751996
3636.967842,1000,47783.407107
3489.741154,1000,47786.374326
3694.057647,1000,47789.15175
3530.260089,1000,47791.917246
3677.270167,1000,47794.918566
3362.044723,1000,47834.362693
3560.44358,1000,47837.476037
3461.066551,1000,47840.501098
3707.359334,1000,47843.158918
3657.581027,1000,47845.956018
3503.99613,1000,47883.979779
3443.677922,1000,47887.004073
3577.376439,1000,47889.986525
3710.617178,1000,47893.1117
3700.013506,1000,47896.241546
3610.551166,1000,47937.277031
3702.561033,1000,47940.488944
3564.80012,1000,47943.986191
3476.444956,1000,47947.145362
3600.891841,1000,47950.118174
3705.983803,1000,47990.284509
3526.364394,1000,47993.061614
3572.925767,1000,47996.561689
3509.925985,1000,47999.677971
3614.902195,1000,48002.616647
3505.392785,1000,48041.921246
3725.520867,1000,48045.015572
3600.637823,1000,48048.130986
3559.424165,1000,48051.297662
3551.734353,1000,48054.395525
3671.190152,1000,48094.727432
3695.331953,1000,48097.740174
3612.469203,1000,48100.954247
3597.688833,1000,48103.826753
3544.976946,1000,48106.944655
3759.290077,1000,48145.169689
3516.715876,1000,48147.893786
3482.756339,1000,48151.181603
3611.067912,1000,48154.113368
3566.911365,1000,48157.354616
3665.68857,1000,48198.369177
3768.635912,1000,48201.141397
3529.431087,1000,48204.126798
3694.705922,1000,48207.398868
3549.452393,1000,48210.641844
3660.787582,1000,48251.836047
3859.488132,1000,48255.202743
3717.282492,1000,48258.243351
3708.202956,1000,48261.345217
3755.948949,1000,48264.021057
3631.270992,1000,48303.011211
3641.265477,1000,48306.103211
3642.915467,1000,48308.930833
3505.741261,1000,48311.48727
3730.964838,1000,48313.167212
3634.785161,1000,48342.454156
3645.577461,1000,48344.814559
3543.993345,1000,48347.166411
3564.657905,1000,48349.556563
3552.006266,1000,48351.997244
3786.630057,1000,48382.119614
3744.268472,1000,48383.973569
3629.907147,1000,48386.369786
3779.881576,1000,48388.808493
3589.462335,1000,48391.301622
3555.968476,1000,48422.020955
3767.775108,1000,48424.224288
3511.553632,1000,48426.917632
3606.019814,1000,48429.289923
3513.192076,1000,48431.679382
3792.408068,1000,48459.266787
3753.060688,1000,48461.731781
3601.794175,1000,48463.916209
3686.508066,1000,48466.266204
3686.425741,1000,48468.440585
3719.755839,1000,48498.917802
3639.504458,1000,48501.482736
3769.672444,1000,48503.694566
3528.954846,1000,48506.267113
3622.093944,1000,48508.600626
3827.008338,1000,48537.736658
3753.302774,1000,48540.077693
3554.647268,1000,48542.086355
3751.968687,1000,48544.321181
3600.002954,1000,48546.735056
3678.763106,1000,48577.194969
3663.004013,1000,48579.5493
3807.291111,1000,48581.900985
3800.462732,1000,48584.196769
3678.152906,1000,48586.625507
3601.236786,1000,48617.509737
3686.30952,1000,48619.781727
3752.735103,1000,48621.95913
3805.346924,1000,48624.406152
3558.926898,1000,48626.706583
3706.874758,1000,48657.288101
3647.99429,1000,48659.253959
3799.140346,1000,48661.405472
3732.416605,1000,48663.626442
3659.764392,1000,48666.05548
3543.490204,1000,48695.291599
3654.249078,1000,48697.525117
3804.63416,1000,48699.821932
3691.069033,1000,48702.267574
3690.974904,1000,48704.549916
3685.015283,1000,48734.852242
3592.937141,1000,48737.137094
3740.796549,1000,48739.696896
3633.523733,1000,48742.077195
3664.852407,1000,48744.268445
3871.697009,1000,48774.828335
3727.818665,1000,48777.182231
3798.047512,1000,48779.477768
3613.048009,1000,48782.069875
3774.075038,1000,48784.456018
3753.181014,1000,48814.376425
3662.659328,1000,48816.864691
3787.562382,1000,48819.043867
3843.68059,1000,48821.438463
3769.31397,1000,48823.69296
3681.431314,1000,48854.860114
3746.117248,1000,48857.352063
3698.790318,1000,48859.619167
3833.470589,1000,48861.973467
3687.603634,1000,48864.26654
3738.232988,1000,48895.274298
3761.969818,1000,48897.565741
3583.296077,1000,48899.897257
3724.224238,1000,48902.444977
3853.684744,1000,48904.900345
3675.459981,1000,48933.488527
3667.05387,1000,48936.384867
3826.146672,1000,48938.605115
3602.062794,1000,48941.147792
3757.490016,1000,48943.391554
3711.578307,1000,48974.615402
3671.057147,1000,48976.832317
3832.958014,1000,48979.101591
3725.155443,1000,48981.518012
3751.24078,1000,48983.768468
3797.626768,1000,49012.129689
3721.000892,1000,49014.366287
3861.173332,1000,49016.79342
3693.871754,1000,49019.026906
3916.413442,1000,49021.574008
3831.294555,1000,49049.871015
3646.821574,1000,49051.854252
3700.461957,1000,49053.804578
3741.607493,1000,49055.940554
3707.746933,1000,49058.08602
3747.701144,1000,49087.95694
3758.264183,1000,49090.412929
3623.280684,1000,49092.628264
3759.949965,1000,49095.020252
3853.334486,1000,49097.38972
3660.986457,1000,49127.53388
3608.626807,1000,49129.785148
3821.986814,1000,49132.046004
3433.558158,1000,49134.218281
3710.647141,1000,49136.599162
3477.070501,1000,49166.005441
3846.432252,1000,49168.333922
3825.653164,1000,49170.774876
3541.413662,1000,49172.956433
3600.257871,1000,49175.199123
3645.332358,1000,49204.282455
3655.590935,1000,49206.663894
3781.60239,1000,49208.849549
3372.134703,1000,49211.450221
3576.162464,1000,49213.853765
3646.547892,1000,49243.795627
3457.600707,1000,49246.17637
3472.593515,1000,49248.377543
3661.90326,1000,49250.726221
3514.11418,1000,49252.987188
3780.981847,1000,49282.432591
3556.720461,1000,49284.721629
3659.986969,1000,49287.132285
3636.504572,1000,49289.399214
3516.356177,1000,49291.860722
3568.893668,1000,49322.17218
3599.53444,1000,49324.853319
3628.992874,1000,49327.46543
3596.916433,1000,49330.235871
3785.201699,1000,49332.672303
3761.462568,1000,49363.967132
3659.844388,1000,49366.674407
3630.39552,1000,49369.011051
3703.796893,1000,49371.455328
3728.958083,1000,49373.790585
3739.818976,1000,49405.083071
3574.912638,1000,49407.384711
3547.823009,1000,49409.7074
3672.315449,1000,49411.864241
3477.92509,1000,49414.040236
3555.022008,1000,49444.747632
3754.822168,1000,49447.2658
3570.847247,1000,49449.673787
3763.363732,1000,49451.91138
3718.345119,1000,49454.223393
3823.37622,1000,49485.010527
3550.226867,1000,49487.375362
3689.669219,1000,49489.726073
3687.796243,1000,49492.020263
3587.777001,1000,49494.27814
3629.448625,1000,49525.737114
3635.492373,1000,49528.062688
3605.953735,1000,49530.286958
3686.526096,1000,49532.84519
3636.848155,1000,49535.273175
3627.960968,1000,49564.065914
3300.792065,1000,49566.69091
3668.941549,1000,49569.197263
3645.774185,1000,49571.561468
3660.596859,1000,49573.964588
3648.377693,1000,49600.036606
3468.596734,1000,49601.974597
3636.096727,1000,49603.987224
3443.055663,1000,49606.105658
3695.578574,1000,49608.515823
3502.292989,1000,49639.946519
3673.689647,1000,49641.864264
3592.054238,1000,49643.760196
3603.725914,1000,49645.854723
3595.386717,1000,49647.805653
3724.23687,1000,49677.932045
3620.329992,1000,49680.462806
3718.207389,1000,49682.797551
3601.903834,1000,49685.372128
3453.28774,1000,49687.926776
3123.895095,1000,49718.30458
3696.887511,1000,49720.851053
3660.513336,1000,49723.094245
3647.054503,1000,49725.500731
3569.310483,1000,49727.808297
3650.71673,1000,49758.972278
3353.726516,1000,49761.081402
3492.27499,1000,49763.298234
3602.741603,1000,49765.730826
3792.272433,1000,49767.97486
3739.59198,1000,49798.187818
3731.338486,1000,49800.376271
3732.788133,1000,49802.283833
3630.338515,1000,49804.559012
3659.200901,1000,49806.905262
3576.978946,1000,49838.317848
3676.177221,1000,49840.784317
3597.150813,1000,49843.000661
3648.893087,1000,49845.483102
3553.402888,1000,49847.751884
3561.618082,1000,49878.035696
3642.235428,1000,49880.215246
3696.946584,1000,49882.354431
3693.167624,1000,49884.691131
3494.134515,1000,49886.604541
3674.312784,1000,49918.119822
3505.324418,1000,49920.420507
3503.877778,1000,49922.659856
3624.452151,1000,49924.959167
3677.536415,1000,49927.308274
3567.267092,1000,49957.988728
3623.91873,1000,49960.434588
3663.78185,1000,49962.734718
3657.98555,1000,49965.133156
3706.930465,1000,49967.444898
3606.153784,1000,49997.6662
3712.716877,1000,50000.209083
3579.760363,1000,50002.588848
3700.671769,1000,50005.48777
3646.983244,1000,50008.039495
3714.989253,1000,50038.173026
3445.867873,1000,50040.363263
3850.022711,1000,50042.537733
3191.803263,1000,50044.891021
3286.253412,1000,50047.241411
3553.337254,1000,50076.338539
3452.314281,1000,50078.615585
3622.476081,1000,50081.07188
3876.056769,1000,50083.345525
3582.836645,1000,50085.783909
3623.935677,1000,50116.811661
3564.184859,1000,50119.136314
3667.141303,1000,50121.608425
3693.807675,1000,50123.888393
3640.360364,1000,50126.5201
3519.846639,1000,50157.663175
3651.946444,1000,50160.205743
3549.0544,1000,50162.609699
3820.510406,1000,50165.152406
3757.784065,1000,50167.501495
3677.601392,1000,50198.166514
3728.293774,1000,50200.604106
3426.634393,1000,50202.874327
3750.883431,1000,50205.327641
3592.675407,1000,50207.613001
3367.168257,1000,50238.694139
3735.024207,1000,50241.104168
3826.011516,1000,50243.012449
3663.500081,1000,50245.066818
3655.722615,1000,50247.07045
3484.963122,1000,50274.542032
3590.895926,1000,50276.899718
3742.08364,1000,50279.10752
3706.221053,1000,50281.510225
3663.578221,1000,50283.726756
3557.07423,1000,50314.223132
3561.942647,1000,50316.661366
3595.657257,1000,50318.893302
3712.544502,1000,50321.320263
3667.729361,1000,50323.490361
3745.21696,1000,50353.053574
3779.559072,1000,50355.618992
3576.492378,1000,50357.719088
3814.158696,1000,50359.927181
3540.637277,1000,50362.261574
3767.217328,1000,50392.129399
3604.326271,1000,50394.72166
3697.832336,1000,50397.245437
3701.920291,1000,50399.44138
3864.998527,1000,50401.872761
3627.655806,1000,50432.524402
3771.651197,1000,50434.592325
3766.251948,1000,50436.641497
3640.377665,1000,50438.823585
3656.025348,1000,50441.272044
3747.757723,1000,50471.583094
3622.920804,1000,50473.954057
3542.031652,1000,50476.371433
3632.998071,1000,50478.543317
3566.310998,1000,50480.947958
3621.058049,1000,50510.837598
3636.515962,1000,50513.108961
3439.739548,1000,50515.405813
3550.533499,1000,50517.676374
3618.886732,1000,50520.162944
3844.917745,1000,50550.986403
3773.231876,1000,50553.270221
3525.690106,1000,50555.750472
3840.718011,1000,50558.065231
3531.921298,1000,50560.490165
3698.946604,1000,50589.422399
3653.968024,1000,50591.89102
3733.21761,1000,50594.5552
3722.305343,1000,50596.878329
3555.968436,1000,50599.141375
3609.832877,1000,50629.479085
3730.416159,1000,50631.979564
3739.975059,1000,50634.356223
3741.494184,1000,50636.683172
3625.893514,1000,50638.940189
3618.530258,1000,50668.587359
3719.41305,1000,50670.737175
3861.016929,1000,50672.814356
3660.526277,1000,50675.236561
3765.005754,1000,50677.526527
3584.711838,1000,50707.933571
3554.080708,1000,50710.365942
3801.102891,1000,50712.706326
3842.587335,1000,50715.377779
3539.794524,1000,50717.69906
3738.661388,1000,50747.469132
3857.5172,1000,50749.431274
3512.682377,1000,50751.97743
3669.873326,1000,50754.254374
3660.607904,1000,50756.597778
3718.426221,1000,50786.300347
3836.492222,1000,50788.549534
3998.830099,1000,50790.982429
3597.150551,1000,50793.432058
3810.581733,1000,50795.630514
3705.067786,1000,50825.639329
3650.419757,1000,50827.909353
3611.4485,1000,50830.333338
3621.067124,1000,50832.42176
3480.925406,1000,50835.048349
3857.142589,1000,50865.383615
3823.722115,1000,50867.589491
3707.228707,1000,50869.906848
3614.84377,1000,50872.049736
3733.575697,1000,50874.099223
3819.769156,1000,50904.358623
3704.557774,1000,50906.715353
3668.166488,1000,50908.930956
3763.417963,1000,50911.290879
3659.678423,1000,50913.476833
3750.16593,1000,50943.55818
3690.550693,1000,50945.681056
3703.401676,1000,50947.600432
3518.243141,1000,50949.585994
3652.971031,1000,50951.708841
3680.348362,1000,50981.232586
3581.281564,1000,50983.526296
3635.504072,1000,50985.989345
3743.639356,1000,50988.287745
3726.188632,1000,50990.803313
3733.188878,1000,51019.747122
3803.851321,1000,51022.008682
4074.745507,1000,51024.261316
3630.292651,1000,51026.745559
3704.936036,1000,51028.894758
3770.563057,1000,51057.94835
3628.020497,1000,51060.444479
3976.330781,1000,51062.698189
3585.889205,1000,51065.072679
3649.685436,1000,51067.339141
3736.026981,1000,51097.583647
3757.855732,1000,51099.92852
3922.440963,1000,51102.232033
3905.198712,1000,51104.520303
3593.813102,1000,51106.864925
3685.377242,1000,51136.959425
3819.597895,1000,51139.457492
3716.742562,1000,51141.832693
3782.121359,1000,51144.20978
3709.816966,1000,51146.564924
3692.630739,1000,51176.881358
3679.773628,1000,51179.101526
3695.68794,1000,51181.738487
3783.680939,1000,51184.158514
3855.006765,1000,51186.639439
3785.571965,1000,51217.729592
3668.734617,1000,51220.137192
3664.426917,1000,51222.433795
3785.208467,1000,51224.716938
3751.473252,1000,51227.274049
3710.025556,1000,51258.339054
3771.940217,1000,51260.824209
3711.310962,1000,51263.06073
3706.460904,1000,51265.53256
3673.227947,1000,51267.919421
3774.144557,1000,51295.796914
3798.399502,1000,51298.116721
3610.669338,1000,51300.488462
3761.886294,1000,51302.729655
3680.202549,1000,51305.103849
3621.277943,1000,51335.661004
3540.169899,1000,51337.883904
3716.195387,1000,51339.884493
3706.713968,1000,51342.180075
3614.46742,1000,51344.397146
3744.963343,1000,51372.904618
3814.759598,1000,51375.301219
3689.614066,1000,51377.539244
3854.488177,1000,51380.139281
3738.063184,1000,51382.388285
3877.126232,1000,51412.782831
3929.814097,1000,51415.322221
3725.328915,1000,51417.501602
3774.667639,1000,51419.740215
3795.711901,1000,51422.086785
3584.446868,1000,51451.879305
3719.489752,1000,51454.018034
3842.090694,1000,51456.186947
3877.637907,1000,51458.257206
3796.932683,1000,51460.719431
3547.693868,1000,51491.001538
3686.044415,1000,51493.179984
3834.526116,1000,51495.546502
3554.096956,1000,51497.795557
3701.899353,1000,51500.336639
3702.920989,1000,51530.346369
3699.824584,1000,51532.524452
3561.361968,1000,51534.771399
3782.172414,1000,51537.057401
3811.747377,1000,51539.226433
3832.708415,1000,51567.998869
3650.255567,1000,51570.122241
3800.168446,1000,51572.110122
3864.954909,1000,51574.48393
3743.228854,1000,51576.788993
3734.012705,1000,51606.138417
3845.208838,1000,51608.247131
3924.06147,1000,51610.601256
3516.729231,1000,51612.998372
3638.543112,1000,51615.397463
3639.303116,1000,51647.033469
3731.374162,1000,51649.278072
3685.499716,1000,51651.971236
3773.395525,1000,51654.396252
3694.807646,1000,51656.448798
3679.616941,1000,51676.530467
3808.156341,1000,51678.207187
3463.431671,1000,51680.073812
3631.150339,1000,51681.895241
3720.91127,1000,51683.539781
3704.394067,1000,51704.231719
3791.208045,1000,51706.088503
3741.410186,1000,51707.515354
3619.929814,1000,51708.901901
3559.564581,1000,51710.330813
3789.994444,1000,51722.579985
3798.626651,1000,51723.400533
3615.840256,1000,51724.219935
3739.639212,1000,51725.247672
3787.994766,1000,51726.106265
3746.304656,1000,51736.49278
3604.747159,1000,51737.34131
3603.653892,1000,51738.201456
3791.941157,1000,51739.066692
3493.834011,1000,51740.315468
3758.585393,1000,51751.034075
3915.287994,1000,51751.846808
3612.364459,1000,51752.766975
3529.711948,1000,51753.606276
3652.54588,1000,51754.726842
3718.722342,1000,51765.463861
3630.538618,1000,51766.379152
3648.363347,1000,51767.363785
3649.114746,1000,51768.567183
3697.514072,1000,51769.696547
3731.866838,1000,51780.372392
3826.263798,1000,51781.315095
3547.255696,1000,51782.218904
3853.591946,1000,51783.134711
3643.917736,1000,51783.948417
3733.714882,1000,51793.840343
3734.588598,1000,51794.781546
3718.403498,1000,51795.738773
3607.740547,1000,51796.597968
3613.237007,1000,51797.502115
3715.085699,1000,51809.117787
3801.532561,1000,51810.252757
3695.490628,1000,51811.1404
3738.139677,1000,51812.259238
3714.225339,1000,51813.20121
3506.008179,1000,51823.417758
3555.15685,1000,51824.244078
3769.19812,1000,51825.347978
3771.527727,1000,51826.230368
3885.805077,1000,51827.071234
