#{"t_start": 1657269983.6683943, "env_id": "Walker2d-v2"}
return,length,time
-1.79018,20,46.068445
-7.348799,17,46.174811
0.615239,19,46.269574
-5.401395,9,46.317117
-10.384212,16,46.40423
-4.463104,27,46.578982
-1.622929,17,46.686601
-7.503793,19,46.81454
-2.553885,24,46.965201
-0.484072,15,47.062764
-3.735044,17,47.165389
3.20773,14,47.253505
-6.058288,23,47.387749
1.261944,11,47.447264
3.468114,14,47.535091
9.259717,51,47.80494
-2.192242,13,47.88235
0.327427,11,47.950641
-2.168816,24,48.077102
5.495476,17,48.173975
-3.369337,17,48.2713
5.703663,35,48.455363
-0.989268,16,48.57357
-0.419204,12,48.640683
0.666306,10,48.703108
-0.320345,13,48.786656
5.752122,28,48.921395
1.53963,18,49.009356
-5.198308,10,49.070185
-4.648682,21,49.173441
1.902954,19,49.275734
-1.34666,26,49.414113
2.089271,28,49.623775
-5.089076,23,49.783409
-2.347344,12,49.850357
3.858085,30,49.992902
-0.371309,19,50.084159
4.934277,30,50.220991
-5.037581,21,50.316337
4.697253,20,50.399835
-0.831305,12,50.448726
-7.12502,10,50.487463
1.382877,18,50.570267
2.572151,25,50.756026
-3.152098,10,50.810558
1.35443,12,50.870098
2.363604,12,50.932184
4.270819,31,51.111265
-0.233782,18,51.207716
-1.434256,18,51.296104
4.246927,38,51.510235
5.47438,17,64.79789
13.456871,30,64.995535
-2.220752,12,65.086739
-2.247132,23,65.244772
-1.133062,11,65.317049
-3.709351,16,65.422501
-5.776896,18,65.522121
-9.908466,17,65.625649
-0.066621,20,65.729085
2.596437,14,65.799449
-6.090945,20,65.894986
5.79579,24,66.027482
2.488714,14,66.120268
-5.364633,19,66.203983
0.942556,10,66.260854
6.741602,20,66.376432
-1.959583,21,66.499954
-4.724934,25,66.626616
-5.472292,14,66.701381
-3.098652,17,66.799714
-4.447516,30,66.958317
-5.518482,11,67.01039
2.89597,25,67.157537
-5.063867,12,67.236014
-0.898527,26,67.381212
-2.247294,17,67.501952
-9.144405,23,67.634644
-3.67622,14,67.709663
7.892664,35,67.878179
5.281918,17,67.966795
1.238507,18,68.060085
-3.161469,14,68.126325
5.830357,23,68.254337
-6.246485,9,68.313965
-4.752936,13,68.392633
0.530867,15,68.461045
5.867698,21,68.556495
-1.474331,9,68.598854
10.78904,20,68.698396
-0.174406,23,68.797266
9.825042,34,68.941553
-3.968572,9,68.988916
-9.320887,13,69.046751
-3.761693,19,69.141564
-4.712783,13,69.225522
-5.465536,20,69.333324
-9.828261,19,69.442834
-1.026202,27,69.587706
-6.875104,15,69.663136
3.591703,15,69.753675
-7.54667,12,69.811169
1.529953,11,69.876069
-7.116082,20,69.987625
2.422535,23,70.168675
5.849235,21,70.332186
-5.231702,23,72.407236
0.623992,11,72.48873
-7.438687,22,72.62341
-7.405286,15,72.698968
-0.740337,17,72.800911
-1.240556,12,72.866048
0.204128,10,72.929862
-8.486634,14,73.005114
-4.207645,13,73.070251
-7.330116,22,73.179079
4.82568,19,73.289925
-2.7351,20,73.381749
-12.50723,16,73.444235
-10.416514,26,73.591703
0.185587,29,73.745231
-0.872279,19,73.846958
-10.410505,18,73.934859
-6.686147,21,74.053285
-2.174135,7,74.095263
-4.545324,24,74.246037
0.221623,16,74.340454
-3.938087,10,74.420843
-0.572135,21,74.564552
5.366183,18,74.676826
-4.091744,13,74.76899
-2.195453,17,74.870637
-6.055749,15,74.962929
1.000285,11,75.030429
-10.108175,28,75.194139
17.477883,36,75.411319
-2.42874,9,75.466064
-4.611107,9,75.520214
-2.023204,28,75.694735
-0.477669,13,75.778556
-0.711694,33,75.977065
-9.392802,17,76.074768
8.289277,27,76.228393
11.889849,25,76.368291
-1.822097,14,76.471148
-4.579776,25,76.641048
-6.878565,18,76.75714
-1.997703,21,76.887049
-2.28323,17,76.982339
-4.487834,11,77.047217
0.681137,16,77.126098
-9.676808,16,77.207223
-0.235428,12,77.270041
-1.149943,10,77.329488
2.242162,21,77.450544
-6.765925,19,77.567135
-6.580776,16,77.656721
-4.373453,31,77.840189
-6.099685,24,77.964619
-4.409134,19,78.073354
-4.028825,12,80.035416
-3.383959,16,80.141822
6.407113,27,80.307401
-7.974707,17,80.418312
-2.640684,13,80.489681
-0.455853,15,80.55628
-0.056712,11,80.643957
-2.513948,16,80.707204
-0.846864,10,80.756048
3.1926,22,80.866235
-12.682282,15,80.935919
-1.69056,14,81.004404
-3.552798,13,81.071886
-5.51306,19,81.17292
-5.66635,17,81.248865
-1.189366,23,81.369071
-10.349312,22,81.49979
-6.166104,23,81.649123
-6.626913,17,81.726231
-1.027605,11,81.780518
-6.561286,9,81.828146
-1.609863,10,81.878218
11.696979,30,82.017901
4.168424,24,82.131996
-12.8377,21,82.224818
3.342621,13,82.28398
-6.028815,16,82.376976
-1.189849,23,82.506695
3.604402,16,82.591598
4.347078,14,82.69203
-0.601583,20,82.797761
-4.209283,29,82.953506
-1.19993,9,83.001667
-8.110384,14,83.084418
-3.149549,12,83.142255
-5.800135,11,83.203095
-13.429099,15,83.284332
-2.473726,21,83.399989
-2.440483,14,83.485018
-10.209013,18,83.574933
-6.806311,23,83.715531
-3.251134,18,83.822573
-1.146325,18,83.911278
-7.324448,15,83.98533
1.255391,21,84.097156
-8.162418,11,84.164322
1.156083,14,84.242201
-0.927586,15,84.330109
4.502078,14,84.422311
-1.322721,26,84.541727
-7.889521,19,84.637452
-2.615344,8,84.687958
-0.857044,10,84.762174
-1.697514,20,84.865236
1.782791,13,84.931904
-6.28006,15,85.010225
-9.251368,16,85.097888
0.889689,10,85.152039
-4.359502,17,85.256179
-5.002296,16,85.352873
-5.287574,21,87.208643
-4.068662,23,87.320716
-2.438856,11,87.379411
-10.580513,19,87.489413
-11.626494,15,87.576193
-7.916181,20,87.676334
-10.088507,14,87.74703
-9.019212,19,87.836215
-11.470548,17,87.931808
3.461592,12,87.986896
-2.764431,14,88.058556
-8.022823,15,88.12737
-5.111057,22,88.23065
0.121963,21,88.342211
-7.410447,10,88.401104
-7.017449,20,88.506559
-6.492923,9,88.558879
-12.164768,17,88.653175
-6.552108,22,88.768741
-3.683465,12,88.828475
3.728993,27,88.984882
-4.254432,12,89.068881
-7.867162,18,89.178588
13.212249,23,89.289323
-15.422222,13,89.358159
-9.415801,15,89.44529
-6.793475,15,89.538372
-9.411621,17,89.621625
-5.047425,8,89.663864
3.145513,19,89.774159
2.250151,15,89.855474
-6.040177,11,89.942246
-4.413354,8,89.981217
5.017323,33,90.164042
5.88172,21,90.288534
-9.636538,15,90.361047
-6.318433,20,90.465961
-2.190989,9,90.50915
8.758256,18,90.59577
-12.903806,16,90.693519
-3.880383,21,90.816056
-10.91322,15,90.92191
0.463221,16,91.052298
2.345633,17,91.147552
-5.017915,11,91.21
-9.537217,17,91.285187
-0.733597,23,91.386211
0.389888,12,91.451362
2.464378,13,91.512939
-6.470674,18,91.600262
-12.962875,16,91.677912
-7.280183,12,91.736517
-2.29412,9,91.782743
-3.077091,23,91.877912
-3.892628,22,92.003496
-2.826068,9,92.062371
-2.506762,26,92.211899
-8.576082,19,92.318901
-3.403256,10,92.372402
-11.486689,12,92.438832
-4.380555,25,92.589039
-6.391426,16,98.488211
-9.844972,16,98.599952
-3.030054,10,98.657135
-9.173064,14,98.716893
1.790915,17,98.795681
-5.107508,11,98.84708
-6.285243,18,98.923121
-4.082899,9,98.967448
-4.933353,9,99.01288
-6.265551,20,99.100713
-3.466995,23,99.196903
-5.670235,9,99.254676
-6.402405,19,99.349777
-1.597383,25,99.481714
-0.918541,27,99.622538
-9.177423,17,99.711034
-1.896125,13,99.773071
-8.821853,19,99.868682
-2.168016,22,99.973431
-8.915974,14,100.034502
-4.627459,20,100.138362
6.035035,19,100.236497
-4.86795,9,100.296883
-6.995973,17,100.392218
-8.936748,14,100.468795
-6.147296,22,100.564721
4.134043,14,100.642546
-11.104351,15,100.711847
-8.083914,17,100.795656
-5.466755,21,100.892184
-4.994725,22,100.982509
-9.546958,17,101.05384
-3.430652,22,101.153346
-7.872829,15,101.219045
-2.991903,9,101.265562
-5.09687,21,101.361354
-3.74877,20,101.441176
-1.105408,10,101.493701
-7.016023,19,101.586153
-2.582683,10,101.642625
3.331332,20,101.749136
-7.826586,18,101.835974
-2.282576,24,101.964466
-7.823072,21,102.049861
-5.294766,14,102.111902
0.11075,12,102.168025
-3.26377,17,102.25884
-1.490409,12,102.322049
-8.302074,21,102.44153
-6.764955,22,102.566058
2.235689,17,102.666038
-2.269233,12,102.731713
-3.623469,23,102.866272
3.06881,13,102.933473
1.485714,16,103.004838
-4.911608,9,103.044209
-8.793812,18,103.136284
-1.705668,16,103.228058
-7.016183,19,103.336782
-6.127454,16,103.424339
-9.363307,17,105.208575
-10.831248,15,105.29998
-9.028108,17,105.40849
-13.196474,16,105.5065
-5.777953,10,105.563874
-4.771098,19,105.649296
-6.915174,18,105.742081
-13.160904,15,105.816062
-1.635642,19,105.919982
-10.938738,16,105.99884
-3.043339,26,106.123244
-8.435361,16,106.203436
-1.800029,14,106.269375
-11.005034,15,106.345207
-10.084002,16,106.424273
-5.790123,11,106.493639
-2.639315,26,106.648572
-9.390061,14,106.732437
-7.967645,20,106.863172
-10.22307,12,106.930265
-0.611116,22,107.049323
-7.03193,16,107.14153
2.932062,13,107.208679
-6.686157,12,107.273498
-11.752835,17,107.375034
-2.003963,24,107.527482
-11.287557,16,107.608203
-3.18154,20,107.727904
-10.629766,14,107.803777
-7.700587,11,107.85814
-9.905587,17,107.948268
-8.370307,17,108.026707
-6.538804,21,108.132054
-6.845067,19,108.23223
-13.671772,14,108.320411
-9.664074,21,108.443877
-5.864956,21,108.587746
-9.63198,15,108.675309
-9.610927,18,108.787845
-8.117307,21,108.911907
-10.490213,14,108.97951
-9.199045,17,109.072334
-6.037548,13,109.132716
-9.219156,14,109.206014
-2.87978,16,109.285821
-4.755662,6,109.315761
-13.425112,16,109.406768
-10.338173,17,109.508517
-10.721251,15,109.613494
-8.265916,18,109.716965
0.386397,26,109.86235
-8.904806,13,109.941091
-6.300939,16,110.025167
-11.188113,15,110.113385
-11.664517,17,110.211238
-6.696237,16,110.310192
-11.601791,16,110.394208
-4.748812,20,110.486969
-10.721829,14,110.552629
-12.197813,15,110.669773
-9.500617,17,112.613377
-7.151841,19,112.731184
-10.496506,17,112.817244
-10.059927,16,112.894563
-6.139965,19,112.988296
-7.872902,18,113.070828
-9.220845,16,113.154924
-6.943919,19,113.262771
-10.625353,16,113.348341
-5.989845,21,113.450163
-8.500187,17,113.543745
-2.585795,23,113.65911
-6.443333,20,113.822158
-7.265568,15,113.90084
-11.214847,14,113.970993
-9.136174,18,114.067789
-11.0128,16,114.151135
-8.25196,18,114.257554
-4.31418,14,114.321959
-2.743816,10,114.373752
-1.494356,23,114.501388
-5.331258,21,114.591294
-8.064167,15,114.675154
-8.849064,14,114.768825
-2.958609,16,114.85057
-10.667151,18,114.940064
-10.11465,16,115.031472
-8.61139,18,115.144967
-7.910305,18,115.242409
-9.712925,15,115.316177
-12.12626,17,115.402061
0.171465,12,115.475711
-3.507271,22,115.587237
-4.848024,21,115.686313
-9.264698,18,115.823045
-2.943647,19,115.931882
-5.58456,25,116.041731
-11.685122,15,116.108424
-10.192183,15,116.174664
-9.85797,17,116.260289
-10.818795,18,116.352424
-5.421371,19,116.439834
-10.253497,16,116.517358
-9.923835,17,116.599948
-10.217029,16,116.68505
-11.194455,17,116.800033
-12.144877,16,116.897393
-2.489341,20,117.020437
-7.618658,18,117.137545
-8.301248,16,117.246213
-11.877407,15,117.318188
-10.58312,16,117.41121
-9.690548,15,117.489446
-7.594849,20,117.576488
-8.244071,16,117.659375
-7.357478,17,117.748843
-3.54265,22,117.875588
-9.953169,21,119.851085
-13.786016,15,119.968569
-10.438277,15,120.067925
-4.275429,14,120.165207
-5.598792,20,120.290312
-4.395612,21,120.415266
-7.364746,20,120.514327
-2.875157,21,120.62337
-11.004048,16,120.713276
-6.912306,15,120.79455
-11.641056,17,120.888182
-10.176268,17,120.978833
-8.912113,17,121.064567
0.083283,9,121.12274
-13.774642,13,121.203145
-10.642209,16,121.284882
-11.235171,14,121.347953
-8.650062,18,121.426056
-11.714467,14,121.501037
-10.220353,15,121.581286
-6.76047,19,121.664021
-7.547178,17,121.739048
-7.637099,16,121.813396
-11.242151,13,121.868769
-6.194643,18,121.941406
-4.308305,21,122.010227
-8.42133,16,122.043815
-9.211041,12,122.089437
-13.20371,16,122.16399
-9.272129,17,122.249377
-8.507698,16,122.333231
-0.030098,21,122.473316
-8.584656,16,122.573488
-7.750391,19,122.689576
-10.475138,14,122.771512
-5.344619,16,122.876896
-7.912099,14,122.973631
-5.400809,20,123.09376
-11.719299,15,123.177095
-9.161682,17,123.275034
-3.846133,16,123.359427
-10.544636,18,123.451064
-11.975305,14,123.532103
-6.807694,18,123.64313
-9.288895,19,123.749925
-10.003408,17,123.847401
-8.65381,17,123.959252
-8.105767,20,124.073337
-5.409576,16,124.154102
-9.066577,16,124.22521
-1.376232,20,124.339892
-11.020586,15,124.417124
-6.728886,16,124.494711
-5.452222,18,124.597866
-4.390073,20,124.70387
-9.595281,16,124.787191
-5.856889,20,124.903717
-10.248797,15,124.982438
-4.761353,21,125.132534
-13.531352,15,125.219291
1.608068,28,127.285188
-11.845557,16,127.374738
-8.535997,17,127.482968
-11.165706,16,127.578662
-10.636961,16,127.698705
-11.59802,14,127.790101
-1.871686,24,127.941549
-10.758479,15,128.022647
-2.895028,15,128.096008
-12.521054,13,128.172838
-8.988785,17,128.302375
-10.366673,14,128.367371
-9.66642,16,128.444855
-10.285761,14,128.513701
-13.022266,12,128.584593
-10.850117,15,128.665402
-8.062095,18,128.76599
-9.358848,17,128.84917
-10.876013,14,128.913103
-12.611913,14,128.970594
-9.676402,16,129.04923
-11.577005,16,129.1234
-9.732616,19,129.236553
-11.815861,14,129.316694
-11.248142,16,129.417186
-12.654347,14,129.50067
-6.411687,20,129.629081
-12.741352,12,129.707674
-9.102015,17,129.789424
-12.407004,16,129.876796
-7.661389,20,129.985016
-8.528854,14,130.067192
-6.741653,21,130.215981
-8.121778,20,130.367837
-10.685661,13,130.460634
-11.825996,15,130.538508
-1.718024,19,130.631788
-8.651936,19,130.745405
-7.302105,19,130.846273
-7.288536,17,130.924506
-12.962597,15,131.00196
-9.147755,19,131.113551
-10.926817,15,131.218124
-10.717009,14,131.316038
-4.201126,22,131.470972
-8.098818,19,131.59031
4.425181,23,131.732721
-9.784152,17,131.829068
-6.689035,20,131.942636
-11.009081,17,132.031997
-8.295354,18,132.12104
-1.60431,15,132.196135
-8.686052,14,132.262908
-8.719756,17,132.35693
-9.091466,12,132.430109
-3.815953,19,132.536261
-3.470292,12,132.600452
-1.977479,7,132.642842
-7.237016,18,132.74268
-10.779415,14,132.823184
-11.837556,14,132.895317
-10.224668,18,136.531189
-12.575759,17,136.621089
-7.915963,18,136.716699
-11.507551,14,136.793786
-9.260541,16,136.882138
-9.178021,16,136.973587
-9.102542,18,137.077087
-11.897199,13,137.148207
-11.068268,15,137.221816
-11.572244,14,137.315633
-8.237363,12,137.379696
-3.175098,22,137.512257
-13.625709,14,137.594479
-2.256243,25,137.732815
-12.615135,15,137.81131
-5.757735,18,137.92513
-8.447574,16,138.00725
-9.278657,18,138.099159
-8.366075,14,138.184811
-6.907038,21,138.336116
-7.39259,19,138.453595
-10.482878,12,138.526237
-10.277776,16,138.625019
-11.235311,14,138.692922
-9.883059,20,138.783736
-8.519002,14,138.860302
-8.092362,18,138.955071
-11.657374,17,139.041405
-12.008414,16,139.120066
-9.38612,16,139.202334
-11.122728,14,139.299893
-10.455698,15,139.370187
-6.195614,16,139.452091
-11.825693,13,139.517564
-9.315621,19,139.626326
-12.100242,13,139.686465
-11.97477,15,139.753329
-6.301287,20,139.857035
-10.810987,19,139.974056
-5.030024,21,140.086901
-10.822659,16,140.183065
-9.323989,16,140.272889
-7.464973,20,140.408041
-10.351486,16,140.501571
-11.870229,13,140.574123
-10.321986,15,140.668674
-7.691996,19,140.798892
-10.859118,15,140.878032
-8.170374,11,140.95198
-2.972205,20,141.04377
-3.179644,23,141.184463
-8.219501,18,141.273909
-9.594317,17,141.363188
-8.101512,19,141.478743
-11.035874,14,141.575481
-9.134043,17,141.69499
-11.018182,17,141.812185
-10.7608,14,141.897378
-10.414122,12,141.981245
-13.216819,14,142.068842
-11.209329,15,142.194736
-10.530168,21,144.509677
-6.346865,20,144.608956
-8.890314,17,144.703582
-4.629703,21,144.831467
-7.159952,17,144.930364
-8.829717,18,145.054745
-1.569847,26,145.257401
-2.679514,24,145.409427
-10.213025,16,145.504793
-8.163454,19,145.619161
-10.653591,14,145.703078
-11.605932,15,145.801018
-11.214544,14,145.931108
-12.08948,15,146.035006
-9.189833,17,146.158079
-5.795138,17,146.261679
-7.166629,19,146.379519
-6.592026,20,146.501762
-6.172992,21,146.63578
-7.64636,19,146.763095
-10.00039,16,146.889174
-5.85039,21,147.018762
-10.442852,16,147.109103
-8.261559,18,147.216707
-11.14232,16,147.318138
-7.36569,19,147.444511
-12.863712,14,147.533442
-5.494061,22,147.664439
-10.528429,15,147.758164
-11.795238,16,147.857181
-12.271461,14,147.948756
-10.111755,13,148.031018
-10.114541,17,148.133334
-13.4398,14,148.217426
-11.183634,14,148.300891
-5.27844,20,148.412669
-8.219855,18,148.52045
-8.94938,14,148.621248
-7.24789,19,148.75368
-10.665738,15,148.855754
-11.796503,15,148.965763
-10.655178,16,149.052795
-9.622254,18,149.153272
-4.183158,12,149.22189
5.0781,31,149.386329
-10.771249,15,149.470239
-9.072613,16,149.564585
-10.449384,14,149.649858
-10.71192,11,149.717176
-11.632788,15,149.807275
-9.796533,16,149.901536
-12.933709,16,149.998289
-8.176553,17,150.090488
-6.835304,17,150.190884
-10.371494,15,150.28666
-11.839381,15,150.371344
-8.917761,15,150.45256
-9.047153,18,150.56343
-12.492519,15,152.779276
-5.72295,20,152.876836
-13.897678,14,152.960756
-9.030283,19,153.11098
-10.225182,16,153.210804
-7.842403,15,153.330133
-8.871514,18,153.480754
-12.862995,16,153.597022
-10.646963,14,153.680818
-11.301603,16,153.801019
-12.663934,14,153.885394
-10.217673,16,153.988813
-5.305754,21,154.147857
-9.630776,17,154.292009
-9.179897,18,154.396808
-13.689613,12,154.467798
-6.790084,19,154.592234
-6.118915,21,154.758881
-13.112648,13,154.842995
-11.91248,15,154.931664
-11.838608,16,155.041375
-3.617328,30,155.256765
-6.911015,20,155.378313
-10.262939,17,155.498935
-7.579463,19,155.634094
-12.262674,15,155.746644
-7.425075,18,155.848035
-10.504936,16,155.958204
-11.506318,16,156.029881
-12.301492,13,156.089711
-8.093576,17,156.18587
-7.650619,18,156.290226
-11.455225,15,156.376888
-11.931169,14,156.45823
-10.801955,17,156.602936
-7.096835,19,156.745381
-5.845467,22,156.910682
-10.749251,15,157.015325
0.195476,27,157.254505
-7.407223,18,157.396716
-11.547788,17,157.506015
-5.803386,20,157.657364
-10.317004,18,157.775294
-10.148729,17,157.887653
-8.391792,18,157.992774
-9.912448,17,158.097286
-9.95678,16,158.200547
-7.478123,14,158.282363
-9.703221,17,158.365855
-7.458972,20,158.470571
-7.724745,15,158.55604
-10.216186,16,158.64047
-9.772011,16,158.722719
-12.691605,14,158.803726
-10.862123,19,158.909776
-5.428967,21,159.020713
-13.199891,15,159.101329
-6.284099,12,159.166879
-6.15494,19,161.180611
-11.752716,19,161.279028
-12.615042,14,161.390688
-7.821657,19,161.51675
-10.815128,16,161.611356
-7.01878,21,161.740734
-6.775536,20,161.846422
-8.792197,18,161.949843
-11.756933,16,162.040081
-10.905934,16,162.132657
-11.31561,16,162.226317
-11.324832,13,162.315174
-9.934043,16,162.43634
-7.46825,19,162.582167
-6.230821,21,162.731335
-5.34993,21,162.864919
-10.903453,15,162.940027
-8.461938,18,163.035951
-5.2959,19,163.161882
-9.405492,16,163.273319
-11.088124,15,163.382066
-11.136028,13,163.478901
-6.4635,20,163.596186
-3.628191,22,163.725648
-9.161858,17,163.825646
-8.513047,17,163.919003
-11.285272,14,164.024091
-10.341357,15,164.122143
-14.192621,16,164.226552
-9.37783,16,164.345179
-9.486431,18,164.48746
-10.654528,16,164.585128
-11.686421,15,164.680652
-9.067286,16,164.817977
-6.412661,18,164.947286
-11.127726,15,165.04727
-6.787163,20,165.200098
-11.291018,16,165.304092
-13.162165,14,165.373708
-7.917162,18,165.479081
-10.967668,16,165.586839
-10.847196,16,165.687391
-9.974034,15,165.779058
-11.274059,14,165.869407
-8.680605,16,165.966221
-10.606981,16,166.058663
1.094475,26,166.211125
-12.924521,16,166.289308
4.476118,28,166.423096
-6.571605,20,166.533372
-8.870396,16,166.603728
-9.252701,17,166.686643
-5.809852,22,166.803299
-8.783351,19,166.90792
-13.214662,17,167.014906
-12.48081,14,167.096983
-9.408723,17,167.196236
-11.12363,16,167.292303
-7.569452,22,169.014055
-11.878754,15,169.108451
-6.342607,21,169.254311
-7.770684,18,169.366483
-9.625296,21,169.485229
-4.647601,21,169.618885
-12.786445,15,169.697481
-9.655894,17,169.785131
-9.395894,19,169.888551
-6.144016,20,169.993431
-10.350678,19,170.10809
-10.150367,17,170.221999
-9.666364,18,170.310144
-10.852611,15,170.391342
-10.519879,14,170.468199
-9.282021,18,170.57046
-11.625155,16,170.660484
-4.990421,22,170.779597
-6.956128,19,170.877992
-9.915889,17,170.981793
-6.864047,16,171.062589
-8.525617,18,171.159172
-5.068811,21,171.287882
-11.544664,16,171.387911
-3.779772,24,171.536597
-10.793192,15,171.650497
-6.598314,21,171.81998
-8.743477,17,171.945106
-11.248147,15,172.043039
-10.613605,16,172.1163
-9.195207,19,172.235172
4.409216,28,172.372837
-8.445902,18,172.458631
-10.669179,17,172.546902
-10.258755,18,172.625056
-10.446853,16,172.700074
-10.948329,16,172.795668
-6.803374,20,172.880254
-8.363214,18,172.987535
-10.104186,15,173.065748
-6.219082,20,173.164148
-9.719843,16,173.244479
-10.077155,16,173.330126
-7.686356,19,173.418356
-11.614493,15,173.485455
-8.649385,18,173.571121
-6.276245,21,173.668671
-8.584101,18,173.762216
-8.457205,18,173.857856
-9.439966,17,173.933735
-10.499006,16,174.019837
-10.778617,18,174.117758
-10.439551,17,174.208886
-6.246126,22,174.316854
-8.157852,17,174.409428
-12.071763,14,174.493049
-10.003659,17,178.304536
-9.473935,16,178.40407
-8.922002,18,178.514132
-9.771423,16,178.607148
-10.548441,16,178.684356
-4.754156,21,178.819662
-9.404838,17,178.914374
-8.316585,19,179.051526
-7.73457,20,179.15354
-11.611116,17,179.238069
-9.159187,17,179.321882
-9.709664,15,179.391757
-5.333765,20,179.501156
-11.224077,14,179.569597
-12.368274,16,179.657009
-10.635685,17,179.761433
-10.850076,17,179.87091
-7.116538,22,180.014625
-8.931175,18,180.10659
-10.724904,15,180.185857
-7.29034,22,180.308725
-11.215044,15,180.391059
-9.175088,17,180.50672
-5.548402,20,180.607002
-8.411907,16,180.699931
-9.779824,17,180.800226
-8.1988,19,180.918262
-9.187285,18,181.039465
-5.654256,21,181.178185
-9.436675,17,181.294137
-12.338329,14,181.401738
-9.542043,17,181.518345
-9.514485,17,181.620441
-7.07812,21,181.744178
-7.323708,20,181.862262
-11.07499,16,181.95028
-10.051499,17,182.053081
-8.911434,19,182.153944
-12.032507,16,182.241349
-8.793411,17,182.325896
-8.482392,18,182.420883
-9.673555,14,182.484276
-9.6704,17,182.579198
-8.749194,18,182.681603
-6.892562,17,182.779401
-9.016182,16,182.875322
-7.949175,19,182.974163
-8.189341,19,183.106761
-5.538406,23,183.246924
-5.697024,21,183.342543
-7.976408,18,183.438639
-9.176544,16,183.541765
-12.624989,14,183.604654
-11.115795,16,183.692131
-10.817868,16,183.765295
-6.117538,16,183.836751
-13.574059,14,183.914733
-7.535378,21,185.827822
-6.838637,20,185.928739
-9.243117,17,186.016306
-10.423528,18,186.116653
-5.594456,22,186.270015
-4.554519,21,186.395388
-8.369694,18,186.483113
-11.633101,16,186.565822
-8.168774,20,186.686479
-3.795336,22,186.790323
-2.764218,23,186.907912
-4.690546,22,187.009842
-8.957063,17,187.105103
-11.459337,15,187.201918
-2.835558,22,187.319834
-7.857902,18,187.419668
-9.746167,17,187.508879
-5.680471,24,187.608008
-1.32341,27,187.742748
-7.938772,19,187.848997
-10.118269,16,187.931581
-9.989905,18,188.03112
-9.866302,16,188.102242
-0.062741,22,188.26838
-0.789325,26,188.434937
-5.366447,20,188.554006
-12.545961,15,188.628195
-2.898955,23,188.742157
-8.757319,17,188.821952
-7.428815,19,188.909724
-11.119097,17,189.004199
-10.934375,17,189.099872
-6.137644,22,189.201882
-5.350095,21,189.359389
-1.081587,23,189.506713
-7.960536,19,189.623785
-10.290448,16,189.710052
-10.40798,16,189.79623
-13.138885,13,189.849856
-10.903029,16,189.914237
-3.745132,23,190.024487
-11.007712,16,190.10841
-8.154569,18,190.220185
-10.544374,17,190.35148
-7.922803,20,190.433092
-7.841586,19,190.541774
-8.134071,17,190.624633
-4.265318,20,190.732535
-2.88793,24,190.878258
-10.460599,17,190.981226
-9.318022,18,191.093502
-6.92158,19,191.207871
-9.101526,18,193.249367
-11.249981,16,193.330727
-3.762695,23,193.486419
-7.045116,19,193.582766
-3.280931,23,193.701845
-12.126993,15,193.794556
5.879297,31,193.959855
-5.863615,22,194.076876
-11.358986,16,194.159363
-10.559606,15,194.229569
-6.596182,19,194.363137
-4.285678,23,194.495401
-12.998134,15,194.592055
5.337537,33,194.796657
-5.944319,20,194.922204
-7.575567,18,195.029705
-10.57924,17,195.14155
-10.472771,16,195.254016
-8.200888,19,195.392073
-6.952674,19,195.532229
-8.517543,18,195.632039
-6.651754,20,195.730504
1.076399,26,195.879447
-3.843751,25,196.012498
-9.02818,19,196.122488
-7.056555,19,196.264173
-7.239327,17,196.385798
-11.747953,15,196.472212
-7.822612,19,196.595032
-4.800484,22,196.743739
-8.602552,18,196.844401
-7.866832,18,196.933674
-2.500127,24,197.05763
-4.786048,23,197.194294
-6.369388,20,197.304218
-11.413326,13,197.384116
-4.2119,23,197.51447
-11.304174,15,197.621565
-11.9492,15,197.737104
-0.7991,25,197.867542
-12.076263,15,197.962879
-4.747446,21,198.082868
-2.72465,24,198.214154
-12.257992,14,198.305645
-4.331446,21,198.447673
-9.001418,18,198.567234
-3.819761,25,198.73049
-3.766268,22,198.847735
-1.515187,23,198.989864
-10.251902,16,199.069317
-9.640585,17,199.166995
-10.328412,17,201.286134
-6.769604,20,201.39643
-7.636153,19,201.500495
-7.063792,23,201.632908
-2.364388,24,201.790442
0.81769,29,201.954912
-8.302629,18,202.044514
8.247818,34,202.23637
-7.791429,19,202.344683
-9.909828,23,202.491867
-6.010368,20,202.60602
-4.389406,23,202.734683
-7.601424,19,202.82418
-7.41763,18,202.84894
-9.592829,19,202.943103
-6.512458,21,203.049159
-6.45215,20,203.169293
-10.83683,16,203.249551
-8.585741,22,203.383526
-8.795553,18,203.493765
-5.49059,21,203.627357
-4.641772,22,203.775075
-10.958636,16,203.889979
-2.569333,28,204.06291
-6.720483,20,204.180912
-9.604567,17,204.281616
2.101795,30,204.466308
-5.026138,23,204.616087
-8.469543,19,204.726323
-11.050884,16,204.824279
-6.958128,21,204.949356
-8.181374,20,205.041889
-8.703702,20,205.139402
-8.884265,18,205.226759
1.087835,28,205.350884
-0.068352,29,205.508116
-9.989482,17,205.605818
-9.423768,16,205.697758
-8.942344,18,205.806242
-9.269569,17,205.905421
-10.12836,17,206.017522
-4.136086,24,206.154011
-6.312221,22,206.278155
-1.976295,26,206.426528
0.217975,29,206.588574
-6.614212,20,206.699504
-7.572646,22,206.811179
-0.38951,24,208.7165
-0.86125,24,208.847702
9.992563,35,209.077215
3.182996,31,209.277434
4.88939,30,209.478135
-6.884264,21,209.618184
-10.062273,21,209.741016
4.596188,36,209.929763
-5.021978,21,210.060398
-5.770535,26,210.221189
-2.769716,21,210.316519
-8.117483,19,210.415857
-7.194107,25,210.534235
-3.254614,23,210.670634
3.491681,28,210.815566
-10.834957,16,210.892447
-0.285589,28,211.042608
-12.025767,16,211.156231
-7.552271,18,211.253042
-3.580254,23,211.38963
-2.601572,28,211.532386
-1.502012,27,211.666376
3.544291,31,211.828141
-2.498277,25,211.962041
-13.548346,16,212.054736
-5.779755,24,212.193428
-2.656115,22,212.308225
-2.281297,26,212.459869
-0.765643,38,212.652697
-11.853105,16,212.741515
2.140664,28,212.886713
-3.476907,24,213.005945
-10.73384,18,213.103838
-4.901748,21,213.229961
-1.07233,24,213.355942
0.357065,30,213.511954
-7.856592,22,213.621335
7.533666,33,213.772906
-1.205529,26,213.896852
-5.016587,21,214.021417
-9.474683,20,220.374012
-0.250751,29,220.662117
-5.627805,23,220.935868
-11.265038,16,221.123067
-9.408415,17,221.332505
0.782377,26,221.606529
-3.80278,23,221.810013
-6.473503,19,222.013203
-2.969396,25,222.246151
2.483436,31,222.616676
-1.289671,27,222.860111
-3.985966,22,223.063197
3.658144,33,223.335091
1.531496,27,223.58936
-8.775073,21,223.793155
-5.647817,22,224.006737
-2.682217,28,224.339173
-6.74668,24,224.582163
-3.057887,23,224.883277
-2.762465,22,225.174028
-0.226925,25,225.487062
1.975149,26,225.766258
-1.874083,24,226.007307
-1.690235,25,226.266354
-3.495027,25,226.588871
-0.705779,31,226.929214
5.117397,30,227.149828
2.4018,28,227.38357
3.053432,27,227.614143
-7.1721,21,227.740573
7.077723,34,228.036958
8.152318,36,228.386402
-1.421078,24,228.619152
2.216837,31,228.856254
-7.713073,18,229.083335
-4.192459,26,229.294359
-3.090845,23,229.435741
-1.660578,26,229.588167
1.944845,53,229.84721
18.270157,60,232.107583
-9.930724,18,232.23521
1.195841,29,232.409684
24.175237,60,232.76681
5.975583,41,232.99335
-3.412563,23,233.108127
5.51638,34,233.337863
-5.555482,22,233.470539
-1.545499,24,233.617929
-9.324624,17,233.7292
-5.194485,22,233.875183
-2.466179,27,234.031849
-5.09266,21,234.148632
-10.323371,16,234.234542
14.097629,51,234.532095
-8.806203,20,234.654297
-0.309204,31,234.833035
-3.784301,26,234.971539
-8.444007,18,235.080575
-6.656114,27,235.255202
-1.689644,25,235.389138
-0.985077,22,235.504262
-2.43109,25,235.653363
-0.043708,48,235.926177
-8.875768,19,236.012956
5.101319,30,236.174663
15.369326,45,236.541343
7.256693,34,236.749148
-5.372923,21,236.871284
6.611385,49,237.180906
2.167583,30,237.373426
3.590124,43,237.638528
31.753129,60,240.053202
0.735676,25,240.199126
5.313321,42,240.498279
5.964448,33,240.664593
0.552078,33,240.846323
4.864792,28,240.992314
8.70007,40,241.207249
26.569432,78,241.640288
14.953978,43,241.87722
2.889389,31,242.048771
44.755157,70,242.400782
-6.911216,19,242.515672
10.204883,39,242.741659
67.553677,77,243.163088
8.230554,33,243.321222
-3.789295,36,243.53727
33.072383,74,243.951513
-0.196019,27,244.108516
-4.086829,23,244.245379
0.654189,28,244.387498
-2.707553,25,244.535122
-4.144848,24,244.679331
3.79029,33,244.851685
7.043507,50,245.086026
15.432839,44,245.300552
-5.056867,22,247.222405
-5.594509,23,247.376323
6.701943,46,247.650977
12.433077,39,247.865404
12.771369,43,248.213629
5.343033,37,248.470496
13.166282,48,248.787621
209.914166,107,249.428659
-7.365464,19,249.560088
28.6119,53,249.913213
4.995639,34,250.109075
5.602565,35,250.341892
9.116537,43,250.593784
34.741931,71,251.002472
57.400215,81,251.424383
12.743017,43,251.661
25.679606,50,251.959113
11.954549,38,252.184083
0.442521,34,252.354561
7.162924,36,252.542181
-3.505834,20,252.652706
24.14926,54,252.962172
5.567284,34,253.130782
24.435382,54,255.150059
17.79239,51,255.405911
28.143947,53,255.747504
12.053698,36,255.941769
19.513472,52,256.220845
12.858049,50,256.464059
193.730164,128,257.106171
5.344422,47,257.35903
17.47994,45,257.607318
45.706321,78,258.032572
48.577388,93,258.58467
9.059103,35,258.790569
45.719075,93,259.333201
27.21108,63,259.667236
1.203596,71,260.07851
18.354183,44,260.311303
12.909807,55,292.531202
20.207594,47,292.796942
9.126659,40,293.010692
17.886291,77,293.376513
242.905378,144,294.249754
3.065929,32,294.40086
20.676165,76,294.776355
27.367868,59,295.085675
-4.782718,26,295.262105
24.201376,68,295.672238
23.611545,52,295.953281
-2.197888,23,296.09873
223.202049,126,296.813465
176.785654,97,297.362677
12.578874,44,297.60526
230.601853,133,300.18292
65.378395,108,300.75641
66.149389,103,301.366663
6.427492,34,301.572426
13.160548,58,301.888914
44.43832,127,302.607169
28.654072,59,302.950482
165.747677,114,303.601898
61.059403,110,304.219196
316.21079,206,307.019636
44.308974,102,307.650151
277.374251,153,308.543057
275.074478,167,309.432063
53.945116,109,310.045158
48.017067,109,310.691119
47.358939,88,311.187836
27.800648,90,311.626831
181.212386,120,312.244758
51.851564,154,314.859522
16.229618,65,315.334699
15.963188,82,315.807047
58.832351,111,316.399708
265.755116,164,317.375485
24.068263,57,317.719663
15.066764,43,317.957429
-8.256692,102,318.477707
299.348767,175,319.482348
222.364873,136,321.938168
349.437655,207,323.037907
224.625958,138,323.830329
115.36899,151,324.673224
280.705245,166,325.592246
64.55888,106,326.112712
80.411077,132,326.774964
282.686424,165,351.748793
245.295717,171,352.75159
236.890092,167,353.641698
101.97353,196,354.741343
70.749885,118,355.341944
30.440278,84,355.855042
240.800268,198,358.918338
217.413184,127,359.645734
30.736155,122,360.300735
428.510491,260,361.748014
75.732719,145,362.59656
72.941204,166,363.48683
339.118665,220,366.375884
287.22709,178,367.391501
32.909143,108,367.950761
56.71931,153,368.705244
13.038186,46,368.990434
62.653503,101,369.516283
72.740147,144,370.372475
38.641837,120,371.019601
19.270077,59,371.316075
283.702655,188,374.186033
34.450579,87,374.582976
40.175831,121,375.254322
88.327502,169,376.159844
277.228855,203,377.239334
351.452758,223,378.34536
364.580318,312,381.80892
299.136744,207,382.950518
268.334566,157,383.81946
313.944216,182,384.827138
30.813991,73,385.228994
296.937273,223,413.185894
181.53489,97,413.7551
310.841838,173,414.780125
384.494658,272,416.385097
287.298781,165,417.271292
264.623371,172,420.221826
209.790591,126,420.928999
299.597651,204,422.379436
254.348803,133,423.354389
92.921393,235,424.675614
330.160545,212,425.8519
209.888395,250,429.045264
73.320054,224,430.506623
119.094149,217,431.769695
303.948709,187,432.851487
251.769659,154,433.665118
258.018419,139,436.300807
294.431049,193,437.396626
222.901724,138,438.255507
269.752317,158,439.143979
362.116435,251,440.55917
91.255484,158,441.379492
221.83013,113,443.689171
239.878755,124,444.381159
403.827886,267,445.863947
254.35507,152,446.800057
171.812505,102,447.357057
210.696942,112,447.909933
373.017319,246,479.559419
298.637913,164,480.420012
237.769013,136,481.027823
329.797686,195,482.169231
291.513383,187,483.219561
199.007664,102,483.762472
188.509083,112,484.380186
129.696655,72,486.781027
313.027284,176,487.689007
247.219203,145,488.419349
79.366746,128,489.114588
15.337819,133,489.930487
243.85102,133,490.706092
195.044252,117,491.33488
309.618919,164,494.065442
284.339887,200,495.241173
219.088424,107,495.838372
296.902701,190,497.024908
294.166279,182,497.95239
393.517825,272,501.111712
258.696075,146,501.962399
290.735791,160,502.812085
273.412124,185,503.829005
244.230688,149,504.740308
285.386765,170,505.683535
186.827816,123,506.355597
239.004699,152,509.361172
353.985122,248,510.909654
103.147747,176,512.017644
214.687837,129,512.901821
263.995782,169,513.962093
280.47139,155,514.849405
186.24967,118,544.735324
229.364085,138,545.364117
276.981719,164,546.29583
284.989186,161,547.021781
241.951554,407,549.31909
287.283536,189,552.143503
334.865731,189,553.229361
93.676511,197,554.278083
212.604296,117,554.898787
221.397379,151,555.779766
167.167929,298,559.227443
233.118072,161,560.065217
242.187766,324,561.992491
238.792953,135,562.704197
258.488575,140,563.402013
42.933788,124,564.098223
115.147406,218,567.12625
196.273868,109,567.733522
369.609506,239,569.056452
281.247253,152,569.857167
44.841504,106,570.49363
74.317256,158,571.379256
219.532805,112,573.78238
315.884471,178,574.825482
231.50225,119,575.458194
333.10014,204,576.570123
62.616596,144,577.415791
249.179707,147,578.211527
181.238535,258,602.24581
155.510698,95,602.824663
197.429542,133,603.604825
271.636417,196,604.861541
260.344543,130,605.783201
193.215561,103,606.450742
199.552582,113,607.068096
296.104385,160,609.621287
-4.267267,26,609.758593
222.285389,133,610.425679
130.275425,115,611.052476
292.605255,155,612.021969
253.510106,156,612.823803
165.406226,83,613.345782
191.143505,143,614.280862
205.336419,104,615.045742
255.068361,142,617.592661
-7.30001,22,617.716411
266.200575,132,618.410021
97.117016,155,619.291096
246.725099,131,620.013019
80.596014,142,620.815647
191.241103,145,621.561259
201.968075,135,622.282335
196.608803,116,624.78087
210.098756,101,625.38744
158.085984,101,626.087487
300.279622,175,627.083276
264.677315,158,627.984375
122.538111,198,629.043856
129.692308,218,632.068034
176.727723,86,632.551092
258.10475,134,633.268898
184.675421,122,633.935511
142.621863,83,634.457635
180.106026,110,635.00655
-10.556983,17,635.104912
337.493584,162,636.042874
265.257543,158,636.925686
41.930059,71,637.369023
364.213278,282,656.689403
331.416982,180,657.711881
260.53503,154,658.581906
267.495317,141,659.370354
180.965698,96,659.891497
206.762036,103,660.465014
161.98772,228,663.410691
244.867134,140,664.158773
281.967887,149,665.037649
214.878334,105,665.69829
68.007507,112,666.290962
229.692709,151,667.048821
165.439389,82,667.445475
129.085925,97,669.781359
442.016333,409,672.000597
155.1837,90,672.466073
279.712646,207,673.466398
220.246338,127,674.165439
189.795987,123,674.83771
234.216802,129,677.36186
214.61226,114,677.960898
174.59898,93,678.468273
325.710642,215,679.693913
2.368064,31,679.855015
35.149413,61,680.240492
11.764251,61,680.610632
150.311757,97,681.127126
262.665672,160,681.991079
222.434844,120,684.454319
389.043973,247,685.783914
244.727456,127,686.497128
167.651826,97,687.070163
303.635582,161,687.948409
4.771037,69,688.361207
406.398359,252,705.741781
189.968888,125,706.408117
290.013054,149,707.248434
202.10388,105,707.758143
398.829794,254,709.186328
-0.413621,33,709.393555
423.906411,285,711.158659
282.359821,172,713.876376
387.38667,214,714.993329
196.524634,113,715.604138
390.844881,297,717.233841
197.478342,98,717.821912
59.793117,103,718.427401
306.903993,158,721.201956
384.057983,259,722.711276
197.13149,103,723.331931
146.076333,94,723.846538
221.572561,107,724.442136
163.577198,88,725.00284
202.448413,104,725.666106
0.826638,39,725.863797
277.947507,144,728.424024
180.282654,107,728.953393
265.922842,143,729.70272
360.296942,200,730.735425
202.848262,141,731.531658
123.270185,84,732.0438
235.525603,126,732.643334
324.580517,175,735.475394
292.50567,150,736.303301
-5.445458,94,736.802135
281.08762,160,737.625395
196.914408,100,738.192839
134.597342,81,738.534267
107.947542,78,738.967792
223.362971,124,739.64339
384.303278,237,756.617747
205.571508,114,757.366704
192.562776,97,757.907478
89.983635,307,759.517763
-6.238633,24,759.638201
134.99667,90,760.124848
139.193683,90,760.605112
254.860976,128,761.322895
304.694114,165,764.034179
267.045627,130,764.821805
251.825188,130,765.585385
286.962699,198,766.642772
331.434919,186,767.622586
189.871458,110,768.175368
21.55448,125,768.88302
180.403086,105,771.203691
229.606654,132,771.971185
148.305732,79,772.465077
242.506139,118,773.114056
318.783769,197,774.139899
318.081621,309,775.689902
254.932815,176,778.502883
145.882033,104,779.00934
249.65244,133,779.761582
331.231168,183,780.711554
287.682292,162,781.499939
257.732626,141,782.243422
217.729268,151,783.018138
167.651041,93,785.337547
302.416439,180,786.309851
195.83586,114,787.091295
149.511276,116,787.785116
365.351837,280,789.673179
347.741352,189,790.806212
263.169471,151,808.342017
301.839299,169,809.21361
127.13112,75,809.591755
269.733501,151,810.391015
248.166666,141,811.157228
117.915064,72,811.521944
167.21213,155,812.331582
264.446573,151,813.209429
260.909411,135,815.694021
226.760655,150,816.751585
115.27619,74,817.197028
274.760263,135,817.95994
71.190367,130,818.796449
215.326977,119,819.608947
260.334604,130,820.574148
162.59215,86,821.090073
307.284733,143,823.847277
206.707806,128,824.827943
217.650846,116,825.676138
213.03552,119,826.364215
303.825333,162,827.398196
41.828965,193,828.57204
236.382712,109,829.228798
189.115596,91,829.763149
232.383919,124,832.459382
40.726629,66,832.883012
220.725054,111,833.568721
242.573431,140,834.407556
288.182406,168,835.477279
250.895243,117,836.244613
313.341548,166,837.349011
197.844976,112,838.012408
236.157188,133,840.635704
355.137306,230,841.768864
255.069788,119,842.526121
289.065887,142,843.568125
216.866534,114,844.678517
322.871364,148,846.315691
252.582583,130,867.06814
294.265079,142,867.881396
264.858501,135,868.556963
164.511824,81,869.026094
127.05097,75,869.39185
385.515484,233,870.704107
269.344802,161,871.612731
328.167868,190,874.485245
211.32451,107,874.999081
333.377349,213,876.152056
245.768922,123,876.793061
269.92509,132,877.533327
154.391272,99,878.063168
155.587799,99,878.5999
164.981082,97,879.069145
303.661033,147,881.634279
68.699666,103,882.169439
292.377585,148,883.131942
285.386196,141,883.885942
361.584152,168,884.828379
263.441339,128,885.543173
130.940896,78,886.034078
280.97918,133,886.810048
245.330535,110,889.257589
197.492772,103,889.794761
153.922014,142,890.741672
393.531831,221,891.893284
249.755871,136,892.672642
234.639817,114,893.284444
305.068581,149,894.144537
256.027827,202,897.056733
138.327098,81,897.46374
230.106729,125,898.142798
167.043906,101,898.647388
394.58951,227,899.962338
256.367738,136,900.7424
123.347826,124,901.421856
91.342562,82,901.875257
235.534518,339,918.537003
264.069868,133,919.227402
326.760261,158,920.107912
175.076158,110,920.738209
106.349364,77,921.141494
133.507903,77,921.530967
242.328066,111,922.139688
302.30888,162,924.713856
220.060185,107,925.370727
210.465201,132,926.1195
148.370889,88,926.580032
165.450323,85,927.021751
379.647238,250,928.355753
367.63044,194,931.101245
232.051181,119,931.731521
215.646793,110,932.341951
226.779135,117,932.954134
396.234422,234,934.160952
313.98715,143,934.916964
296.929451,140,935.681453
255.934845,139,938.061519
219.147428,111,938.640766
234.441596,134,939.313343
257.777909,131,939.956762
149.546928,82,940.426346
305.946218,154,941.20135
133.626267,79,941.634558
221.727139,106,942.226951
186.911916,124,942.891932
209.02859,113,945.255634
198.460167,100,945.770858
157.870741,86,946.206463
225.770058,110,946.797363
225.285372,115,947.369587
142.257459,99,947.900238
349.653187,171,948.785892
129.947996,75,949.139257
273.829141,134,949.842174
301.39803,158,964.80989
251.694138,130,965.51987
309.433365,157,966.363728
261.39751,138,967.026596
278.239772,137,967.746787
122.364675,73,968.106658
261.055491,122,968.817949
263.60778,127,969.568384
269.663618,130,972.111423
216.672202,105,972.701721
166.586673,87,973.229202
322.354511,180,974.403277
270.919354,125,975.234197
133.070369,78,975.781857
318.375348,144,976.536504
217.775313,110,977.099447
172.242567,90,979.344911
308.167572,136,980.011123
241.196249,110,980.630876
212.15275,118,981.291062
314.265576,160,982.496754
355.522132,171,983.497964
245.250862,115,984.276554
264.540465,126,985.094891
153.061228,88,987.499721
274.380723,151,988.318999
355.194597,160,989.224567
329.002046,149,990.123204
345.83996,197,991.166519
438.856781,311,994.636749
283.760756,133,995.416585
193.562497,108,995.95171
153.210592,95,996.549187
294.619158,139,997.327886
239.818784,126,997.969146
246.383716,113,998.588924
273.990824,129,999.221413
290.202373,138,1013.761121
149.194702,81,1014.216047
429.646408,265,1015.663645
358.216351,161,1016.568076
239.757907,117,1017.263444
304.959548,135,1018.225738
325.016891,168,1019.148753
295.792641,137,1021.670544
223.908399,119,1022.406497
230.25563,116,1023.110368
299.478768,135,1023.897648
270.076683,143,1024.71469
277.544179,122,1025.49876
337.887469,162,1026.400775
221.368701,110,1027.040028
169.817573,232,1030.365346
366.420218,179,1031.430508
279.943202,126,1032.093059
147.441938,80,1032.501762
383.353083,205,1033.698582
252.844026,117,1034.226284
448.863228,314,1037.764965
153.698136,80,1038.188198
162.422128,103,1038.776036
308.242873,128,1039.46336
269.629058,138,1040.181471
273.742794,125,1040.926482
272.653024,139,1041.837641
309.127476,158,1044.550864
156.278952,103,1045.163794
195.452206,140,1045.892137
421.236324,217,1047.116992
284.560861,131,1047.885238
256.503439,110,1048.458388
374.755009,152,1049.44638
291.335178,129,1063.92002
308.019049,142,1064.672523
345.319431,149,1065.58319
133.802206,73,1065.948298
249.958876,129,1066.65683
279.80639,142,1067.394598
166.483169,84,1067.85547
348.608449,157,1068.802545
303.258199,144,1071.863281
311.626302,196,1073.294718
287.12142,124,1074.244399
262.625938,127,1075.292678
244.29638,129,1076.361082
304.2735,148,1077.59159
269.643924,129,1078.818185
168.274129,100,1082.782436
356.621021,155,1084.65818
383.197547,191,1086.87323
359.586465,156,1088.707184
335.92078,172,1090.277881
274.380062,117,1091.427123
252.566841,117,1092.747187
234.3318,102,1097.539724
249.337666,111,1098.843153
307.428455,175,1100.854994
343.257401,175,1102.520428
252.927062,124,1103.859502
278.788881,132,1105.554003
174.109176,100,1106.762651
338.935702,197,1112.011968
318.738159,159,1113.509795
381.477708,211,1115.873041
252.863808,133,1117.271679
322.262887,145,1119.035668
292.228485,152,1121.068246
181.159499,86,1122.218037
317.698828,154,1159.153466
294.491499,148,1161.136936
454.874895,263,1164.995169
114.656314,77,1166.135562
495.575802,282,1169.802288
215.247294,105,1171.187228
201.857108,101,1175.99716
264.935532,121,1177.537395
309.415027,140,1179.397286
419.980669,214,1182.185158
312.229413,160,1184.32494
309.466142,133,1186.177309
420.614814,238,1193.018399
240.256706,111,1194.447358
299.924931,132,1196.189631
306.875154,183,1198.510056
234.185131,116,1199.948406
141.425028,79,1200.914813
168.274652,88,1202.01571
302.022473,124,1203.587854
141.010561,88,1209.246868
416.731625,189,1212.285736
276.223788,128,1213.983912
291.613604,128,1216.039237
296.133381,143,1218.371011
282.598299,127,1220.374902
315.415909,139,1222.324418
259.764908,132,1228.225455
133.925715,76,1229.292952
173.155886,90,1230.654708
314.990861,155,1232.949856
262.502929,129,1234.900717
242.227018,124,1236.578088
139.138931,76,1237.534529
280.674965,126,1239.296282
251.438922,112,1240.874071
143.13747,87,1242.140537
242.514448,108,1275.24123
252.723913,123,1277.059003
153.290614,86,1278.128677
284.544059,129,1280.066986
250.836056,123,1281.91553
235.493882,109,1283.373144
228.919168,100,1285.052268
327.47083,136,1286.866663
350.254311,176,1293.021925
71.243276,122,1294.628354
226.435999,100,1295.811011
274.889337,131,1297.546058
313.843053,160,1299.751937
343.145578,171,1302.137398
385.379687,233,1305.441053
139.884054,75,1310.520915
197.232327,108,1312.22497
122.769491,70,1313.152301
404.079531,169,1315.386255
294.066189,130,1317.274481
328.184782,163,1319.933589
160.292145,84,1321.218156
255.595596,124,1322.937464
232.783065,110,1328.390965
345.32385,150,1330.646195
306.34038,136,1332.275846
291.979807,124,1334.349556
395.442035,169,1336.63541
250.089591,118,1338.045478
191.815249,100,1339.345932
172.096806,84,1340.504819
348.01931,155,1346.40857
278.425095,130,1348.443369
235.884327,114,1350.339708
305.334139,145,1352.321129
302.69229,154,1354.745346
242.267365,104,1356.550297
191.286249,97,1358.130219
278.210183,122,1360.278533
350.156644,150,1408.184168
412.024914,215,1412.182579
283.465012,135,1414.229097
285.460775,124,1416.177933
313.099677,128,1418.542116
307.395963,155,1421.340881
508.844915,359,1434.621429
322.023408,157,1438.606334
357.495195,186,1443.048186
186.807026,92,1445.283584
475.195466,231,1450.262349
315.918251,137,1453.329505
313.612727,136,1462.34475
298.131641,140,1465.673473
200.825654,102,1468.077344
326.022925,139,1471.43136
288.284959,122,1474.169965
339.175091,147,1477.939807
143.864668,76,1480.21853
284.981765,119,1484.797472
292.790175,128,1496.302026
261.314967,128,1499.265234
322.676258,167,1503.209157
330.069493,153,1506.721145
254.143346,108,1509.19234
346.278446,146,1512.575872
333.48304,134,1515.526977
158.813316,81,1523.089339
279.84214,125,1525.811327
247.013597,114,1528.482644
275.374594,122,1531.708111
388.303794,167,1535.787248
409.339525,170,1539.914077
285.994192,123,1542.75979
292.868673,136,1545.637953
315.169914,142,1608.168197
583.43591,419,1618.260035
260.380102,126,1621.434101
255.390749,116,1624.655461
300.279635,150,1628.359364
119.349554,67,1629.805106
357.97893,147,1639.629969
188.963549,89,1641.951307
265.857113,116,1644.839194
277.953314,131,1648.026301
345.606194,157,1651.520905
315.563844,134,1654.644096
297.924609,128,1657.493757
113.563226,70,1659.000622
119.683567,68,1666.599988
271.606122,118,1669.188796
442.120129,201,1674.134726
344.61354,169,1678.22947
377.214102,173,1682.372509
347.199182,142,1685.39744
238.75685,117,1688.690323
302.395297,144,1698.759295
321.261044,131,1702.56932
337.813874,156,1706.823345
268.271179,120,1709.902539
254.893465,129,1713.058083
280.079285,121,1716.235283
249.69833,122,1719.439196
342.766108,146,1729.270276
294.969448,141,1732.532604
382.9199,196,1737.142303
288.254192,124,1739.986668
256.894395,126,1742.999154
289.625908,152,1746.795863
298.691487,125,1750.204888
427.663898,185,1810.896963
217.746538,101,1813.511394
329.120796,142,1817.228827
271.260031,127,1820.503802
332.651499,141,1824.095566
271.590093,116,1827.028909
229.792567,115,1829.923821
361.280195,176,1834.138927
376.241058,167,1844.179847
209.782591,97,1846.557357
293.42739,120,1849.460983
345.555297,144,1853.148365
324.243689,161,1856.743965
326.821914,134,1859.846835
319.049947,127,1863.103588
384.257037,178,1873.294891
295.140897,131,1876.123044
193.585626,90,1878.458465
310.042399,127,1881.482528
265.371972,121,1884.344109
315.222817,173,1888.329219
165.674215,77,1890.184809
313.094105,126,1893.142534
314.160058,131,1901.402894
437.088073,216,1906.395922
298.357584,119,1909.038598
325.682133,131,1911.944895
127.548962,77,1913.745181
356.166212,136,1916.865751
308.988898,129,1920.198831
260.665962,120,1928.838662
334.327856,163,1932.666875
336.920655,128,1935.68076
294.845495,119,1938.610065
295.407801,143,1942.238041
352.170636,153,1946.020208
303.87157,115,1948.901088
280.653348,116,1951.626593
302.329492,128,2013.461604
289.311041,122,2016.464052
145.268847,75,2018.209822
254.968643,117,2020.881923
336.851089,125,2024.078359
249.036938,109,2026.918928
327.320561,134,2030.005749
352.48369,143,2033.332247
324.614102,136,2042.894622
288.330856,118,2045.382262
352.100722,138,2048.725729
290.533443,114,2051.354428
210.182189,104,2053.656553
308.759809,132,2056.567188
324.060814,120,2059.576758
343.443181,144,2063.460197
117.432722,68,2064.952356
188.261899,92,2072.889429
238.3225,114,2075.377126
359.022842,154,2078.805104
273.522333,121,2081.78425
137.271077,73,2083.488716
308.22563,127,2086.30436
351.216187,137,2089.038241
273.48553,116,2091.617069
350.666942,133,2100.599301
296.874751,127,2103.345909
404.492238,197,2108.073996
288.151749,118,2110.910776
180.650731,97,2112.974805
363.259002,151,2116.356274
337.323555,131,2119.305476
390.650857,181,2134.855706
348.394855,144,2138.867727
364.215201,150,2142.44683
340.5916,137,2145.858042
237.293796,107,2148.415743
318.396277,126,2151.444305
390.55797,150,2154.715213
297.877122,121,2157.390998
406.353673,151,2218.612081
383.721229,160,2222.504695
335.614674,133,2225.456738
399.910124,145,2228.537236
315.725228,134,2231.736252
197.13783,93,2233.821349
322.988957,149,2237.244485
302.531881,131,2245.977288
111.849089,70,2247.566588
249.115349,116,2249.940158
461.46629,246,2255.828265
178.359521,97,2258.173152
405.615372,176,2262.562539
404.009404,167,2266.308039
325.512026,132,2275.070483
359.364609,144,2278.325534
367.519873,147,2281.335768
391.4926,154,2284.6036
322.686342,129,2287.277239
303.088606,129,2290.047926
360.15658,157,2293.29111
173.07785,232,2303.932596
414.950766,193,2308.025527
323.211018,138,2311.087912
326.671114,151,2314.464209
273.993797,137,2317.474993
297.365252,124,2320.019186
343.375628,143,2328.321517
300.649284,128,2331.101625
309.736826,129,2333.843655
415.856833,178,2338.170072
405.979998,176,2342.086457
330.057415,128,2344.840787
308.770395,132,2347.683017
382.298501,161,2409.404463
160.153669,244,2414.928136
360.091089,142,2418.208145
353.116824,134,2421.058113
348.771798,130,2423.747243
124.570904,76,2425.53227
300.943491,130,2428.346873
182.399317,90,2436.084973
321.613275,125,2438.899219
233.696425,109,2441.329327
298.936318,122,2443.839358
301.226681,128,2446.66
127.32516,71,2448.271532
142.536411,73,2449.680679
282.209479,128,2452.5605
314.359113,135,2455.258441
419.285552,176,2464.959328
308.863192,136,2467.811254
411.670768,170,2471.563388
383.640183,170,2475.293777
277.429337,109,2477.574686
313.845597,121,2480.199252
310.891816,129,2482.92168
340.022965,130,2491.450684
378.244412,133,2494.054518
436.313793,147,2497.185355
352.585238,133,2500.355278
293.426794,128,2502.905509
266.755864,116,2505.262534
357.038611,189,2509.394143
407.545311,166,2518.680968
386.618171,148,2522.106533
352.198702,155,2525.65569
396.364615,166,2529.461483
384.529984,159,2533.033046
272.019122,130,2535.949386
386.566668,139,2539.12826
399.987718,143,2596.05245
171.254166,83,2597.907998
240.544679,100,2600.203425
272.724394,105,2602.698181
280.22874,110,2605.228046
454.259802,185,2608.868941
317.379249,129,2611.801227
365.627286,205,2621.519243
239.256979,100,2623.762117
408.527189,177,2627.693449
268.708302,118,2630.374251
420.045811,153,2633.736738
315.283162,121,2636.547971
338.917549,127,2639.229306
391.251151,144,2642.194323
269.694225,116,2649.936452
416.504687,162,2653.315337
371.930945,148,2656.523219
331.870331,127,2659.229332
532.454527,252,2664.599049
323.598466,134,2667.428123
167.513898,84,2675.09838
299.21655,135,2678.39075
379.894787,161,2682.330633
308.79412,131,2685.157803
280.665567,120,2687.641121
406.927178,139,2690.539079
398.41591,164,2694.249414
345.097817,146,2703.464601
399.317373,160,2706.948865
405.007756,144,2710.070398
308.646765,123,2712.802323
322.002716,129,2715.557265
363.798312,146,2718.73102
365.1526,151,2721.904177
353.091072,143,2787.784837
333.803775,123,2790.462254
327.252523,133,2793.526921
404.521862,142,2796.66735
344.733294,150,2799.641092
378.827774,147,2802.942379
244.235225,110,2805.519404
368.496959,136,2808.758667
334.83271,135,2817.347526
320.194121,132,2820.068853
354.497324,157,2823.45024
350.314305,152,2826.95369
373.826225,140,2830.187932
450.834675,153,2833.564345
261.291568,129,2836.495743
427.090393,153,2845.675156
393.98337,155,2848.816564
454.495496,165,2852.38039
275.330271,112,2854.892112
399.04621,152,2858.145506
416.040727,145,2860.944216
260.023202,121,2863.451977
492.942581,199,2873.124255
321.568981,127,2875.694414
380.136336,140,2878.486122
368.489957,143,2881.321515
336.170255,142,2884.833524
422.397202,143,2887.864067
475.415711,180,2896.976909
436.717005,163,2900.624356
429.429278,151,2903.814255
371.263538,147,2907.098642
272.371724,113,2909.40816
478.232199,159,2912.922202
332.298463,130,2915.81589
384.229318,137,2973.910884
318.154641,141,2976.85503
418.231809,169,2980.504094
114.830203,66,2981.726269
338.204798,131,2984.324096
352.383871,147,2987.448566
444.980806,170,2991.595649
425.197362,157,3000.447213
249.127457,112,3002.917567
356.109734,151,3006.218245
327.694968,128,3008.913112
343.423986,128,3011.331287
336.659491,145,3014.075502
445.268112,215,3019.024951
301.714762,114,3021.462106
428.588528,153,3030.593248
478.628752,156,3033.687309
136.597214,72,3035.194125
338.379122,137,3037.744802
404.787925,141,3040.676202
298.265801,125,3043.568019
244.346859,101,3045.703231
366.983579,141,3053.818557
425.422824,149,3056.897864
123.642058,65,3058.260115
412.45207,156,3061.473835
505.541782,172,3065.287049
417.803306,161,3069.090036
478.037736,167,3072.635314
377.45836,139,3081.034443
391.303665,148,3084.323611
128.56889,67,3085.664976
392.373241,139,3088.30295
417.915613,182,3092.367685
470.588037,187,3096.16101
358.183972,130,3098.648481
145.153883,78,3100.116899
319.924767,138,3162.398042
368.178791,141,3165.323567
393.991958,164,3168.483194
158.290363,80,3170.115771
370.317,153,3173.415244
397.652862,142,3176.331327
307.784759,118,3178.852247
434.015374,152,3187.299245
461.946022,197,3191.628894
292.284345,114,3194.108424
369.980801,147,3197.282498
382.003525,133,3200.418083
347.50113,145,3203.554407
319.18646,130,3206.223338
440.63877,166,3215.800201
311.15006,127,3218.363924
380.368691,139,3221.491345
405.419525,171,3225.540545
339.097428,129,3228.594477
385.607462,151,3232.025075
523.00091,172,3235.641336
511.418061,180,3245.355092
387.73979,142,3248.305848
408.33821,139,3251.322669
109.751521,66,3252.665481
416.017474,137,3255.497461
446.62317,162,3258.831264
408.363431,151,3261.936896
234.437984,102,3269.526367
491.763994,174,3273.004514
357.855668,135,3275.787282
110.249886,63,3277.054445
372.518482,136,3279.821368
410.366225,143,3282.767653
414.69894,168,3286.302483
418.356859,155,3357.677925
423.330834,151,3360.714195
129.086449,72,3362.178239
458.184562,147,3365.264365
391.860898,139,3368.131091
506.161412,194,3372.14434
373.980595,138,3374.810717
298.905448,121,3377.332017
374.295138,145,3385.607289
297.851189,132,3388.446272
419.296667,160,3391.639265
401.539275,148,3394.628629
409.830817,149,3397.723989
317.665167,127,3400.06423
343.742873,140,3402.784183
430.652093,159,3410.562712
354.821625,130,3413.356363
393.664635,131,3415.983271
346.331302,124,3418.410654
321.900287,116,3420.626908
382.741833,143,3423.493215
424.903904,158,3426.49208
440.682203,161,3434.899302
385.740754,157,3438.277464
408.897915,163,3441.454232
355.639762,158,3444.570527
442.508979,171,3447.980807
408.956901,144,3451.096205
462.016396,179,3460.362533
487.607478,169,3463.788396
546.825528,209,3467.913931
409.903922,166,3471.0053
666.090567,353,3478.503671
326.174521,131,3550.949067
411.609408,159,3554.156962
431.796636,161,3557.392038
469.044115,183,3561.245519
349.958629,143,3564.287698
381.454746,129,3566.831331
356.803322,132,3574.763255
475.071947,160,3577.981239
431.498197,151,3580.849369
315.387456,122,3583.10967
506.641466,175,3586.573189
418.474404,154,3589.703587
474.151558,185,3593.521092
477.392894,168,3601.980268
485.516948,182,3605.79629
476.63229,166,3609.257295
417.144574,150,3612.451957
505.999383,173,3616.083202
459.786143,164,3619.414369
425.231413,146,3628.158765
298.010992,118,3630.682952
407.40683,167,3633.861093
519.363358,179,3637.635671
117.972525,65,3639.102058
707.114636,215,3643.657595
502.812256,163,3652.508266
408.45942,142,3655.30628
461.455555,157,3658.627286
356.415098,137,3661.618414
406.547784,144,3664.546732
350.864718,124,3667.001328
481.029789,164,3670.463204
410.505953,148,3740.921427
466.326229,155,3744.074232
495.975087,170,3747.443283
65.054001,164,3751.048489
362.728864,131,3753.828397
390.306361,138,3756.780403
451.930915,155,3759.683438
476.387007,183,3768.85587
456.622204,150,3771.55556
496.866006,179,3775.282107
399.407492,151,3778.301172
474.951508,159,3781.542335
440.060725,171,3785.165748
425.184798,162,3794.317841
443.305914,159,3797.845522
380.722701,140,3801.572791
354.020841,143,3804.826344
379.331977,152,3808.389285
508.919139,162,3812.083182
445.318966,159,3822.08867
471.623179,156,3825.554384
469.639933,168,3829.427366
419.284364,149,3832.814105
404.285921,136,3835.687834
383.911001,153,3839.446301
421.648137,194,3843.407445
510.706511,168,3852.287071
426.49075,153,3855.628289
360.994878,140,3858.332266
492.169121,154,3861.498934
372.971094,142,3864.276034
276.879544,114,3866.408466
464.78637,166,3939.664935
398.450429,162,3945.504466
403.366252,138,3949.30391
438.776619,148,3952.228196
373.21387,139,3954.947795
443.306062,159,3958.235089
406.733559,149,3961.28326
439.400409,152,3969.849401
428.34087,150,3973.036725
567.486399,186,3976.775977
434.233457,151,3979.803437
691.120719,209,3984.209445
390.508992,141,3987.210819
457.317927,155,3996.163415
902.033329,245,4001.280224
478.146592,174,4005.012295
388.340319,148,4008.041337
520.745904,181,4011.982047
452.879048,155,4015.14573
486.769668,164,4024.589477
406.231477,151,4027.717129
475.456619,168,4031.485043
420.177151,162,4035.111839
400.175198,145,4038.402172
552.348764,190,4042.42524
632.803914,192,4052.179367
481.808021,162,4055.598486
453.003011,168,4059.316549
435.308521,149,4062.770234
567.832834,188,4067.381682
495.727878,177,4071.517775
599.894742,199,4141.447649
445.167334,162,4144.710125
367.671103,135,4147.428096
320.435076,135,4149.841426
535.394501,198,4153.335088
363.850522,131,4155.891654
409.961912,143,4164.265638
287.283663,115,4166.430236
321.124259,142,4169.355091
567.161642,187,4172.911422
381.064931,136,4175.437423
485.761065,167,4178.663247
545.642856,179,4182.272729
460.589839,159,4190.919347
381.261717,133,4193.505971
513.930406,189,4197.139253
415.878289,141,4200.014136
365.490384,133,4202.560625
515.332531,171,4205.834342
440.96198,177,4214.478846
339.831619,136,4217.148398
501.375152,182,4220.631218
546.531074,191,4224.095198
417.12104,154,4227.164292
491.113532,175,4230.388094
420.975851,152,4238.836418
476.937824,156,4241.826816
519.169257,174,4245.113924
360.961414,135,4247.802367
390.888529,152,4250.837383
403.168094,146,4253.923721
417.252568,153,4324.155887
441.117321,158,4327.648671
137.593889,72,4329.063263
383.220497,135,4331.725939
364.275413,139,4334.619196
470.427049,157,4337.721127
530.837374,187,4341.715158
386.473761,147,4350.513926
359.546886,130,4352.945651
463.869194,167,4356.263218
444.27974,162,4359.29606
612.225686,188,4362.859198
421.02198,147,4365.842273
307.81816,134,4368.332907
528.803162,164,4377.013535
354.039869,137,4379.941972
569.707318,198,4384.496271
496.496626,182,4388.637152
302.564235,128,4391.386674
538.673586,208,4395.848193
562.641608,165,4405.220284
361.294388,148,4408.232339
452.730448,169,4411.584396
750.365751,223,4416.487489
410.435721,158,4419.980829
393.31116,144,4422.942842
395.254715,144,4432.018515
458.31799,153,4435.239918
445.824553,161,4438.618101
521.990506,180,4442.550157
552.671169,190,4446.740995
399.68216,154,4449.917532
496.868545,200,4528.507275
416.353386,146,4532.574484
505.830494,175,4539.707788
420.999143,162,4546.160418
336.588064,130,4549.720037
572.04467,187,4554.143257
394.810244,144,4563.324062
459.228978,165,4567.197325
361.821814,142,4570.477366
534.273797,179,4574.522793
323.215764,128,4577.577966
555.865415,286,4584.568028
582.483595,193,4595.385736
385.502848,144,4598.671439
381.847171,151,4602.234325
498.882775,168,4606.498328
327.187534,121,4609.416463
538.64368,169,4613.409861
489.84456,158,4623.17336
458.226821,171,4626.855447
487.664589,161,4630.558751
388.061126,144,4634.15964
519.413845,166,4638.110433
511.897308,165,4642.186778
358.002967,138,4652.076411
482.63397,161,4656.159209
300.856625,120,4658.99684
548.192057,191,4663.02285
402.793823,151,4666.369452
535.166825,179,4670.659124
366.311041,139,4673.693895
320.607693,137,4756.110136
523.236188,175,4760.64571
374.498283,145,4763.764286
499.738335,162,4767.555969
693.535833,208,4772.553889
386.578992,146,4775.80075
475.047913,164,4786.015254
512.412499,167,4790.04497
513.233743,181,4794.330381
466.453372,175,4798.522388
636.571396,200,4803.075517
239.224777,105,4805.41951
507.227701,169,4815.81033
211.995529,92,4818.12436
460.560782,156,4822.01144
673.283126,194,4826.649836
462.073745,151,4830.102996
399.604593,157,4833.576106
527.564383,159,4843.746069
537.994879,173,4847.935538
381.118094,141,4851.435546
460.805171,153,4854.885922
449.141628,153,4858.182973
358.845909,149,4861.562514
326.444814,131,4864.535521
500.864918,161,4874.256123
543.945429,193,4878.75915
507.779317,165,4882.622472
428.135744,147,4885.827516
500.203093,168,4889.514173
628.55597,211,4894.096542
494.267645,191,4978.021843
477.788764,172,4982.182287
601.003347,184,4986.763263
428.40976,160,4990.551202
579.55688,210,4995.623541
436.884783,157,5005.74782
488.920875,161,5009.401377
373.541355,129,5012.360411
296.247949,118,5015.00986
488.291665,167,5018.785224
721.638095,223,5023.747303
435.731808,145,5027.008041
449.602022,153,5036.432775
478.7805,155,5040.214483
628.896393,198,5044.423588
539.856882,181,5048.297693
569.739303,236,5053.645325
550.996076,190,5064.081445
523.957295,168,5067.821977
498.51136,172,5072.008133
338.749685,122,5074.842168
537.905255,188,5078.99592
686.581076,194,5083.711223
546.930018,181,5094.392398
452.640847,172,5098.820894
487.019221,163,5102.888876
452.506082,156,5106.71566
487.703741,170,5111.088534
556.766352,186,5115.846127
443.251424,152,5204.668287
482.928872,167,5208.419644
434.577785,144,5211.36049
404.455173,156,5214.876325
403.58614,155,5218.509486
711.563497,259,5224.639715
663.221313,193,5234.787355
571.645623,195,5239.008245
565.768774,185,5243.314971
515.837018,182,5247.758557
535.092875,176,5251.651618
230.202102,100,5260.062011
445.233252,160,5263.804287
698.558378,202,5268.872286
613.275309,192,5273.018427
491.978822,165,5277.032599
530.051886,171,5280.985061
349.190588,131,5290.351087
636.207268,200,5294.616935
499.664805,169,5298.29317
579.067268,184,5302.58152
407.045611,152,5306.118305
566.73057,195,5310.774023
657.599066,225,5322.462441
616.476589,192,5326.754535
458.548534,167,5330.427203
308.733849,115,5333.31231
725.231897,223,5338.731264
681.906752,213,5420.315327
575.895968,196,5424.995634
540.917362,188,5429.123611
426.940484,163,5432.492129
505.833945,162,5436.31521
587.080036,197,5440.976934
734.123111,216,5452.11
477.534789,172,5456.147465
668.650743,198,5460.708811
734.04679,216,5465.779798
422.926407,159,5469.467278
647.64002,253,5481.456213
447.876891,152,5484.988302
613.010638,201,5489.839969
734.22732,212,5494.6028
626.615082,185,5498.4829
516.39833,165,5507.770596
484.193888,175,5512.058084
601.244334,216,5517.050508
681.888476,207,5521.525693
476.847534,166,5525.307943
688.352779,216,5536.080115
255.886779,107,5538.48688
1020.376582,296,5544.943081
531.898452,176,5548.753251
714.724649,217,5553.115267
409.718211,156,5648.391914
537.594172,171,5652.435742
437.417004,177,5656.569698
402.621228,142,5659.827339
229.114983,125,5662.803321
579.034955,215,5668.19032
697.451373,205,5679.179506
491.274881,174,5683.684747
379.276519,135,5686.98311
584.844909,181,5691.030031
482.654772,168,5694.98736
419.785989,158,5698.690396
733.454797,219,5709.705563
771.868383,224,5718.302876
685.893918,211,5725.167787
567.948246,182,5729.590631
285.755222,122,5732.33894
502.083368,156,5741.439401
303.226468,118,5744.083825
700.464811,217,5748.687708
424.886443,154,5752.05741
396.110188,142,5755.244365
590.309049,195,5759.658025
188.955709,93,5761.726813
434.481393,156,5770.738807
404.029286,152,5774.079526
493.25062,172,5778.215124
627.198571,191,5783.187493
693.538833,198,5787.41976
721.018971,232,5889.930347
514.887569,163,5894.131595
433.486213,154,5897.551458
536.136418,176,5901.773094
481.059768,159,5905.60137
441.935181,147,5909.14853
463.159705,155,5912.669022
674.355342,202,5923.106677
839.883306,241,5928.40697
1136.136808,301,5935.229788
714.073867,229,5940.23842
468.089204,159,5949.957567
722.010636,209,5954.470402
361.587671,149,5957.939017
620.482915,204,5962.528129
580.130554,182,5966.475795
752.166198,232,5978.106816
467.584386,170,5982.34723
384.765457,140,5985.651286
567.867118,183,5989.742885
751.988059,238,5995.371532
530.870322,181,6005.880512
616.264273,207,6011.028431
603.056528,213,6016.071369
855.03841,246,6021.886583
507.3255,160,6026.071459
497.416055,168,6129.588512
844.472467,231,6134.798381
633.889169,208,6139.785004
610.169277,184,6144.160362
621.575375,229,6149.773706
490.449779,176,6159.845349
749.187985,267,6166.08412
416.398389,160,6169.756158
562.83798,176,6173.978781
644.19259,183,6178.251383
370.646383,152,6181.969836
916.749986,263,6194.151494
534.572452,170,6198.482239
417.968195,160,6202.449493
370.113851,142,6206.046346
819.606407,228,6211.931128
787.348299,241,6223.56829
574.607113,205,6228.405033
452.748326,154,6232.184004
800.602102,250,6238.437923
626.566447,214,6243.466311
499.934783,162,6253.871907
705.659931,231,6259.731777
398.162871,155,6263.487956
515.67089,164,6267.344128
884.647683,251,6273.249486
559.035767,197,6354.013329
493.176195,161,6354.971596
628.280678,197,6356.215189
426.812147,150,6357.502131
609.379161,192,6359.220921
771.13314,222,6363.43617
408.990612,145,6364.407264
829.711593,236,6365.888905
710.01459,256,6367.622651
436.30939,172,6368.875924
699.211326,213,6373.22621
620.727035,201,6374.793792
632.930227,200,6376.453263
561.833998,186,6378.074562
555.562568,191,6379.541219
675.287094,223,6383.94677
630.443011,228,6385.699954
523.613214,179,6387.496262
639.348664,232,6389.427232
520.706151,169,6390.815585
944.484892,292,6395.132984
727.957235,223,6396.654718
646.519254,197,6397.979743
649.722462,196,6399.46123
489.785864,171,6400.811807
296.455095,116,6443.405875
760.299002,230,6445.251168
574.914524,193,6446.852411
519.03558,178,6448.010129
510.84506,167,6449.250143
856.512176,274,6453.662564
674.827804,191,6455.069243
738.72989,221,6456.515273
534.05439,248,6457.889223
