#{"t_start": 1657276463.5410242, "env_id": "Walker2d-v2"}
return,length,time
2.908504,23,5.606985
-2.151543,17,5.6211
1.841026,22,5.638664
4.547996,18,5.655472
-2.687709,15,5.667928
-0.110485,25,5.689751
-8.187039,21,5.706701
1.579906,18,5.724635
1.173012,10,5.733277
4.317039,17,5.746728
4.87045,39,5.778577
17.593695,47,5.816826
-0.104226,22,5.834578
-3.600471,14,5.846314
-4.68783,8,5.853376
-1.254058,10,5.861943
2.820002,14,5.872815
-4.882879,26,5.894352
-7.524455,28,5.916764
-5.097283,10,5.925298
1.57102,14,5.936363
2.841579,19,5.951443
1.650671,21,5.968869
17.004309,44,6.003263
-5.571716,13,6.014294
-2.801982,10,6.029379
-1.114735,11,6.038788
1.728243,28,6.061336
-0.003182,26,6.082535
-0.809798,44,6.116789
-8.084682,16,6.129617
-1.644413,19,6.145298
-5.15728,35,6.172957
-3.034306,13,6.184105
-2.414932,15,6.195584
1.455928,11,6.204669
-1.120064,12,6.214023
-0.038391,11,6.223114
-2.496523,15,6.241167
-10.432218,16,6.257037
2.701673,18,6.271674
0.770508,19,6.286902
-2.173441,17,6.299968
10.899889,26,6.32087
-0.587868,10,6.329716
2.548757,17,6.344178
-2.573607,12,6.354607
-2.065473,10,6.363129
-1.839746,12,6.372742
-1.249065,26,6.392599
-5.371766,9,6.399719
-0.327046,16,6.412526
-4.957099,13,7.570525
-0.079239,28,7.593357
-4.628267,25,7.613538
0.850071,22,7.631065
3.743903,25,7.650829
-6.733972,12,7.66118
-0.909505,13,7.671589
-3.421932,25,7.690036
-1.320832,11,7.698894
-4.568502,7,7.705087
1.167105,14,7.716019
5.63613,27,7.737494
-4.32573,21,7.754008
2.278655,18,7.769017
-3.916224,11,7.778202
-1.575335,17,7.795137
-10.576952,18,7.810301
-7.864351,21,7.827233
2.108006,11,7.839214
-1.21734,13,7.850234
-0.447975,24,7.869864
1.687091,17,7.884658
0.11652,12,7.89471
1.24048,29,7.916877
2.22217,19,7.932054
0.403147,12,7.941552
-4.630964,8,7.948421
-5.176763,14,7.960789
-2.956509,9,7.969122
-4.185984,22,7.987866
2.185483,16,8.00121
-4.404729,15,8.014031
-3.468234,14,8.025961
-3.284269,9,8.034117
2.322668,20,8.050403
-4.493961,14,8.062529
-0.388409,18,8.078252
-2.617491,18,8.093395
3.434436,20,8.11018
-0.567561,24,8.129115
-6.802462,23,8.146684
-1.162162,11,8.155828
1.682797,17,8.170123
0.899197,19,8.18626
-1.618896,21,8.202621
11.890088,36,8.231445
-3.023632,7,8.237762
-2.691269,10,8.246231
-2.430518,10,8.254595
-6.130616,31,8.284266
-5.212239,13,8.29922
2.608492,19,8.315942
-4.394199,9,8.324383
-6.820371,9,8.332566
-5.793772,13,8.34364
-2.521943,13,8.354295
-3.279177,8,8.36149
1.671544,15,8.373769
-2.451024,9,8.381668
4.914762,21,8.398584
-5.734272,10,8.407146
16.677832,31,8.662029
1.496396,18,8.676615
-0.608131,14,8.703479
1.186759,13,8.721353
-14.048015,17,8.734418
-4.73253,12,8.744141
-3.858996,9,8.751659
1.659135,14,8.762967
-5.290473,23,8.782518
-6.912821,16,8.795033
-1.791294,15,8.80718
-0.28649,11,8.81606
-1.080245,14,8.827475
7.978518,26,8.847218
-6.149389,22,8.864388
2.726039,25,8.885589
-7.299449,13,8.896141
-3.709161,17,8.90941
-6.809595,12,8.918744
-3.594245,10,8.926702
0.93783,16,8.938485
-2.916164,10,8.946927
3.067407,19,8.961719
2.79026,19,8.977597
0.589428,15,8.990048
0.647354,18,9.005104
-6.714314,9,9.013448
-4.537766,7,9.019692
0.511592,10,9.028017
-6.900904,14,9.039596
-2.206395,13,9.050409
-10.082206,16,9.063101
-0.642514,11,9.072459
-5.895866,18,9.087264
-6.842834,18,9.101909
-4.570878,14,9.113536
-1.998245,16,9.128184
-4.778011,8,9.135072
-2.70697,10,9.143585
-2.010871,14,9.154588
-6.712453,11,9.163717
-5.857144,11,9.172713
-11.670509,21,9.189847
-4.319197,14,9.201611
-6.951495,7,9.207718
-2.52091,13,9.218589
-3.383404,18,9.233258
-5.39079,22,9.251861
-5.39758,9,9.259466
-6.110657,21,9.277268
-0.440197,9,9.285094
-3.5457,10,9.29341
2.194581,16,9.31356
-4.025408,11,9.326565
6.582597,20,9.344151
1.148992,19,9.360049
-3.359827,10,9.368801
2.469359,21,9.385864
-4.910081,15,9.397896
-2.127647,11,9.407099
-2.921302,8,9.414133
-3.464911,8,9.421138
1.519698,11,9.43014
4.164221,16,9.45484
-1.864125,9,9.46484
-2.796158,11,9.483711
1.475793,16,9.506445
-9.392273,17,9.52071
10.322671,37,9.776018
6.560908,17,9.790676
-4.232383,6,9.79566
-1.147463,14,9.806414
-0.640937,19,9.820771
-1.458797,14,9.831493
-2.701994,10,9.839272
-1.618104,11,9.848495
3.986228,20,9.864149
-2.70198,10,9.872722
-0.533894,12,9.882997
-2.836237,7,9.889529
0.917923,13,9.899772
-5.381948,11,9.908323
-5.734752,18,9.921994
-8.79815,11,9.930412
-5.986181,8,9.936953
-7.337261,19,9.951128
-2.625658,29,9.972915
-9.403688,22,9.991597
-7.959968,21,10.008507
-9.24132,20,10.024971
-8.843669,23,10.044215
-9.664428,15,10.056287
-9.191182,16,10.073088
-0.653548,26,10.094205
-2.563631,10,10.103045
-7.031875,10,10.111478
-8.971831,16,10.124577
-4.037318,9,10.132106
-0.756892,11,10.141032
-4.738874,12,10.150713
1.807979,11,10.159838
-3.566334,14,10.170954
3.069287,35,10.198888
-3.580146,14,10.210543
-2.268787,9,10.217945
4.540648,16,10.231355
-0.979218,19,10.24652
-7.97995,24,10.291345
-6.039284,23,10.3098
-4.87508,24,10.333379
-5.283918,9,10.34422
-1.663272,9,10.354214
1.853657,12,10.364459
-6.582376,11,10.373563
4.692035,36,10.400652
-0.700942,15,10.412761
-7.634757,19,10.428038
0.441225,11,10.43739
-2.735816,11,10.446407
-3.031065,11,10.454904
-2.522676,10,10.462795
-0.698975,21,10.47911
-0.995536,29,10.502863
-5.308205,20,10.518108
-9.32335,13,10.528409
-4.922324,10,10.536577
-2.118432,10,10.544811
2.520817,26,10.56639
3.148995,15,10.578419
10.960578,28,10.883284
-9.699066,16,10.897847
-2.148876,15,10.909923
-1.214665,10,10.918142
-2.50423,9,10.925534
-4.023121,8,10.93212
1.00842,13,10.942426
-4.19694,13,10.952929
1.555552,20,10.968884
2.519955,17,10.982961
0.051849,20,10.998522
-11.27959,14,11.009384
-0.098265,10,11.017529
-2.708591,10,11.026468
3.484652,16,11.040037
-3.089707,24,11.058487
-0.873441,12,11.068265
-4.15494,17,11.081837
-2.957644,12,11.091397
-5.602304,12,11.100722
-3.167743,19,11.116268
-7.868992,17,11.133614
-8.74248,20,11.148823
-6.327969,11,11.15831
-3.832405,10,11.166641
-4.97235,9,11.174007
-4.468305,21,11.191586
3.121176,15,11.204167
-8.003208,18,11.218028
-15.618662,18,11.232689
-4.38568,10,11.241178
-5.257652,19,11.255501
-1.723414,11,11.264538
-1.851444,10,11.272343
-4.118523,27,11.293631
-6.981007,22,11.311559
1.151087,24,11.33052
-5.907546,12,11.340751
-2.379116,13,11.35157
-3.481138,13,11.371047
1.396808,13,11.38316
-4.125911,7,11.389256
-0.451988,10,11.397783
-1.842812,11,11.407409
-3.161269,21,11.423771
-3.924732,18,11.438122
-5.131521,24,11.458064
-2.220721,12,11.467988
-2.596125,9,11.475532
-11.236646,23,11.495422
-4.952933,22,11.513963
-7.202659,23,11.532263
-0.463474,25,11.552272
-5.322729,16,11.56544
-3.382202,10,11.57384
-4.438712,12,11.584383
2.619594,19,11.600142
-4.594587,7,11.60624
-4.787773,7,11.612387
-4.016681,20,11.628561
-11.261207,20,11.645035
1.900292,16,11.658511
-5.441861,10,11.667143
-5.119753,11,11.676389
-2.884273,11,11.685634
1.474352,14,11.696856
-5.08489,8,11.703721
-6.135391,9,11.711218
1.420167,18,12.588094
-7.805741,18,12.603429
-3.464543,9,12.6115
-10.466228,25,12.631469
-1.833675,16,12.644794
0.15002,15,12.657063
-2.366816,24,12.677224
3.078077,31,12.702358
-4.682364,21,12.718777
-3.453414,9,12.726834
-2.20645,9,12.734947
-1.22783,12,12.7471
0.342974,13,12.759898
-1.085257,11,12.771683
-0.932314,16,12.787502
-6.20744,17,12.80216
-7.634066,14,12.814447
-0.242762,30,12.838652
-0.918783,11,12.848104
-10.042119,19,12.862771
-0.414774,13,12.872573
1.424714,12,12.882049
-2.253488,9,12.890117
3.661919,25,12.909637
-5.900646,11,12.918357
-1.159339,13,12.928414
2.299968,12,12.937747
-2.480121,8,12.944215
-10.157696,17,12.957389
-3.211055,10,12.96588
-8.237418,13,12.976404
-1.408937,9,12.983582
-6.84122,22,13.001002
-5.192214,20,13.017652
-2.356001,14,13.029813
-1.603622,14,13.042102
-2.744288,18,13.057646
1.054523,12,13.068751
-6.709309,14,13.081166
-2.351569,7,13.087802
-2.943164,11,13.097629
-6.36053,21,13.114887
-6.767999,24,13.135699
0.147538,18,13.150322
0.611798,11,13.159488
-4.527582,7,13.165744
-11.282817,19,13.180485
-2.391149,12,13.191136
-1.598798,18,13.206554
-2.123431,14,13.221748
1.80649,13,13.255553
0.220332,12,13.273535
-0.957784,19,13.289369
1.580803,11,13.298499
-1.782368,11,13.308168
-9.201091,15,13.320105
-9.399652,16,13.333369
-10.329389,18,13.348139
-5.714686,9,13.356014
-6.570013,11,13.365604
-5.913552,21,13.382719
-6.199392,25,13.403176
-2.993261,17,13.427866
-11.521991,19,13.443749
-3.551138,28,13.700397
-2.48889,11,13.709718
-2.968093,7,13.715796
-2.376351,12,13.726512
-1.835021,14,13.737941
-2.990142,10,13.746259
-2.914874,21,13.763431
5.989188,28,13.785852
-5.80762,8,13.792997
-8.348705,19,13.808591
-12.078461,17,13.822878
-8.568367,22,13.841073
-8.093437,19,13.856617
-6.673117,21,13.874058
-4.117608,7,13.880508
-2.730107,8,13.887213
3.31333,26,13.90881
-8.534328,20,13.925612
-5.427288,13,13.936807
-4.075675,8,13.943788
-6.028491,12,13.953643
-6.767656,15,13.966065
-5.364115,9,13.973609
-3.458933,24,13.993262
2.988594,29,14.016803
-10.527746,15,14.029239
-2.921059,13,14.039942
-1.070487,10,14.048178
-5.112299,26,14.069091
-4.25717,8,14.07639
-7.278228,21,14.093215
-8.438679,17,14.106832
-0.065332,10,14.114877
-6.121298,18,14.129181
0.82067,11,14.137933
-10.540367,10,14.146018
-3.165658,25,14.165805
-0.649592,9,14.173201
-0.835154,9,14.180206
-2.82052,19,14.195084
-6.246832,15,14.206886
-10.991345,13,14.216647
-5.016292,13,14.226662
-1.060358,9,14.233574
-3.262913,10,14.241605
-0.27644,13,14.252122
-9.201774,17,14.266078
-1.142499,20,14.281693
-2.392626,9,14.288899
-0.037119,19,14.3036
-2.028264,9,14.310599
5.673108,16,14.323268
-5.631209,10,14.331725
-5.021314,10,14.340317
-6.950838,20,14.3568
-3.214921,25,14.376437
-9.271024,19,14.390759
-6.568042,24,14.409147
-6.5851,25,14.42944
-1.529087,8,14.438365
-0.399648,17,14.456066
-4.38224,13,14.466315
-5.975711,9,14.473533
-3.919169,14,14.484859
-0.813923,29,14.507318
-5.954562,22,14.757027
-10.37242,19,14.771704
-2.350408,8,14.778378
-1.035973,13,14.788795
-10.197386,19,14.803487
-1.053233,9,14.810486
-2.217433,10,14.81861
-2.014415,25,14.838086
-9.197826,20,14.854919
-0.076446,14,14.879794
-9.556094,18,14.89865
-2.869147,19,14.913856
-10.765425,17,14.928071
-7.942096,12,14.937815
-8.217791,19,14.952729
-2.398967,10,14.960605
-6.667102,23,14.978295
-4.912642,7,14.984511
-7.278218,14,14.995744
-3.652498,8,15.00294
-5.741604,22,15.020376
-3.58178,11,15.029539
-8.812574,11,15.038406
-0.187451,22,15.055871
-3.095229,25,15.076082
-3.947297,17,15.089768
-5.998755,17,15.10427
-3.68343,10,15.112582
-9.311698,22,15.1317
-2.185177,24,15.1508
-6.159216,13,15.161402
-5.821449,11,15.170746
-1.490855,10,15.17873
-4.042899,10,15.187202
-6.382936,10,15.195127
-6.757659,20,15.210487
-4.375112,26,15.231343
-6.877631,20,15.247061
-4.856534,17,15.261275
-3.008923,11,15.270156
-6.798924,21,15.285783
-5.105059,21,15.303105
-7.654037,17,15.316717
-4.40583,13,15.327257
-10.291663,15,15.338643
2.529767,25,15.358093
-1.336456,21,15.374745
-3.009158,7,15.380586
-1.82362,14,15.391132
-5.925856,16,15.40376
-8.925011,18,15.417363
-8.907354,12,15.427705
-4.543991,7,15.433879
-6.125842,9,15.441461
-5.985722,11,15.450588
-0.603736,11,15.463467
-2.577174,11,15.475497
-2.115607,22,15.49516
-13.148652,16,15.507741
-3.211996,10,15.516316
-1.039119,10,15.525182
-11.886501,18,15.538818
-8.437931,22,15.555621
-1.821146,32,15.81165
-9.442069,19,15.82686
-3.553567,10,15.835579
-9.189881,20,15.851251
-7.939032,15,15.863712
-4.061142,21,15.880403
-1.660031,22,15.898595
-0.153344,16,15.91142
-5.652782,14,15.922314
-1.480404,12,15.932046
-8.089241,12,15.941726
-6.203571,22,15.95875
-10.336289,22,15.976035
-2.680121,11,15.985202
-1.681533,10,15.993281
-1.972984,19,16.008682
2.537876,28,16.03162
-4.049117,10,16.039788
-12.177002,21,16.061589
-7.668849,27,16.095122
0.926883,13,16.1061
-11.701748,18,16.120234
-3.973487,11,16.129715
-3.055408,9,16.137552
-3.060189,11,16.147081
-1.769931,29,16.170024
-7.333054,9,16.17797
-3.513051,9,16.185698
3.765348,24,16.205706
-6.332603,14,16.216956
-5.433472,14,16.228504
-7.792954,9,16.236209
-1.575756,21,16.253794
-7.806271,16,16.266524
-5.205923,20,16.282518
-3.674033,10,16.290847
-7.045624,21,16.307168
-7.221383,19,16.322947
-9.478627,17,16.336503
-11.161737,16,16.349706
-6.849209,9,16.357845
-2.868257,9,16.365785
-3.810627,12,16.376861
-3.649329,8,16.383881
-10.065696,19,16.399145
1.213654,25,16.419158
-2.161819,8,16.426152
-6.019062,14,16.437778
-7.069584,20,16.453762
-1.230872,13,16.464352
-4.131549,12,16.473699
-6.540936,23,16.499393
0.872886,24,16.519595
-8.207332,9,16.527843
1.352947,15,16.541123
-11.237508,19,16.556775
-12.455778,21,16.574225
-9.540246,19,16.589315
-8.089583,21,16.606556
-3.125514,8,16.613342
-2.017297,28,16.63591
-3.971952,19,16.880571
-9.9327,21,16.89801
-3.349543,21,16.915822
-2.697162,15,16.928612
5.048846,25,16.948799
-8.637258,14,16.960415
-2.108559,20,16.976368
-6.272086,19,16.991589
-3.0498,12,17.001668
-0.506305,15,17.014503
-7.596948,9,17.022376
-8.585111,23,17.041563
-4.946103,10,17.050593
-7.14035,8,17.058031
2.390086,37,17.089621
13.546453,38,17.120121
-1.518635,14,17.132755
-5.148459,9,17.140712
-1.546835,20,17.156885
-8.808203,22,17.174699
7.797772,26,17.195292
-6.983549,30,17.219247
-3.534455,19,17.236103
-3.818872,23,17.254898
-7.87137,18,17.270764
-3.851433,10,17.279431
-3.11076,15,17.292236
2.452851,26,17.314273
-4.550203,7,17.320912
-0.863938,23,17.340752
-3.28528,8,17.348143
-1.313078,8,17.355208
-6.093849,17,17.369502
-4.317605,17,17.384114
7.788209,25,17.405307
2.797198,24,17.425551
-1.962443,8,17.432857
-8.911289,20,17.448961
-4.074369,21,17.479027
-1.713051,10,17.496198
-4.949268,8,17.503808
-8.337393,15,17.523817
-6.265265,16,17.538232
7.635838,23,17.556606
-3.97005,7,17.56292
-3.708498,27,17.583894
-11.357057,16,17.596932
-9.859282,23,17.615071
-9.569956,16,17.628039
-1.2882,19,17.643468
-9.72581,18,17.658531
-9.576176,15,17.671703
8.316915,31,17.69639
-9.221972,15,17.708627
-6.335023,22,17.725934
-9.391962,20,18.428433
-10.229926,17,18.442592
-5.940186,23,18.460439
-1.931262,8,18.467467
-4.708294,10,18.475719
1.799754,24,18.495468
-3.250055,26,18.516613
-11.604202,20,18.539962
-2.453945,43,18.579091
-6.252717,28,18.602307
-9.109791,18,18.616649
0.655909,48,18.665697
-8.199239,27,18.69529
-4.654714,24,18.715004
-9.413642,26,18.736522
-13.218237,19,18.752822
-4.08629,21,18.770272
2.652832,28,18.793532
-10.067649,19,18.809757
-14.200366,15,18.822435
-8.762421,19,18.837696
-5.860033,26,18.858652
-2.347573,29,18.882027
-4.020542,7,18.888053
-8.064359,12,18.897999
-7.232907,16,18.91176
-2.511823,13,18.922215
-3.31329,32,18.945858
-0.78481,50,18.984763
-2.544116,13,18.996101
7.579686,31,19.020423
-6.129577,22,19.037867
-0.095977,15,19.050772
-5.313319,10,19.059203
-11.328595,15,19.071947
8.306018,37,19.100886
-7.061571,18,19.115162
-9.505811,20,19.13438
-2.81552,27,19.15623
-6.996995,19,19.171312
-4.08249,14,19.182896
-7.35912,18,19.197231
-5.581143,7,19.203703
-7.220989,19,19.218297
-7.155459,21,19.235015
-7.671655,25,19.255549
-8.381492,20,19.519184
-11.642759,20,19.545169
-3.254118,9,19.557862
-11.250595,18,19.577232
-6.799037,22,19.59526
-7.216701,23,19.613911
-10.974936,21,19.630107
-5.40834,20,19.648646
-3.923187,16,19.662296
-6.675911,22,19.68458
-2.357918,21,19.706875
1.819396,23,19.725271
-4.15055,18,19.739741
-5.751351,16,19.752495
1.91031,18,19.767089
-8.991646,11,19.776665
-1.013007,10,19.784868
-6.615686,22,19.802907
11.704812,21,19.818909
-8.221748,22,19.83566
-3.213374,8,19.842508
-7.8253,22,19.860026
-4.480267,12,19.869386
-6.277785,9,19.87705
-6.554837,9,19.884486
-6.282391,12,19.894527
-4.060919,19,19.909436
-8.262206,17,19.922507
-5.783365,17,19.936175
30.179428,116,20.023703
-2.783329,22,20.041283
-0.627414,27,20.063879
-0.927163,31,20.090002
-8.315647,19,20.106078
-5.195083,26,20.127662
-3.293944,23,20.147245
16.843429,40,20.17979
-8.680279,15,20.193218
-10.0979,18,20.208349
-1.121609,21,20.225696
3.299963,18,20.241041
0.052409,26,20.262692
-2.435244,9,20.270937
-9.083071,18,20.285817
-3.707059,8,20.293154
-3.403877,20,20.309789
-8.026165,18,20.325272
-5.177107,22,20.344301
-7.129091,25,20.63825
3.246299,21,20.655808
-5.206587,24,20.676101
18.252754,42,20.708856
-8.795669,22,20.729741
5.364204,23,20.748424
-4.655815,7,20.755063
-0.844657,26,20.777668
-2.904707,10,20.78648
-4.582652,26,20.809251
-2.001999,23,20.828448
-6.618507,10,20.837447
-7.165343,18,20.852451
2.749588,33,20.878814
-8.097631,17,20.892496
-7.157958,19,20.910221
-8.07237,26,20.931734
-10.974055,24,20.950881
-2.917062,45,20.987532
-3.454911,21,21.006958
-6.838542,22,21.027597
6.483598,23,21.0489
-4.851269,8,21.056964
-9.311451,16,21.072121
1.275538,27,21.095325
-8.432378,14,21.107291
7.550039,29,21.134861
-6.738275,19,21.151078
-0.675861,11,21.160707
-7.043492,17,21.174912
-9.884369,16,21.188304
-2.92891,27,21.219293
-6.417836,18,21.236403
-7.167442,11,21.246879
6.091964,25,21.269478
-3.711588,36,21.298673
-7.011254,30,21.323562
-7.955573,24,21.34287
-6.256219,18,21.357342
-2.468762,15,21.369669
-2.951301,24,21.388274
-2.204509,9,21.396063
-10.025718,22,21.413606
-0.385131,41,21.446495
-4.638113,8,21.466576
-0.413603,32,21.495007
-6.039654,19,21.752765
-2.346861,9,21.761525
-3.584247,9,21.769919
14.750703,41,21.803115
-3.615411,22,21.821434
-7.235872,30,21.845675
-0.797794,12,21.856032
-4.092909,38,21.890894
-5.331413,24,21.913037
-0.843824,22,21.931792
-6.302139,24,21.951185
-4.200882,32,21.977488
-8.630474,17,21.992155
-3.99056,11,22.001927
-8.199044,23,22.020474
-1.541871,12,22.031558
-4.455658,9,22.039025
-7.059994,18,22.054159
-8.219882,20,22.071143
-7.867938,16,22.084752
-7.08543,26,22.106684
-0.602627,39,22.153687
-13.218869,19,22.220743
3.786043,40,22.290226
1.356133,25,22.327933
-7.296505,24,22.35096
-11.357392,22,22.369825
-5.104806,23,22.389235
-10.271827,20,22.406067
-6.600742,19,22.43854
2.51764,26,22.469158
-0.758945,37,22.517348
-6.893399,18,22.543452
-4.356165,29,22.578247
14.176563,34,22.607493
2.161233,16,22.622792
-6.323212,17,22.648854
-6.307492,8,22.659366
1.231622,44,22.695049
-2.141986,19,22.710832
-5.106798,21,22.727887
-12.474042,16,22.74296
-8.450956,17,22.757264
-4.365228,9,22.765191
-0.92584,9,22.77411
3.885008,30,22.798488
-11.785614,16,23.053393
-6.628585,19,23.08006
46.295598,59,23.135127
6.740451,64,23.189741
-6.395269,73,23.262996
-5.995117,11,23.272897
-4.09656,34,23.30085
-12.999529,25,23.321859
13.368939,65,23.381075
6.479016,30,23.405547
-4.513147,32,23.431781
4.413514,55,23.478373
27.987959,46,23.516791
7.065113,29,23.54017
-0.747248,18,23.555171
-5.546403,50,23.595767
0.783442,25,23.617616
-1.288318,81,23.691242
-7.732872,17,23.705055
-7.741061,53,23.749688
-8.433384,18,23.764859
8.09162,34,23.792234
-8.309696,23,23.810884
51.800457,83,23.875466
-5.73043,30,23.899479
-6.020729,15,24.998856
6.220069,33,25.026577
3.812459,34,25.054393
-5.024233,16,25.067983
-1.381997,10,25.077286
-0.578122,38,25.107942
-0.25607,20,25.128048
-6.066244,25,25.148996
-4.629007,12,25.159245
-24.617086,114,25.288692
-13.501727,21,25.312115
-7.505478,22,25.339357
-7.183067,16,25.359217
4.035491,22,25.386667
-0.650564,22,25.413933
-5.471286,28,25.467106
-6.010097,19,25.497244
-8.776427,16,25.566785
92.461852,73,25.706147
0.685253,35,25.799716
-3.39661,42,25.868692
-1.593485,14,25.895679
4.026732,45,25.952721
-11.035021,24,26.042504
-4.478662,19,26.102663
-7.258974,26,26.155353
0.77927,26,26.18161
-2.801958,8,26.189239
-2.453718,26,26.210694
-3.242087,34,26.238447
0.902828,20,26.255049
-10.10911,23,26.287322
-10.105178,23,26.347298
1.141904,29,26.370939
-0.549483,27,26.392701
-1.47981,25,26.413192
-3.746813,10,26.423175
3.493093,34,26.684091
0.898293,25,26.704683
-6.914523,25,26.725246
-8.412086,23,26.74441
-7.207153,19,26.768146
-4.594804,40,26.81815
-2.838327,21,26.836119
-2.614654,20,26.852966
5.715004,48,26.890271
-0.837679,25,26.910763
-8.509704,17,26.925457
-5.778511,21,26.942066
-4.150498,34,26.971301
4.721775,34,27.000898
-4.704939,33,27.035429
-3.583001,22,27.056953
-7.716703,17,27.071832
-4.731872,20,27.088161
-8.128121,18,27.102716
-5.822201,44,27.137957
0.973949,24,27.158132
5.912221,27,27.179606
-3.964037,27,27.201827
-1.636291,33,27.229232
-6.273924,19,27.245477
-3.024027,19,27.261013
-7.84142,17,27.275427
-9.046792,16,27.289346
-4.131989,10,27.29759
-4.539413,20,27.314507
-9.423181,17,27.328892
1.777516,30,27.355735
0.228666,26,27.381036
-8.239802,80,27.445874
-2.184494,46,27.489165
-6.375793,19,27.505639
-3.762929,8,27.512959
-2.94902,35,27.775697
-3.798169,37,27.81546
4.627925,36,27.844808
-3.547304,16,27.858634
-19.268993,84,27.924913
0.19428,32,27.950453
-3.263058,22,27.968555
-9.543481,18,27.98334
-9.729468,20,27.99905
3.86866,56,28.044491
-8.83998,16,28.057743
-4.209543,22,28.07559
-10.735343,17,28.089401
3.188157,43,28.123998
-2.263595,26,28.147197
4.804188,37,28.178905
-5.414278,20,28.19663
3.302705,54,28.242034
-4.666901,18,28.258146
-11.153216,21,28.276518
34.073038,181,28.440466
1.105129,57,28.487586
-8.908538,8,28.495251
-5.660943,24,28.514829
60.65376,113,28.603472
-4.862003,21,28.864511
-10.842503,15,28.877211
14.771705,59,28.925098
-10.013912,24,28.944685
-12.567625,18,28.963791
-6.283304,26,28.992765
-9.929117,16,29.006487
14.517382,137,29.12575
-7.455878,38,29.158321
-7.163766,61,29.207818
-5.710491,17,29.222516
-7.453553,25,29.243505
-6.222732,23,29.264634
4.542527,61,29.313626
-0.934878,52,29.354885
-6.017593,23,29.374357
-8.563618,17,29.388582
-2.263069,34,29.415971
-4.669134,23,29.435537
-6.228021,8,29.442487
-5.66978,52,29.483488
-4.950404,33,29.510247
-10.36531,42,29.544188
16.304789,49,29.585362
-0.293113,27,29.607612
-9.925021,20,29.624369
-0.88546,53,29.678355
-6.502047,25,29.705729
303.145764,206,30.109797
-9.644607,23,30.129089
-15.691895,63,30.181585
9.971342,96,30.258318
-10.08785,32,30.285373
-8.63519,24,30.305793
-8.160972,21,30.323826
5.499391,45,30.362773
-7.643433,17,30.377329
-2.457625,29,30.401734
13.961951,64,30.454666
-20.521504,77,30.525385
-8.92677,23,30.544755
-5.019889,8,30.564007
22.306268,126,30.673012
-6.234446,28,30.696807
-6.31566,20,30.717499
-7.502953,28,30.741276
-6.909261,22,30.759944
8.96557,47,30.798757
-5.611395,20,31.934575
-11.319985,20,31.955234
-5.595769,24,31.979625
5.290397,29,32.007917
-7.356648,19,32.027347
-5.736233,20,32.047657
-8.148376,16,32.064384
-9.717859,16,32.081173
-4.609289,31,32.150156
-4.592075,23,32.181977
-12.026883,94,32.349492
17.752849,88,32.424419
-8.000899,22,32.442898
-8.998248,19,32.45782
7.248532,31,32.482106
-5.414932,19,32.49761
-2.98198,25,32.518149
-5.496741,21,32.534906
-5.989462,9,32.544215
13.469562,32,32.569616
-9.121122,95,32.643261
-2.18265,28,32.666598
-5.020436,19,32.682907
-11.538059,17,32.697891
0.220301,28,32.720834
-6.754239,45,32.756204
-1.907174,28,32.790048
15.164075,183,33.304775
-5.921361,36,33.340139
-2.137798,12,33.353114
-9.548452,25,33.393464
-9.609625,33,33.426763
-4.457438,31,33.456861
14.983728,74,33.528156
-7.043184,7,33.535858
-9.229264,25,33.559643
-6.504919,29,33.586694
-7.474098,62,33.645991
-2.897979,32,33.724181
-5.11587,19,33.789566
11.010833,72,33.853649
39.355775,94,33.929283
47.908301,109,34.026249
-6.487478,33,34.053686
100.055827,111,34.144202
-9.253805,23,34.163237
-6.148338,23,34.181819
-3.645425,26,34.204053
7.518901,69,34.260584
-6.486641,16,34.274368
-1.351806,13,34.286887
-10.92644,71,34.576397
-14.193851,93,34.653188
2.199662,80,34.727946
16.506819,70,34.783305
-12.186648,22,34.801381
-11.754234,18,34.816298
3.386582,42,34.848515
4.616083,32,34.874274
-11.532727,19,34.890867
15.577105,52,34.934376
9.305178,35,34.962412
-8.094193,31,34.994825
-10.897262,34,35.02184
-11.068398,21,35.038135
5.123362,84,35.104213
6.915269,55,35.147316
-12.212662,21,35.164131
-0.635935,55,35.206403
15.650027,85,35.27439
-6.163168,20,35.291228
-2.326341,36,35.320732
-8.073836,33,35.347636
-4.758816,7,35.354128
2.5326,36,35.611707
1.918866,101,35.690957
-5.501569,30,35.719167
-1.690658,87,35.789304
-6.640358,67,35.84343
-4.283119,33,35.87032
3.134758,27,35.892781
-6.006159,59,35.94104
7.597416,57,35.986746
-12.33966,21,36.012871
-8.282497,76,36.07605
3.275139,71,36.132854
-2.768801,35,36.165788
-1.833408,25,36.18635
6.973866,75,36.246397
-13.551131,56,36.290257
-10.480656,55,36.333113
-5.015884,18,36.348379
-12.440455,96,36.67223
14.307787,83,36.735652
-5.945317,42,36.769698
-10.579116,21,36.788226
-1.037674,79,36.85088
-5.060162,25,36.870616
-9.754493,25,36.902571
3.675572,25,36.925151
-9.004626,21,36.948339
-1.773932,50,36.98677
-9.464373,21,37.005113
10.388626,40,37.048445
-0.255469,21,37.065344
-3.660062,23,37.083916
-13.782973,61,37.131935
-6.390395,33,37.157658
1.448577,30,37.181651
4.360074,24,37.201008
-1.062785,86,37.274311
-2.819406,24,37.29708
-6.042071,45,37.333299
-17.596269,87,37.405926
-14.753827,96,37.495357
-6.526676,26,38.458367
-0.401904,64,38.508861
-1.306469,74,38.56631
-4.851616,49,38.604369
-7.245357,19,38.619318
222.014541,209,38.780555
-8.905718,25,38.801355
12.543296,82,38.863718
-13.569703,80,38.923438
-0.723128,28,38.946213
-10.554815,26,38.965943
-1.596358,29,38.988286
-23.200485,103,39.081072
2.991919,81,39.144532
31.533655,142,39.483911
-4.964704,37,39.514887
-1.742914,25,39.535043
-6.243174,24,39.555651
-8.93028,27,39.577807
10.034799,36,39.610078
-5.042072,18,39.624839
-10.851966,81,39.700387
-7.40231,19,39.71836
18.386163,75,39.775587
1.076005,62,39.823146
-22.274045,86,39.889539
-5.600614,21,39.906543
-10.434822,38,39.935559
-1.053376,43,39.970735
-15.332482,111,40.061377
-2.716019,22,40.08239
6.179092,35,40.118428
1.124568,31,40.143087
-5.687398,21,40.159904
-5.007843,9,40.167632
-6.903165,27,40.18819
-11.38801,25,40.207722
-8.77223,22,40.22512
-1.270667,47,40.26246
-7.722702,72,40.559905
-2.894006,23,40.579448
-5.432737,43,40.614174
-9.738658,36,40.644376
1.660559,45,40.68206
30.353315,69,40.74117
3.961276,34,40.769574
-7.130311,53,40.8137
-1.207207,24,40.833908
-11.033132,73,40.890868
-5.461662,71,40.95582
-8.560761,77,41.014065
-10.436366,54,41.055938
5.318502,85,41.132113
-4.459875,19,41.149059
-4.470965,26,41.169589
-18.438416,128,41.267505
-3.463034,79,41.333003
-5.162181,63,41.613147
-11.407253,78,41.6735
-12.901389,116,41.761286
-8.423067,83,41.839753
0.149614,52,41.882458
-25.991707,83,41.949501
-8.59128,64,41.999874
-5.884991,89,42.070147
-5.826462,115,42.168824
3.47567,69,42.223713
-9.965948,79,42.285587
-16.773171,74,42.343274
-8.654454,46,42.395136
2.126309,132,42.758042
-8.081744,26,42.785251
-5.883693,20,42.802081
-4.58812,81,42.869037
-9.609965,36,42.898966
52.083561,159,43.02156
1.644608,86,43.088306
8.672832,55,43.145493
-8.814865,61,43.210079
-4.094513,29,43.248751
-6.182355,66,43.30138
-30.848326,81,43.368067
-5.084628,43,43.400952
-13.891894,73,43.457373
-26.541653,99,44.555042
-6.898958,64,44.610019
5.906676,59,44.656784
-0.649919,113,44.756396
-4.777427,63,44.807419
-8.578467,59,44.853315
7.533826,69,44.907495
-6.124309,57,44.953366
-5.980047,23,44.972622
-1.905875,33,44.998877
161.886726,157,45.14495
-4.142102,10,45.153454
10.414498,105,45.238398
-6.856226,35,45.268852
-6.691888,24,45.287796
-5.864523,54,45.332004
-32.926759,82,45.639406
-10.908391,20,45.656233
-8.504108,15,45.66938
-0.621999,53,45.711079
-42.008965,108,45.799849
182.853842,169,45.933829
-3.397001,47,45.971408
67.490822,201,46.130227
51.413348,302,46.408431
-10.259197,137,46.746203
0.626786,70,46.801167
-6.102287,40,46.834553
3.503259,46,46.87075
244.967623,229,47.052336
-4.404339,39,47.08371
-16.643421,149,47.201671
-0.351882,61,47.247465
-50.222095,104,47.338044
6.222327,56,47.381522
-1.43633,57,47.425697
11.204032,60,47.695799
297.750633,461,48.06496
-41.789515,114,48.160793
-10.53287,19,48.185312
-7.153071,61,48.234732
10.926079,57,48.282436
66.669488,186,48.442163
-19.692028,125,48.757857
-6.976447,69,48.811946
0.510105,35,48.842608
-9.046269,74,48.913929
-1.617764,48,48.951576
198.481069,154,49.071915
-48.366316,208,49.234826
-23.651252,89,49.302942
-8.381348,41,49.339098
-4.499237,27,49.369225
-5.054736,25,49.390079
-2.442592,47,49.428114
0.614589,47,49.466543
-4.034817,44,49.501046
-17.336616,88,50.85636
9.769158,134,50.960223
-1.207577,124,51.053564
-4.673949,20,51.069941
217.387818,155,51.18649
-42.073428,163,51.401973
-3.221989,58,51.609777
-9.211436,30,51.690887
18.038202,105,51.983628
290.020328,164,52.387444
-11.472458,89,53.207238
-9.80817,25,53.270296
-6.670373,70,53.429805
-26.368468,100,53.58812
464.506994,381,54.065194
17.221977,58,54.135831
-30.945247,90,54.242967
-8.652691,43,54.295925
-31.539957,101,54.412704
-2.182631,45,54.459144
4.522209,111,54.871421
-4.82201,18,54.886233
-23.832562,142,54.999604
10.672951,65,55.051204
-19.804862,99,55.129602
8.209761,55,55.172765
615.215213,576,55.987299
315.557893,198,56.187241
0.255658,47,56.225642
-8.93098,72,56.284927
10.523297,77,56.358034
-1.888094,41,56.392997
-4.922859,46,56.430124
5.23316,49,56.468265
-22.13935,108,56.559672
10.993937,117,56.65507
401.566737,552,57.323473
-11.976192,65,57.405704
-3.56977,51,57.464228
-6.092884,138,57.626178
-5.353151,136,57.742745
-6.937689,90,57.815934
-2.827196,48,57.854787
-1.754123,43,57.890018
1.24516,52,57.933355
-4.426742,13,57.94462
-28.005365,88,60.309319
229.882143,196,60.572885
-6.134342,25,60.600765
-6.709048,87,60.724623
0.965651,41,60.789857
7.789035,71,60.934431
-22.258596,118,61.112995
-7.565058,21,61.135774
223.921145,178,61.348264
-30.281256,103,61.517402
-26.097105,87,62.017811
-22.129005,113,62.14777
9.756021,46,62.197361
20.793347,70,62.278699
-1.607509,51,62.334595
14.448405,218,62.682635
268.347183,274,62.993429
199.912663,127,63.096281
5.716135,54,63.138946
990.167562,1000,64.173233
4.409346,123,64.542552
280.465316,437,65.127636
263.79504,347,65.535508
895.700855,853,66.795654
-17.533542,89,66.876789
-33.455341,152,67.003247
298.508729,345,70.1839
-2.631291,23,70.204098
0.809052,42,70.236962
15.340928,102,70.318026
12.379166,47,70.355236
323.051389,201,70.510998
13.569074,55,70.55453
7.170073,48,70.592063
13.856376,51,70.631835
291.010432,168,71.00406
-9.312426,26,71.024965
-0.175609,41,71.05818
290.928178,554,71.486601
1.055606,50,71.524622
30.650175,129,71.62677
643.062884,476,72.251043
-3.801374,47,72.289209
6.744398,136,72.401811
857.415922,833,73.302255
-9.491989,28,73.324603
123.359044,235,73.507732
774.201077,566,74.183389
7.83428,52,74.224846
254.38542,232,74.408468
5.783394,77,74.469393
216.6304,143,74.583748
248.67768,176,74.735012
447.91832,412,78.515774
364.533619,299,78.796512
204.922021,161,79.025819
-11.489151,198,79.316226
594.089705,562,80.351718
393.779718,255,80.629231
395.063059,423,81.222497
265.544051,212,81.407069
332.560463,220,81.585644
170.477658,147,81.701071
364.447979,538,82.417076
238.235553,435,82.782177
323.138643,340,83.284417
190.575891,138,83.399013
-2.226193,56,83.443549
436.248029,312,83.686139
5.136623,51,83.727853
4.454731,52,83.770513
18.990454,91,83.844358
305.73475,263,95.45434
264.053695,350,95.729276
352.552229,279,95.948531
287.915006,176,96.089152
415.078735,284,96.566309
319.743167,274,96.797477
4.971797,53,96.839159
241.443932,174,96.973381
297.196841,383,97.286643
312.738613,609,98.024219
290.236305,210,98.207278
611.270662,671,99.012499
522.459815,451,99.361191
-2.721202,51,99.401991
483.980055,375,99.93501
478.504054,374,100.222161
-5.190371,66,100.277525
552.060887,403,116.409163
-64.570664,149,116.585655
324.500361,357,117.024109
-24.316531,132,117.190902
364.750302,352,117.974749
8.380964,41,118.032177
-1.181317,52,118.088767
385.061406,240,118.364285
18.068906,70,118.434811
182.416837,160,118.582602
372.294059,408,119.156897
317.457167,234,119.349642
218.609135,144,119.460361
3.585543,46,119.496684
369.731137,212,119.67259
233.656796,195,119.83053
1.842244,40,120.110332
182.909328,113,120.2124
247.422639,164,120.368563
567.658112,715,121.267949
434.553272,268,121.494441
325.917651,229,121.683955
364.60763,227,121.905079
255.399112,181,122.061594
211.410416,193,129.981928
261.825172,205,130.155809
524.008442,316,130.417741
451.125345,424,131.092647
436.118122,297,131.415969
293.948034,284,131.66876
304.099927,186,131.818693
349.941897,256,132.389909
389.371486,305,132.669144
374.212881,224,132.852035
-0.569419,78,132.92867
190.798486,173,133.084566
218.938765,188,133.485458
360.604393,226,133.687019
246.819186,262,133.899954
388.962017,248,134.097269
260.858807,147,134.214958
141.273737,132,134.556624
296.112623,181,134.741163
292.013734,166,134.877946
5.171686,60,134.925202
280.060598,166,135.05601
38.133062,199,135.214259
257.405354,184,138.394967
225.59793,136,138.514447
267.733251,192,138.767424
271.908379,178,139.056246
303.507553,178,139.29278
384.091394,204,139.586497
131.908131,137,140.164334
218.236822,138,140.307812
191.388825,250,140.522896
465.824115,331,140.820691
302.598608,235,141.01353
257.307474,157,141.533202
159.770076,141,141.76512
230.811261,159,141.959988
69.151687,261,142.258535
170.143239,138,142.408239
164.347183,154,142.805323
225.882182,161,142.938362
61.382284,313,143.181615
287.339555,172,143.317633
227.338069,148,143.430872
224.276456,218,143.835385
520.232591,471,144.216899
229.825214,173,144.353365
278.575895,165,144.484153
154.736131,111,144.574703
1.615695,48,144.61244
312.6175,194,151.747848
4.941968,42,151.782147
312.698351,227,151.958991
215.976643,160,152.088057
234.251115,161,152.231691
508.30795,392,152.796814
262.493282,193,152.947554
167.49697,121,153.040835
391.740657,251,153.247401
259.502195,207,153.407372
315.676731,190,153.804394
294.10832,176,153.942826
239.281546,148,154.05826
223.862524,197,154.223755
188.581662,121,154.318393
264.701194,149,154.436016
253.321209,156,154.79405
348.904971,193,154.945266
413.130678,297,155.179764
365.479121,222,155.357167
240.016274,179,155.495046
306.848369,188,155.869002
298.294242,218,156.039022
281.985967,155,156.162546
501.151117,633,162.633697
255.005081,166,162.763902
397.076702,277,162.991614
251.19847,158,163.116634
525.321841,392,163.661418
273.631639,175,163.796402
170.353956,120,163.889818
234.703631,153,164.007109
237.448556,180,164.146816
202.699522,145,164.260892
5.377246,42,164.294694
364.551818,223,164.724054
222.161387,155,164.848063
277.721183,180,164.992107
262.791537,165,165.125062
277.524295,173,165.264071
176.816847,98,165.341967
1.604427,54,165.634361
91.629655,244,165.832465
148.636937,172,165.971457
188.55137,157,166.099233
158.531496,109,166.188184
359.214526,191,166.34591
127.146884,417,166.919003
367.295174,189,167.064558
138.830393,151,167.182931
307.81759,223,167.358254
