raw/disc/disc_acc,raw/disc/disc_entropy,raw/disc/disc_proportion_expert_true,raw/disc/disc_proportion_expert_pred,raw/disc/n_expert,raw/disc/disc_acc_gen,raw/disc/disc_loss,raw/disc/n_generated,raw/disc/global_step,raw/disc/disc_acc_expert
0.5,0.6869089007377625,0.5,1.0,1024.0,0.0,0.7111344337463379,1024.0,1,1.0
0.50048828125,0.6873987913131714,0.5,0.99951171875,1024.0,0.0009765625,0.703330934047699,1024.0,1,1.0
0.50341796875,0.687833845615387,0.5,0.99658203125,1024.0,0.0068359375,0.7000054717063904,1024.0,1,1.0
0.505859375,0.6883350610733032,0.5,0.994140625,1024.0,0.01171875,0.6934663653373718,1024.0,1,1.0
0.509765625,0.6884682178497314,0.5,0.990234375,1024.0,0.01953125,0.6909425258636475,1024.0,2,1.0
0.52197265625,0.6888015866279602,0.5,0.97802734375,1024.0,0.0439453125,0.6845308542251587,1024.0,2,1.0
0.53564453125,0.6891533136367798,0.5,0.96435546875,1024.0,0.0712890625,0.6794854998588562,1024.0,2,1.0
0.57080078125,0.6893820762634277,0.5,0.92919921875,1024.0,0.1416015625,0.6724878549575806,1024.0,2,1.0
0.552734375,0.6895396709442139,0.5,0.947265625,1024.0,0.10546875,0.6692335605621338,1024.0,3,1.0
0.58349609375,0.6896510124206543,0.5,0.91650390625,1024.0,0.1669921875,0.6658248901367188,1024.0,3,1.0
0.61865234375,0.6896809339523315,0.5,0.88134765625,1024.0,0.2373046875,0.660720944404602,1024.0,3,1.0
0.67724609375,0.689751148223877,0.5,0.82275390625,1024.0,0.3544921875,0.6532678604125977,1024.0,3,1.0
0.7900390625,0.6895416378974915,0.5,0.7099609375,1024.0,0.580078125,0.6387171745300293,1024.0,4,1.0
0.82421875,0.6892318725585938,0.5,0.67578125,1024.0,0.6484375,0.6315010786056519,1024.0,4,1.0
0.87548828125,0.6889914274215698,0.5,0.62451171875,1024.0,0.7509765625,0.6246932744979858,1024.0,4,1.0
0.89111328125,0.6884655356407166,0.5,0.60888671875,1024.0,0.7822265625,0.618046760559082,1024.0,4,1.0
0.9091796875,0.6880218386650085,0.5,0.5908203125,1024.0,0.818359375,0.6126120090484619,1024.0,5,1.0
0.93212890625,0.6873393654823303,0.5,0.56787109375,1024.0,0.8642578125,0.6050488352775574,1024.0,5,1.0
0.94970703125,0.686699390411377,0.5,0.55029296875,1024.0,0.8994140625,0.5981175303459167,1024.0,5,1.0
0.97119140625,0.6858516335487366,0.5,0.52880859375,1024.0,0.9423828125,0.5902479887008667,1024.0,5,1.0
0.91650390625,0.6859277486801147,0.5,0.58349609375,1024.0,0.8330078125,0.5975287556648254,1024.0,6,1.0
0.9287109375,0.6850509643554688,0.5,0.5712890625,1024.0,0.857421875,0.5908790826797485,1024.0,6,1.0
0.931640625,0.6841955184936523,0.5,0.568359375,1024.0,0.86328125,0.5846798419952393,1024.0,6,1.0
0.943359375,0.6828855276107788,0.5,0.556640625,1024.0,0.88671875,0.5761650204658508,1024.0,6,1.0
0.978515625,0.681613564491272,0.5,0.521484375,1024.0,0.95703125,0.5643035173416138,1024.0,7,1.0
0.9716796875,0.6801844835281372,0.5,0.52734375,1024.0,0.9443359375,0.5580809116363525,1024.0,7,0.9990234375
0.97705078125,0.679166316986084,0.5,0.52294921875,1024.0,0.9541015625,0.553347110748291,1024.0,7,1.0
0.978515625,0.6775190234184265,0.5,0.521484375,1024.0,0.95703125,0.545094907283783,1024.0,7,1.0
0.97607421875,0.6756280660629272,0.5,0.52197265625,1024.0,0.9541015625,0.5375424027442932,1024.0,8,0.998046875
0.9775390625,0.6730191707611084,0.5,0.5224609375,1024.0,0.955078125,0.5274209976196289,1024.0,8,1.0
0.974609375,0.6714456081390381,0.5,0.5234375,1024.0,0.951171875,0.5223149061203003,1024.0,8,0.998046875
0.98779296875,0.6678786277770996,0.5,0.51025390625,1024.0,0.9775390625,0.508374035358429,1024.0,8,0.998046875
0.982421875,0.6679065823554993,0.5,0.5146484375,1024.0,0.9677734375,0.508780837059021,1024.0,9,0.9970703125
0.98193359375,0.6654493808746338,0.5,0.51708984375,1024.0,0.96484375,0.5006431341171265,1024.0,9,0.9990234375
0.98193359375,0.6630532741546631,0.5,0.51513671875,1024.0,0.966796875,0.4935612380504608,1024.0,9,0.9970703125
0.984375,0.6592501401901245,0.5,0.5107421875,1024.0,0.9736328125,0.4822664260864258,1024.0,9,0.9951171875
0.994140625,0.6584326028823853,0.5,0.501953125,1024.0,0.9921875,0.4768276810646057,1024.0,10,0.99609375
0.9912109375,0.6550508737564087,0.5,0.50390625,1024.0,0.9873046875,0.4681859016418457,1024.0,10,0.9951171875
0.99365234375,0.6503521203994751,0.5,0.50439453125,1024.0,0.9892578125,0.45581164956092834,1024.0,10,0.998046875
0.9912109375,0.6465778946876526,0.5,0.4970703125,1024.0,0.994140625,0.4463300108909607,1024.0,10,0.98828125
0.98974609375,0.6389521360397339,0.5,0.50341796875,1024.0,0.986328125,0.43130022287368774,1024.0,11,0.9931640625
0.99169921875,0.633296012878418,0.5,0.49951171875,1024.0,0.9921875,0.4205741882324219,1024.0,11,0.9912109375
0.99267578125,0.6257286071777344,0.5,0.50341796875,1024.0,0.9892578125,0.40615710616111755,1024.0,11,0.99609375
0.99169921875,0.6226373910903931,0.5,0.50341796875,1024.0,0.98828125,0.4000922441482544,1024.0,11,0.9951171875
0.994140625,0.6282799243927002,0.5,0.501953125,1024.0,0.9921875,0.4101313650608063,1024.0,12,0.99609375
0.99169921875,0.6203296780586243,0.5,0.49951171875,1024.0,0.9921875,0.39559510350227356,1024.0,12,0.9912109375
0.99462890625,0.6165823936462402,0.5,0.49755859375,1024.0,0.9970703125,0.3893035650253296,1024.0,12,0.9921875
0.99462890625,0.608210563659668,0.5,0.50048828125,1024.0,0.994140625,0.3746321499347687,1024.0,12,0.9951171875
0.98876953125,0.5960785746574402,0.5,0.50439453125,1024.0,0.984375,0.35847342014312744,1024.0,13,0.9931640625
0.98974609375,0.5893381237983704,0.5,0.49853515625,1024.0,0.9912109375,0.34786373376846313,1024.0,13,0.98828125
0.99169921875,0.5790871977806091,0.5,0.50244140625,1024.0,0.9892578125,0.33553677797317505,1024.0,13,0.994140625
0.986328125,0.5740970969200134,0.5,0.5029296875,1024.0,0.9833984375,0.3304494321346283,1024.0,13,0.9892578125
0.98681640625,0.5717521905899048,0.5,0.50537109375,1024.0,0.9814453125,0.32865750789642334,1024.0,14,0.9921875
0.986328125,0.5598896741867065,0.5,0.505859375,1024.0,0.98046875,0.31637054681777954,1024.0,14,0.9921875
0.9833984375,0.5483922362327576,0.5,0.5048828125,1024.0,0.978515625,0.3024415969848633,1024.0,14,0.98828125
0.9921875,0.537198543548584,0.5,0.5,1024.0,0.9921875,0.28831934928894043,1024.0,14,0.9921875
0.99169921875,0.5334499478340149,0.5,0.49755859375,1024.0,0.994140625,0.28325268626213074,1024.0,15,0.9892578125
0.98828125,0.5215522646903992,0.5,0.498046875,1024.0,0.990234375,0.27140718698501587,1024.0,15,0.986328125
0.99267578125,0.5136327743530273,0.5,0.49853515625,1024.0,0.994140625,0.26204293966293335,1024.0,15,0.9912109375
0.9892578125,0.5053179264068604,0.5,0.4990234375,1024.0,0.990234375,0.25831666588783264,1024.0,15,0.98828125
0.984375,0.5085412263870239,0.5,0.5087890625,1024.0,0.9755859375,0.2630535960197449,1024.0,16,0.9931640625
0.982421875,0.4991249740123749,0.5,0.5126953125,1024.0,0.9697265625,0.25801634788513184,1024.0,16,0.9951171875
0.9833984375,0.48361435532569885,0.5,0.5048828125,1024.0,0.978515625,0.24265259504318237,1024.0,16,0.98828125
0.98193359375,0.47821536660194397,0.5,0.51220703125,1024.0,0.9697265625,0.23974370956420898,1024.0,16,0.994140625
0.98046875,0.4962035119533539,0.5,0.51171875,1024.0,0.96875,0.2588041424751282,1024.0,17,0.9921875
0.9814453125,0.4926196336746216,0.5,0.5078125,1024.0,0.9736328125,0.25356340408325195,1024.0,17,0.9892578125
0.98486328125,0.47809380292892456,0.5,0.50830078125,1024.0,0.9765625,0.24046996235847473,1024.0,17,0.9931640625
0.98291015625,0.4616928696632385,0.5,0.50732421875,1024.0,0.9755859375,0.22713296115398407,1024.0,17,0.990234375
0.98388671875,0.4417954087257385,0.5,0.50732421875,1024.0,0.9765625,0.21206526458263397,1024.0,18,0.9912109375
0.98681640625,0.4296572506427765,0.5,0.50537109375,1024.0,0.9814453125,0.20188674330711365,1024.0,18,0.9921875
0.98095703125,0.4205802083015442,0.5,0.50830078125,1024.0,0.97265625,0.19876469671726227,1024.0,18,0.9892578125
0.98388671875,0.4086795449256897,0.5,0.50439453125,1024.0,0.9794921875,0.190086230635643,1024.0,18,0.98828125
0.978515625,0.41475194692611694,0.5,0.5107421875,1024.0,0.9677734375,0.1973906010389328,1024.0,19,0.9892578125
0.98388671875,0.39893174171447754,0.5,0.50634765625,1024.0,0.9775390625,0.18140536546707153,1024.0,19,0.990234375
0.9775390625,0.3999715745449066,0.5,0.5078125,1024.0,0.9697265625,0.18883298337459564,1024.0,19,0.9853515625
0.98046875,0.38298001885414124,0.5,0.509765625,1024.0,0.970703125,0.17512160539627075,1024.0,19,0.990234375
0.96923828125,0.39568185806274414,0.5,0.52490234375,1024.0,0.9443359375,0.1937302201986313,1024.0,20,0.994140625
0.96826171875,0.390585720539093,0.5,0.51708984375,1024.0,0.951171875,0.1922779083251953,1024.0,20,0.9853515625
0.96875,0.3839225769042969,0.5,0.5224609375,1024.0,0.9462890625,0.19061753153800964,1024.0,20,0.9912109375
0.97509765625,0.36359116435050964,0.5,0.51123046875,1024.0,0.9638671875,0.1706501841545105,1024.0,20,0.986328125
0.955078125,0.4012505114078522,0.5,0.5302734375,1024.0,0.9248046875,0.21466779708862305,1024.0,21,0.9853515625
0.951171875,0.3915320038795471,0.5,0.5400390625,1024.0,0.9111328125,0.21128731966018677,1024.0,21,0.9912109375
0.96240234375,0.38619720935821533,0.5,0.52880859375,1024.0,0.93359375,0.2008935958147049,1024.0,21,0.9912109375
0.95751953125,0.37689685821533203,0.5,0.53076171875,1024.0,0.9267578125,0.19587673246860504,1024.0,21,0.98828125
0.955078125,0.3852808475494385,0.5,0.529296875,1024.0,0.92578125,0.2047676146030426,1024.0,22,0.984375
0.9619140625,0.3720393180847168,0.5,0.5283203125,1024.0,0.93359375,0.19133521616458893,1024.0,22,0.990234375
0.96142578125,0.3602902293205261,0.5,0.51904296875,1024.0,0.9423828125,0.18797153234481812,1024.0,22,0.98046875
0.96240234375,0.3541293144226074,0.5,0.52490234375,1024.0,0.9375,0.18145966529846191,1024.0,22,0.9873046875
0.96875,0.3535405695438385,0.5,0.515625,1024.0,0.953125,0.17777973413467407,1024.0,23,0.984375
0.95556640625,0.3443831503391266,0.5,0.52880859375,1024.0,0.9267578125,0.17620602250099182,1024.0,23,0.984375
0.96923828125,0.3338882327079773,0.5,0.51806640625,1024.0,0.951171875,0.16153965890407562,1024.0,23,0.9873046875
0.962890625,0.33492884039878845,0.5,0.5224609375,1024.0,0.9404296875,0.1670772135257721,1024.0,23,0.9853515625
0.9453125,0.36787405610084534,0.5,0.53515625,1024.0,0.91015625,0.21221451461315155,1024.0,24,0.98046875
0.95166015625,0.3636455237865448,0.5,0.52294921875,1024.0,0.9287109375,0.20690007507801056,1024.0,24,0.974609375
0.953125,0.34531015157699585,0.5,0.521484375,1024.0,0.931640625,0.18818692862987518,1024.0,24,0.974609375
0.951171875,0.33848071098327637,0.5,0.5205078125,1024.0,0.9306640625,0.18508082628250122,1024.0,24,0.9716796875
0.95263671875,0.347128689289093,0.5,0.51513671875,1024.0,0.9375,0.18913160264492035,1024.0,25,0.9677734375
0.9599609375,0.3363006114959717,0.5,0.517578125,1024.0,0.9423828125,0.17711466550827026,1024.0,25,0.9775390625
0.96044921875,0.33631861209869385,0.5,0.51806640625,1024.0,0.9423828125,0.17698964476585388,1024.0,25,0.978515625
0.96142578125,0.3302055597305298,0.5,0.49560546875,1024.0,0.9658203125,0.17309533059597015,1024.0,25,0.95703125
0.95556640625,0.3365411162376404,0.5,0.51416015625,1024.0,0.94140625,0.1852547526359558,1024.0,26,0.9697265625
0.955078125,0.32419636845588684,0.5,0.513671875,1024.0,0.94140625,0.17085956037044525,1024.0,26,0.96875
0.96826171875,0.3199120759963989,0.5,0.51123046875,1024.0,0.95703125,0.16381090879440308,1024.0,26,0.9794921875
0.95556640625,0.3240847587585449,0.5,0.50244140625,1024.0,0.953125,0.1773342490196228,1024.0,26,0.9580078125
0.95068359375,0.3269492983818054,0.5,0.50830078125,1024.0,0.9423828125,0.18180698156356812,1024.0,27,0.958984375
0.96142578125,0.30872049927711487,0.5,0.50732421875,1024.0,0.9541015625,0.15752243995666504,1024.0,27,0.96875
0.96142578125,0.3065807819366455,0.5,0.49365234375,1024.0,0.9677734375,0.15735581517219543,1024.0,27,0.955078125
0.9619140625,0.3057158589363098,0.5,0.4951171875,1024.0,0.966796875,0.15712954103946686,1024.0,27,0.95703125
0.96044921875,0.31151479482650757,0.5,0.49169921875,1024.0,0.96875,0.1659584790468216,1024.0,28,0.9521484375
0.9609375,0.3041040897369385,0.5,0.4833984375,1024.0,0.9775390625,0.15668928623199463,1024.0,28,0.9443359375
0.966796875,0.29189759492874146,0.5,0.48828125,1024.0,0.978515625,0.14509263634681702,1024.0,28,0.955078125
0.96337890625,0.28874528408050537,0.5,0.48681640625,1024.0,0.9765625,0.14994877576828003,1024.0,28,0.9501953125
0.9521484375,0.3152439594268799,0.5,0.49609375,1024.0,0.9560546875,0.17292937636375427,1024.0,29,0.9482421875
0.9462890625,0.30614709854125977,0.5,0.4921875,1024.0,0.9541015625,0.1740606129169464,1024.0,29,0.9384765625
0.958984375,0.30352550745010376,0.5,0.4912109375,1024.0,0.9677734375,0.169113889336586,1024.0,29,0.9501953125
0.95654296875,0.28864389657974243,0.5,0.49267578125,1024.0,0.9638671875,0.1571609079837799,1024.0,29,0.94921875
0.94970703125,0.2689248323440552,0.5,0.49169921875,1024.0,0.9580078125,0.15064218640327454,1024.0,30,0.94140625
0.95556640625,0.25821998715400696,0.5,0.48291015625,1024.0,0.97265625,0.1382218599319458,1024.0,30,0.9384765625
0.9521484375,0.25099408626556396,0.5,0.4814453125,1024.0,0.970703125,0.13889190554618835,1024.0,30,0.93359375
0.95703125,0.24746090173721313,0.5,0.486328125,1024.0,0.970703125,0.13077539205551147,1024.0,30,0.943359375
0.95458984375,0.2557036578655243,0.5,0.47998046875,1024.0,0.974609375,0.13985726237297058,1024.0,31,0.9345703125
0.955078125,0.244754821062088,0.5,0.482421875,1024.0,0.97265625,0.13255706429481506,1024.0,31,0.9375
0.95556640625,0.24512344598770142,0.5,0.48681640625,1024.0,0.96875,0.12537884712219238,1024.0,31,0.9423828125
0.95458984375,0.23756635189056396,0.5,0.48779296875,1024.0,0.966796875,0.12924902141094208,1024.0,31,0.9423828125
0.966796875,0.22505304217338562,0.5,0.4814453125,1024.0,0.9853515625,0.11331407725811005,1024.0,32,0.9482421875
0.9658203125,0.21775120496749878,0.5,0.4853515625,1024.0,0.98046875,0.11045414209365845,1024.0,32,0.951171875
0.955078125,0.21959231793880463,0.5,0.478515625,1024.0,0.9765625,0.12214547395706177,1024.0,32,0.93359375
0.95947265625,0.20649714767932892,0.5,0.47607421875,1024.0,0.9833984375,0.11182887852191925,1024.0,32,0.935546875
0.97021484375,0.21562032401561737,0.5,0.48876953125,1024.0,0.9814453125,0.10172320902347565,1024.0,33,0.958984375
0.9658203125,0.2121334969997406,0.5,0.4833984375,1024.0,0.982421875,0.10610246658325195,1024.0,33,0.94921875
0.96533203125,0.21026667952537537,0.5,0.48583984375,1024.0,0.9794921875,0.10415752232074738,1024.0,33,0.951171875
0.9619140625,0.21315382421016693,0.5,0.4873046875,1024.0,0.974609375,0.11049074679613113,1024.0,33,0.94921875
0.9619140625,0.2032228708267212,0.5,0.5068359375,1024.0,0.955078125,0.10561053454875946,1024.0,34,0.96875
0.96484375,0.19993183016777039,0.5,0.4921875,1024.0,0.97265625,0.10255521535873413,1024.0,34,0.95703125
0.96484375,0.20198115706443787,0.5,0.498046875,1024.0,0.966796875,0.10576137900352478,1024.0,34,0.962890625
0.95947265625,0.19937655329704285,0.5,0.50048828125,1024.0,0.958984375,0.10680090636014938,1024.0,34,0.9599609375
0.95849609375,0.191351979970932,0.5,0.49755859375,1024.0,0.9609375,0.1037617176771164,1024.0,35,0.9560546875
0.96337890625,0.1872798502445221,0.5,0.49267578125,1024.0,0.970703125,0.09573619067668915,1024.0,35,0.9560546875
0.9580078125,0.19084307551383972,0.5,0.4990234375,1024.0,0.958984375,0.10182680189609528,1024.0,35,0.95703125
0.97119140625,0.18516236543655396,0.5,0.50439453125,1024.0,0.966796875,0.09183955192565918,1024.0,35,0.9755859375
0.970703125,0.1834120899438858,0.5,0.5,1024.0,0.970703125,0.09064405411481857,1024.0,36,0.970703125
0.9736328125,0.1813277155160904,0.5,0.498046875,1024.0,0.9755859375,0.0876104012131691,1024.0,36,0.9716796875
0.9677734375,0.17943406105041504,0.5,0.498046875,1024.0,0.9697265625,0.09251774847507477,1024.0,36,0.9658203125
0.978515625,0.16817878186702728,0.5,0.5009765625,1024.0,0.9775390625,0.07715435326099396,1024.0,36,0.9794921875
0.95556640625,0.17994661629199982,0.5,0.51513671875,1024.0,0.9404296875,0.11332385241985321,1024.0,37,0.970703125
0.96826171875,0.1775866150856018,0.5,0.50537109375,1024.0,0.962890625,0.09278661012649536,1024.0,37,0.9736328125
0.96337890625,0.1676865667104721,0.5,0.50439453125,1024.0,0.958984375,0.09304546564817429,1024.0,37,0.9677734375
0.96728515625,0.16899096965789795,0.5,0.51123046875,1024.0,0.9560546875,0.09066088497638702,1024.0,37,0.978515625
0.9697265625,0.16191363334655762,0.5,0.509765625,1024.0,0.9599609375,0.08613863587379456,1024.0,38,0.9794921875
0.9736328125,0.1589876413345337,0.5,0.5029296875,1024.0,0.970703125,0.07654264569282532,1024.0,38,0.9765625
0.96923828125,0.15894773602485657,0.5,0.50048828125,1024.0,0.96875,0.08564656972885132,1024.0,38,0.9697265625
0.97998046875,0.15515822172164917,0.5,0.49853515625,1024.0,0.9814453125,0.07685771584510803,1024.0,38,0.978515625
0.96337890625,0.17635393142700195,0.5,0.51220703125,1024.0,0.951171875,0.10070735216140747,1024.0,39,0.9755859375
0.96875,0.16867348551750183,0.5,0.51171875,1024.0,0.95703125,0.09251579642295837,1024.0,39,0.98046875
0.96533203125,0.17185258865356445,0.5,0.51025390625,1024.0,0.955078125,0.09435128420591354,1024.0,39,0.9755859375
0.97265625,0.16462844610214233,0.5,0.5087890625,1024.0,0.9638671875,0.09074119478464127,1024.0,39,0.9814453125
0.9736328125,0.1524316817522049,0.5,0.5029296875,1024.0,0.970703125,0.07944978028535843,1024.0,40,0.9765625
0.9775390625,0.1435699164867401,0.5,0.4951171875,1024.0,0.982421875,0.07620257139205933,1024.0,40,0.97265625
0.97021484375,0.14015349745750427,0.5,0.50341796875,1024.0,0.966796875,0.07677862793207169,1024.0,40,0.9736328125
0.97412109375,0.1324385106563568,0.5,0.49560546875,1024.0,0.978515625,0.06734201312065125,1024.0,40,0.9697265625
0.9794921875,0.15336018800735474,0.5,0.4990234375,1024.0,0.98046875,0.07289188355207443,1024.0,41,0.978515625
0.974609375,0.1622093915939331,0.5,0.498046875,1024.0,0.9765625,0.08231938630342484,1024.0,41,0.97265625
0.978515625,0.15654356777668,0.5,0.48828125,1024.0,0.990234375,0.08043082803487778,1024.0,41,0.966796875
0.98046875,0.15536054968833923,0.5,0.4873046875,1024.0,0.9931640625,0.07666327804327011,1024.0,41,0.9677734375
0.97509765625,0.15355314314365387,0.5,0.49169921875,1024.0,0.9833984375,0.08054722100496292,1024.0,42,0.966796875
0.970703125,0.15647932887077332,0.5,0.4921875,1024.0,0.978515625,0.08335602283477783,1024.0,42,0.962890625
0.97216796875,0.15259194374084473,0.5,0.49169921875,1024.0,0.98046875,0.08299879729747772,1024.0,42,0.9638671875
0.970703125,0.15282365679740906,0.5,0.494140625,1024.0,0.9765625,0.08389303088188171,1024.0,42,0.96484375
0.97412109375,0.15751230716705322,0.5,0.49365234375,1024.0,0.98046875,0.08232754468917847,1024.0,43,0.9677734375
0.9736328125,0.15167243778705597,0.5,0.4912109375,1024.0,0.982421875,0.08220870047807693,1024.0,43,0.96484375
0.974609375,0.1486421674489975,0.5,0.486328125,1024.0,0.98828125,0.08035095036029816,1024.0,43,0.9609375
0.97216796875,0.14805689454078674,0.5,0.48486328125,1024.0,0.9873046875,0.08203079551458359,1024.0,43,0.95703125
0.9775390625,0.13071978092193604,0.5,0.486328125,1024.0,0.9912109375,0.07018028944730759,1024.0,44,0.9638671875
0.98095703125,0.12265796214342117,0.5,0.48876953125,1024.0,0.9921875,0.064999058842659,1024.0,44,0.9697265625
0.97998046875,0.12568342685699463,0.5,0.48486328125,1024.0,0.9951171875,0.06647206842899323,1024.0,44,0.96484375
0.98291015625,0.12473975867033005,0.5,0.48779296875,1024.0,0.9951171875,0.06781218945980072,1024.0,44,0.970703125
0.97265625,0.13177244365215302,0.5,0.484375,1024.0,0.98828125,0.07683864235877991,1024.0,45,0.95703125
0.9755859375,0.1266723871231079,0.5,0.490234375,1024.0,0.9853515625,0.06923461705446243,1024.0,45,0.9658203125
0.978515625,0.12539821863174438,0.5,0.486328125,1024.0,0.9921875,0.06666910648345947,1024.0,45,0.96484375
0.9814453125,0.1269555240869522,0.5,0.4951171875,1024.0,0.986328125,0.06142468377947807,1024.0,45,0.9765625
0.98291015625,0.1459963023662567,0.5,0.49267578125,1024.0,0.990234375,0.07207973301410675,1024.0,46,0.9755859375
0.98046875,0.1477065086364746,0.5,0.4951171875,1024.0,0.9853515625,0.07643617689609528,1024.0,46,0.9755859375
0.98291015625,0.14635701477527618,0.5,0.49072265625,1024.0,0.9921875,0.0743178054690361,1024.0,46,0.9736328125
0.98046875,0.14569637179374695,0.5,0.4892578125,1024.0,0.9912109375,0.07751531898975372,1024.0,46,0.9697265625
0.98046875,0.14205843210220337,0.5,0.4931640625,1024.0,0.9873046875,0.08019036054611206,1024.0,47,0.9736328125
0.9765625,0.14218100905418396,0.5,0.4921875,1024.0,0.984375,0.07935237884521484,1024.0,47,0.96875
0.98291015625,0.12909457087516785,0.5,0.48681640625,1024.0,0.99609375,0.06636661291122437,1024.0,47,0.9697265625
0.978515625,0.14139264822006226,0.5,0.486328125,1024.0,0.9921875,0.0744210034608841,1024.0,47,0.96484375
0.97314453125,0.13415586948394775,0.5,0.48681640625,1024.0,0.986328125,0.07907399535179138,1024.0,48,0.9599609375
0.97265625,0.13344575464725494,0.5,0.4892578125,1024.0,0.9833984375,0.07834133505821228,1024.0,48,0.9619140625
0.9716796875,0.13518598675727844,0.5,0.4873046875,1024.0,0.984375,0.07777433097362518,1024.0,48,0.958984375
0.97412109375,0.12492047250270844,0.5,0.48974609375,1024.0,0.984375,0.07349231839179993,1024.0,48,0.9638671875
0.97314453125,0.13866253197193146,0.5,0.48779296875,1024.0,0.9853515625,0.07757804542779922,1024.0,49,0.9609375
0.97021484375,0.13689133524894714,0.5,0.48974609375,1024.0,0.98046875,0.07912743091583252,1024.0,49,0.9599609375
0.9677734375,0.13954003155231476,0.5,0.4794921875,1024.0,0.98828125,0.08217572420835495,1024.0,49,0.947265625
0.97314453125,0.12832066416740417,0.5,0.48681640625,1024.0,0.986328125,0.07038109004497528,1024.0,49,0.9599609375
0.96533203125,0.1329289823770523,0.5,0.48291015625,1024.0,0.982421875,0.08735381066799164,1024.0,50,0.9482421875
0.97021484375,0.130342036485672,0.5,0.48388671875,1024.0,0.986328125,0.0790271982550621,1024.0,50,0.9541015625
0.9736328125,0.1251775622367859,0.5,0.4814453125,1024.0,0.9921875,0.0731717199087143,1024.0,50,0.955078125
0.97412109375,0.12434130162000656,0.5,0.48486328125,1024.0,0.9892578125,0.07444059103727341,1024.0,50,0.958984375
0.97705078125,0.13671201467514038,0.5,0.48193359375,1024.0,0.9951171875,0.07872095704078674,1024.0,51,0.958984375
0.9765625,0.1350248157978058,0.5,0.484375,1024.0,0.9921875,0.07371971011161804,1024.0,51,0.9609375
0.97802734375,0.13041484355926514,0.5,0.48681640625,1024.0,0.9912109375,0.07339471578598022,1024.0,51,0.96484375
0.97314453125,0.1340542733669281,0.5,0.48193359375,1024.0,0.9912109375,0.08289271593093872,1024.0,51,0.955078125
0.9716796875,0.09782607853412628,0.5,0.4775390625,1024.0,0.994140625,0.06634999811649323,1024.0,52,0.94921875
0.98193359375,0.09046885371208191,0.5,0.48779296875,1024.0,0.994140625,0.0545174703001976,1024.0,52,0.9697265625
0.9755859375,0.09121169149875641,0.5,0.4814453125,1024.0,0.994140625,0.06568719446659088,1024.0,52,0.95703125
0.9765625,0.09571428596973419,0.5,0.484375,1024.0,0.9921875,0.05826415866613388,1024.0,52,0.9609375
0.97509765625,0.1084485650062561,0.5,0.49267578125,1024.0,0.982421875,0.06913630664348602,1024.0,53,0.9677734375
0.98046875,0.0960368737578392,0.5,0.4892578125,1024.0,0.9912109375,0.05962345376610756,1024.0,53,0.9697265625
0.97998046875,0.09562483429908752,0.5,0.49365234375,1024.0,0.986328125,0.054685886949300766,1024.0,53,0.9736328125
0.9755859375,0.10049514472484589,0.5,0.486328125,1024.0,0.9892578125,0.06792378425598145,1024.0,53,0.9619140625
0.97314453125,0.11948198825120926,0.5,0.48681640625,1024.0,0.986328125,0.07371468096971512,1024.0,54,0.9599609375
0.9833984375,0.11356298625469208,0.5,0.4970703125,1024.0,0.986328125,0.06646767258644104,1024.0,54,0.98046875
0.97998046875,0.11437837779521942,0.5,0.49267578125,1024.0,0.9873046875,0.06491558253765106,1024.0,54,0.97265625
0.9677734375,0.11800757795572281,0.5,0.4931640625,1024.0,0.974609375,0.08409073948860168,1024.0,54,0.9609375
0.97900390625,0.10277488827705383,0.5,0.49267578125,1024.0,0.986328125,0.0640743151307106,1024.0,55,0.9716796875
0.98193359375,0.10106503963470459,0.5,0.48681640625,1024.0,0.9951171875,0.05769677460193634,1024.0,55,0.96875
0.98486328125,0.09264175593852997,0.5,0.49951171875,1024.0,0.9853515625,0.055765099823474884,1024.0,55,0.984375
0.98291015625,0.10100332647562027,0.5,0.49169921875,1024.0,0.9912109375,0.05701741948723793,1024.0,55,0.974609375
0.978515625,0.11359170079231262,0.5,0.4970703125,1024.0,0.9814453125,0.07520578801631927,1024.0,56,0.9755859375
0.97412109375,0.11241409927606583,0.5,0.49755859375,1024.0,0.9765625,0.07730180025100708,1024.0,56,0.9716796875
0.9814453125,0.10985332727432251,0.5,0.49609375,1024.0,0.9853515625,0.06549885869026184,1024.0,56,0.9775390625
0.97802734375,0.11163180321455002,0.5,0.49560546875,1024.0,0.982421875,0.07454948872327805,1024.0,56,0.9736328125
0.96728515625,0.1258651316165924,0.5,0.49169921875,1024.0,0.9755859375,0.0867474228143692,1024.0,57,0.958984375
0.9775390625,0.12775784730911255,0.5,0.4951171875,1024.0,0.982421875,0.07133451104164124,1024.0,57,0.97265625
0.97607421875,0.11948411911725998,0.5,0.49462890625,1024.0,0.9814453125,0.07283604145050049,1024.0,57,0.970703125
0.9775390625,0.11766786128282547,0.5,0.4970703125,1024.0,0.98046875,0.07082293182611465,1024.0,57,0.974609375
0.974609375,0.11621622741222382,0.5,0.4931640625,1024.0,0.9814453125,0.0767524242401123,1024.0,58,0.9677734375
0.9755859375,0.10894520580768585,0.5,0.4892578125,1024.0,0.986328125,0.0715908333659172,1024.0,58,0.96484375
0.9736328125,0.1093028262257576,0.5,0.4873046875,1024.0,0.986328125,0.07470422983169556,1024.0,58,0.9609375
0.9736328125,0.10561530292034149,0.5,0.484375,1024.0,0.9892578125,0.0720658004283905,1024.0,58,0.9580078125
0.97412109375,0.11463294178247452,0.5,0.47998046875,1024.0,0.994140625,0.07528573274612427,1024.0,59,0.9541015625
0.9794921875,0.09965072572231293,0.5,0.482421875,1024.0,0.9970703125,0.05889765918254852,1024.0,59,0.9619140625
0.97607421875,0.10455957055091858,0.5,0.48193359375,1024.0,0.994140625,0.06970831006765366,1024.0,59,0.9580078125
0.96826171875,0.10975371301174164,0.5,0.47900390625,1024.0,0.9892578125,0.08045245707035065,1024.0,59,0.947265625
0.982421875,0.08813860267400742,0.5,0.4873046875,1024.0,0.9951171875,0.057085566222667694,1024.0,60,0.9697265625
0.9814453125,0.08526124060153961,0.5,0.486328125,1024.0,0.9951171875,0.055377423763275146,1024.0,60,0.9677734375
0.97802734375,0.09794595837593079,0.5,0.48291015625,1024.0,0.9951171875,0.06835497170686722,1024.0,60,0.9609375
0.984375,0.09940053522586823,0.5,0.490234375,1024.0,0.994140625,0.057467080652713776,1024.0,60,0.974609375
0.984375,0.09480489790439606,0.5,0.4912109375,1024.0,0.9931640625,0.05776122212409973,1024.0,61,0.9755859375
0.9765625,0.09979240596294403,0.5,0.4912109375,1024.0,0.9853515625,0.066460981965065,1024.0,61,0.9677734375
0.9833984375,0.09195543825626373,0.5,0.4921875,1024.0,0.9912109375,0.056179992854595184,1024.0,61,0.9755859375
0.984375,0.09570774435997009,0.5,0.4951171875,1024.0,0.9892578125,0.05834633857011795,1024.0,61,0.9794921875
0.982421875,0.09901511669158936,0.5,0.49609375,1024.0,0.986328125,0.05865482613444328,1024.0,62,0.978515625
0.9873046875,0.09447865188121796,0.5,0.4921875,1024.0,0.9951171875,0.05209809169173241,1024.0,62,0.9794921875
0.9892578125,0.09196963906288147,0.5,0.4970703125,1024.0,0.9921875,0.048139698803424835,1024.0,62,0.986328125
0.98583984375,0.09754403680562973,0.5,0.49853515625,1024.0,0.9873046875,0.05199088901281357,1024.0,62,0.984375
0.97119140625,0.14883339405059814,0.5,0.51123046875,1024.0,0.9599609375,0.09422079473733902,1024.0,63,0.982421875
0.97314453125,0.14459621906280518,0.5,0.51123046875,1024.0,0.9619140625,0.09733422100543976,1024.0,63,0.984375
0.97802734375,0.14176985621452332,0.5,0.50830078125,1024.0,0.9697265625,0.08387655019760132,1024.0,63,0.986328125
0.9814453125,0.14208176732063293,0.5,0.5078125,1024.0,0.9736328125,0.07776249200105667,1024.0,63,0.9892578125
0.984375,0.1339879035949707,0.5,0.50390625,1024.0,0.98046875,0.06962467730045319,1024.0,64,0.98828125
0.97607421875,0.13471873104572296,0.5,0.50146484375,1024.0,0.974609375,0.08285875618457794,1024.0,64,0.9775390625
0.98388671875,0.12576983869075775,0.5,0.49853515625,1024.0,0.9853515625,0.0726739764213562,1024.0,64,0.982421875
0.984375,0.12189199030399323,0.5,0.4970703125,1024.0,0.9873046875,0.06936346739530563,1024.0,64,0.9814453125
0.9775390625,0.13955780863761902,0.5,0.4912109375,1024.0,0.986328125,0.07840390503406525,1024.0,65,0.96875
0.98095703125,0.13089603185653687,0.5,0.48876953125,1024.0,0.9921875,0.07592017948627472,1024.0,65,0.9697265625
0.97998046875,0.12559619545936584,0.5,0.48876953125,1024.0,0.9912109375,0.06869912147521973,1024.0,65,0.96875
0.97900390625,0.1154148280620575,0.5,0.48779296875,1024.0,0.9912109375,0.06298431754112244,1024.0,65,0.966796875
0.9794921875,0.0916021317243576,0.5,0.4853515625,1024.0,0.994140625,0.055312417447566986,1024.0,66,0.96484375
0.970703125,0.09470055997371674,0.5,0.48046875,1024.0,0.990234375,0.06978655606508255,1024.0,66,0.951171875
0.97412109375,0.09189672768115997,0.5,0.48779296875,1024.0,0.986328125,0.05890147387981415,1024.0,66,0.9619140625
0.97509765625,0.09156857430934906,0.5,0.48681640625,1024.0,0.98828125,0.057964425534009933,1024.0,66,0.9619140625
0.98046875,0.08553411066532135,0.5,0.484375,1024.0,0.99609375,0.05169537290930748,1024.0,67,0.96484375
0.96923828125,0.09385033696889877,0.5,0.48095703125,1024.0,0.98828125,0.06940016150474548,1024.0,67,0.9501953125
0.9765625,0.08678694069385529,0.5,0.4853515625,1024.0,0.9912109375,0.057262882590293884,1024.0,67,0.9619140625
0.97900390625,0.08486965298652649,0.5,0.48486328125,1024.0,0.994140625,0.06272897124290466,1024.0,67,0.9638671875
0.96826171875,0.11236847937107086,0.5,0.49072265625,1024.0,0.9775390625,0.08312087506055832,1024.0,68,0.958984375
0.97021484375,0.10929277539253235,0.5,0.50732421875,1024.0,0.962890625,0.0745069831609726,1024.0,68,0.9775390625
0.97509765625,0.10846373438835144,0.5,0.49560546875,1024.0,0.9794921875,0.07396094501018524,1024.0,68,0.970703125
0.97998046875,0.10356754809617996,0.5,0.49951171875,1024.0,0.98046875,0.0649050697684288,1024.0,68,0.9794921875
0.98486328125,0.10236448049545288,0.5,0.49755859375,1024.0,0.9873046875,0.05846842750906944,1024.0,69,0.982421875
0.98876953125,0.09929206967353821,0.5,0.49169921875,1024.0,0.9970703125,0.050679076462984085,1024.0,69,0.98046875
0.986328125,0.10084979236125946,0.5,0.494140625,1024.0,0.9921875,0.054624468088150024,1024.0,69,0.98046875
0.98876953125,0.10037580132484436,0.5,0.49951171875,1024.0,0.9892578125,0.05189776420593262,1024.0,69,0.98828125
0.98681640625,0.06502595543861389,0.5,0.48681640625,1024.0,1.0,0.044415537267923355,1024.0,70,0.9736328125
0.99365234375,0.06055378168821335,0.5,0.49365234375,1024.0,1.0,0.030535200610756874,1024.0,70,0.9873046875
0.994140625,0.0671219751238823,0.5,0.494140625,1024.0,1.0,0.03335866704583168,1024.0,70,0.98828125
0.9931640625,0.06316116452217102,0.5,0.4931640625,1024.0,1.0,0.03153808414936066,1024.0,70,0.986328125
0.9970703125,0.06414693593978882,0.5,0.4970703125,1024.0,1.0,0.02773909829556942,1024.0,71,0.994140625
0.99267578125,0.0595402829349041,0.5,0.49267578125,1024.0,1.0,0.03232233226299286,1024.0,71,0.9853515625
0.9921875,0.06673537194728851,0.5,0.4931640625,1024.0,0.9990234375,0.03617657348513603,1024.0,71,0.9853515625
0.994140625,0.058172039687633514,0.5,0.4951171875,1024.0,0.9990234375,0.028658458963036537,1024.0,71,0.9892578125
0.9921875,0.06108527258038521,0.5,0.4931640625,1024.0,0.9990234375,0.030247606337070465,1024.0,72,0.9853515625
0.99365234375,0.059626154601573944,0.5,0.49560546875,1024.0,0.998046875,0.028724169358611107,1024.0,72,0.9892578125
0.99560546875,0.05737600848078728,0.5,0.49658203125,1024.0,0.9990234375,0.023426052182912827,1024.0,72,0.9921875
0.99462890625,0.05887329578399658,0.5,0.49560546875,1024.0,0.9990234375,0.027284640818834305,1024.0,72,0.990234375
0.9892578125,0.07437461614608765,0.5,0.505859375,1024.0,0.9833984375,0.03813309967517853,1024.0,73,0.9951171875
0.98583984375,0.07202520966529846,0.5,0.49658203125,1024.0,0.9892578125,0.04333364963531494,1024.0,73,0.982421875
0.98583984375,0.07640640437602997,0.5,0.50146484375,1024.0,0.984375,0.04250346124172211,1024.0,73,0.9873046875
0.98779296875,0.07255332916975021,0.5,0.50048828125,1024.0,0.9873046875,0.03975551947951317,1024.0,73,0.98828125
0.9833984375,0.10188592970371246,0.5,0.5009765625,1024.0,0.982421875,0.06291976571083069,1024.0,74,0.984375
0.9853515625,0.10265221446752548,0.5,0.50390625,1024.0,0.9814453125,0.05522569641470909,1024.0,74,0.9892578125
0.98486328125,0.10292628407478333,0.5,0.50439453125,1024.0,0.98046875,0.055868685245513916,1024.0,74,0.9892578125
0.98388671875,0.100012868642807,0.5,0.49853515625,1024.0,0.9853515625,0.05665089935064316,1024.0,74,0.982421875
0.98828125,0.0980239138007164,0.5,0.4931640625,1024.0,0.9951171875,0.053190894424915314,1024.0,75,0.9814453125
0.990234375,0.08778109401464462,0.5,0.5,1024.0,0.990234375,0.04429188743233681,1024.0,75,0.990234375
0.986328125,0.09012626856565475,0.5,0.5,1024.0,0.986328125,0.05198126286268234,1024.0,75,0.986328125
0.98486328125,0.08699314296245575,0.5,0.49853515625,1024.0,0.986328125,0.05142739787697792,1024.0,75,0.9833984375
0.986328125,0.08843284845352173,0.5,0.5048828125,1024.0,0.9814453125,0.0483972541987896,1024.0,76,0.9912109375
0.98828125,0.08823262155056,0.5,0.4990234375,1024.0,0.9892578125,0.04700985550880432,1024.0,76,0.9873046875
0.982421875,0.08573088049888611,0.5,0.5009765625,1024.0,0.9814453125,0.056662701070308685,1024.0,76,0.9833984375
0.98486328125,0.08464999496936798,0.5,0.49853515625,1024.0,0.986328125,0.04667443037033081,1024.0,76,0.9833984375
0.984375,0.0909920334815979,0.5,0.4970703125,1024.0,0.9873046875,0.05590616911649704,1024.0,77,0.9814453125
0.978515625,0.09467819333076477,0.5,0.4931640625,1024.0,0.9853515625,0.062438398599624634,1024.0,77,0.9716796875
0.97802734375,0.09223296493291855,0.5,0.48681640625,1024.0,0.9912109375,0.061585549265146255,1024.0,77,0.96484375
0.97705078125,0.09723151475191116,0.5,0.49462890625,1024.0,0.982421875,0.07047280669212341,1024.0,77,0.9716796875
0.990234375,0.05418074131011963,0.5,0.490234375,1024.0,1.0,0.03188377618789673,1024.0,78,0.98046875
0.98388671875,0.05608902871608734,0.5,0.48388671875,1024.0,1.0,0.036424264311790466,1024.0,78,0.9677734375
0.98779296875,0.055929794907569885,0.5,0.48779296875,1024.0,1.0,0.03678038716316223,1024.0,78,0.9755859375
0.9873046875,0.05010337382555008,0.5,0.4873046875,1024.0,1.0,0.03827759623527527,1024.0,78,0.974609375
0.9853515625,0.07969292998313904,0.5,0.49609375,1024.0,0.9892578125,0.04699757695198059,1024.0,79,0.9814453125
0.990234375,0.08113270998001099,0.5,0.49609375,1024.0,0.994140625,0.03994838893413544,1024.0,79,0.986328125
0.990234375,0.07991296052932739,0.5,0.5,1024.0,0.990234375,0.04179484397172928,1024.0,79,0.990234375
0.9912109375,0.07529096305370331,0.5,0.4990234375,1024.0,0.9921875,0.036228470504283905,1024.0,79,0.990234375
0.984375,0.09553303569555283,0.5,0.49609375,1024.0,0.98828125,0.05170391499996185,1024.0,80,0.98046875
0.98779296875,0.08870793879032135,0.5,0.49951171875,1024.0,0.98828125,0.04420442134141922,1024.0,80,0.9873046875
0.982421875,0.09691385924816132,0.5,0.5009765625,1024.0,0.9814453125,0.052756741642951965,1024.0,80,0.9833984375
0.9853515625,0.0933159589767456,0.5,0.498046875,1024.0,0.9873046875,0.05275823920965195,1024.0,80,0.9833984375
0.9873046875,0.08037187159061432,0.5,0.5,1024.0,0.9873046875,0.043884776532649994,1024.0,81,0.9873046875
0.986328125,0.07867507636547089,0.5,0.4990234375,1024.0,0.9873046875,0.04459688067436218,1024.0,81,0.9853515625
0.99072265625,0.08090769499540329,0.5,0.49951171875,1024.0,0.9912109375,0.04177790880203247,1024.0,81,0.990234375
0.98681640625,0.08090899884700775,0.5,0.50048828125,1024.0,0.986328125,0.046129174530506134,1024.0,81,0.9873046875
0.98583984375,0.10651229321956635,0.5,0.49951171875,1024.0,0.986328125,0.054627805948257446,1024.0,82,0.9853515625
0.98681640625,0.10184653103351593,0.5,0.50244140625,1024.0,0.984375,0.051275916397571564,1024.0,82,0.9892578125
0.98681640625,0.10067673027515411,0.5,0.50244140625,1024.0,0.984375,0.05116547644138336,1024.0,82,0.9892578125
0.98486328125,0.10059535503387451,0.5,0.49853515625,1024.0,0.986328125,0.05183040723204613,1024.0,82,0.9833984375
0.9912109375,0.06676826626062393,0.5,0.49609375,1024.0,0.9951171875,0.03532378748059273,1024.0,83,0.9873046875
0.9833984375,0.07643342018127441,0.5,0.4921875,1024.0,0.9912109375,0.047745347023010254,1024.0,83,0.9755859375
0.98974609375,0.07096963375806808,0.5,0.49755859375,1024.0,0.9921875,0.037116654217243195,1024.0,83,0.9873046875
0.98828125,0.07211229205131531,0.5,0.5,1024.0,0.98828125,0.03604111820459366,1024.0,83,0.98828125
0.98681640625,0.07735708355903625,0.5,0.49560546875,1024.0,0.9912109375,0.04238521680235863,1024.0,84,0.982421875
0.9833984375,0.071197509765625,0.5,0.4990234375,1024.0,0.984375,0.048440441489219666,1024.0,84,0.982421875
0.98486328125,0.07192898541688919,0.5,0.49462890625,1024.0,0.990234375,0.04234445095062256,1024.0,84,0.9794921875
0.98291015625,0.06781211495399475,0.5,0.48876953125,1024.0,0.994140625,0.04020513594150543,1024.0,84,0.9716796875
0.9921875,0.06747203320264816,0.5,0.49609375,1024.0,0.99609375,0.0317433625459671,1024.0,85,0.98828125
0.98291015625,0.06980697065591812,0.5,0.48974609375,1024.0,0.9931640625,0.04637999087572098,1024.0,85,0.97265625
0.98779296875,0.07284827530384064,0.5,0.49365234375,1024.0,0.994140625,0.038719892501831055,1024.0,85,0.9814453125
0.99072265625,0.06966999918222427,0.5,0.49462890625,1024.0,0.99609375,0.03529388830065727,1024.0,85,0.9853515625
0.98876953125,0.09785320609807968,0.5,0.49365234375,1024.0,0.9951171875,0.04584715515375137,1024.0,86,0.982421875
0.9853515625,0.09713409841060638,0.5,0.494140625,1024.0,0.9912109375,0.0484563373029232,1024.0,86,0.9794921875
0.98486328125,0.09870794415473938,0.5,0.49560546875,1024.0,0.9892578125,0.051803380250930786,1024.0,86,0.98046875
0.98876953125,0.09479444473981857,0.5,0.49462890625,1024.0,0.994140625,0.04390788450837135,1024.0,86,0.9833984375
0.9853515625,0.09120145440101624,0.5,0.49609375,1024.0,0.9892578125,0.04582154378294945,1024.0,87,0.9814453125
0.98095703125,0.09498512744903564,0.5,0.49755859375,1024.0,0.9833984375,0.05073168873786926,1024.0,87,0.978515625
0.98681640625,0.0904228538274765,0.5,0.49462890625,1024.0,0.9921875,0.04468373954296112,1024.0,87,0.9814453125
0.9853515625,0.08854501694440842,0.5,0.4912109375,1024.0,0.994140625,0.0456869937479496,1024.0,87,0.9765625
0.98486328125,0.0882379487156868,0.5,0.49462890625,1024.0,0.990234375,0.04468318819999695,1024.0,88,0.9794921875
0.98291015625,0.08617980033159256,0.5,0.48876953125,1024.0,0.994140625,0.05030098184943199,1024.0,88,0.9716796875
0.98095703125,0.08609585464000702,0.5,0.48583984375,1024.0,0.9951171875,0.055140167474746704,1024.0,88,0.966796875
0.98583984375,0.08753441274166107,0.5,0.49462890625,1024.0,0.9912109375,0.0451669916510582,1024.0,88,0.98046875
0.9892578125,0.05615758150815964,0.5,0.4892578125,1024.0,1.0,0.029265517368912697,1024.0,89,0.978515625
0.98388671875,0.06091612949967384,0.5,0.48388671875,1024.0,1.0,0.04121885448694229,1024.0,89,0.9677734375
0.986328125,0.053129710257053375,0.5,0.486328125,1024.0,1.0,0.038280703127384186,1024.0,89,0.97265625
0.98583984375,0.056193821132183075,0.5,0.48583984375,1024.0,1.0,0.03223610296845436,1024.0,89,0.9716796875
0.98779296875,0.059473536908626556,0.5,0.48779296875,1024.0,1.0,0.034588780254125595,1024.0,90,0.9755859375
0.98681640625,0.059450604021549225,0.5,0.48876953125,1024.0,0.998046875,0.03474968671798706,1024.0,90,0.9755859375
0.99072265625,0.05991102755069733,0.5,0.49169921875,1024.0,0.9990234375,0.031413204967975616,1024.0,90,0.982421875
0.9921875,0.0584762841463089,0.5,0.4921875,1024.0,1.0,0.031320519745349884,1024.0,90,0.984375
0.9814453125,0.10491780191659927,0.5,0.501953125,1024.0,0.9794921875,0.0583830252289772,1024.0,91,0.9833984375
0.98583984375,0.10142511129379272,0.5,0.49853515625,1024.0,0.9873046875,0.05385226756334305,1024.0,91,0.984375
0.9814453125,0.09949164092540741,0.5,0.5029296875,1024.0,0.978515625,0.05532252788543701,1024.0,91,0.984375
0.9853515625,0.10500459372997284,0.5,0.5029296875,1024.0,0.982421875,0.05365310609340668,1024.0,91,0.98828125
0.99072265625,0.0694160982966423,0.5,0.49658203125,1024.0,0.994140625,0.034931208938360214,1024.0,92,0.9873046875
0.9921875,0.06955677270889282,0.5,0.49609375,1024.0,0.99609375,0.03474374860525131,1024.0,92,0.98828125
0.9921875,0.06930103898048401,0.5,0.4970703125,1024.0,0.9951171875,0.03258542716503143,1024.0,92,0.9892578125
0.9892578125,0.06801052391529083,0.5,0.4931640625,1024.0,0.99609375,0.035550497472286224,1024.0,92,0.982421875
0.99169921875,0.07808902859687805,0.5,0.49560546875,1024.0,0.99609375,0.040223266929388046,1024.0,93,0.9873046875
0.98388671875,0.0839415192604065,0.5,0.49169921875,1024.0,0.9921875,0.0466463677585125,1024.0,93,0.9755859375
0.98876953125,0.07584022730588913,0.5,0.49560546875,1024.0,0.9931640625,0.037456806749105453,1024.0,93,0.984375
0.98486328125,0.07698754966259003,0.5,0.48974609375,1024.0,0.9951171875,0.042259685695171356,1024.0,93,0.974609375
0.98681640625,0.04965086653828621,0.5,0.49072265625,1024.0,0.99609375,0.03553945571184158,1024.0,94,0.9775390625
0.9892578125,0.05109100043773651,0.5,0.4912109375,1024.0,0.998046875,0.029231518507003784,1024.0,94,0.98046875
0.98974609375,0.04252295941114426,0.5,0.49169921875,1024.0,0.998046875,0.023768026381731033,1024.0,94,0.9814453125
0.98876953125,0.04413902759552002,0.5,0.48974609375,1024.0,0.9990234375,0.027241505682468414,1024.0,94,0.978515625
0.98681640625,0.07078316807746887,0.5,0.49755859375,1024.0,0.9892578125,0.041804321110248566,1024.0,95,0.984375
0.986328125,0.07549262046813965,0.5,0.5,1024.0,0.986328125,0.03931741043925285,1024.0,95,0.986328125
0.9873046875,0.07709851861000061,0.5,0.4990234375,1024.0,0.98828125,0.04195184260606766,1024.0,95,0.986328125
0.986328125,0.08278948068618774,0.5,0.498046875,1024.0,0.98828125,0.04683162271976471,1024.0,95,0.984375
0.9912109375,0.06575940549373627,0.5,0.5,1024.0,0.9912109375,0.029504988342523575,1024.0,96,0.9912109375
0.98876953125,0.06428468972444534,0.5,0.50146484375,1024.0,0.9873046875,0.03241867572069168,1024.0,96,0.990234375
0.9921875,0.06265082955360413,0.5,0.494140625,1024.0,0.998046875,0.028938347473740578,1024.0,96,0.986328125
0.98876953125,0.06114642322063446,0.5,0.49169921875,1024.0,0.9970703125,0.03376062959432602,1024.0,96,0.98046875
0.99169921875,0.038331203162670135,0.5,0.49169921875,1024.0,1.0,0.02235947735607624,1024.0,97,0.9833984375
0.9921875,0.036793798208236694,0.5,0.4921875,1024.0,1.0,0.021882491186261177,1024.0,97,0.984375
0.994140625,0.0371984988451004,0.5,0.494140625,1024.0,1.0,0.019885584712028503,1024.0,97,0.98828125
0.994140625,0.038246944546699524,0.5,0.494140625,1024.0,1.0,0.02398715168237686,1024.0,97,0.98828125
0.99365234375,0.039386093616485596,0.5,0.49462890625,1024.0,0.9990234375,0.024488234892487526,1024.0,98,0.98828125
0.9951171875,0.03524813428521156,0.5,0.4970703125,1024.0,0.998046875,0.01867036707699299,1024.0,98,0.9921875
0.99462890625,0.03541995584964752,0.5,0.49462890625,1024.0,1.0,0.019633755087852478,1024.0,98,0.9892578125
0.994140625,0.03547055646777153,0.5,0.4951171875,1024.0,0.9990234375,0.01869356632232666,1024.0,98,0.9892578125
0.9775390625,0.0949944481253624,0.5,0.5146484375,1024.0,0.962890625,0.0632142573595047,1024.0,99,0.9921875
0.97509765625,0.09887252748012543,0.5,0.51220703125,1024.0,0.962890625,0.06631755828857422,1024.0,99,0.9873046875
0.9794921875,0.09737975895404816,0.5,0.5087890625,1024.0,0.970703125,0.060680799186229706,1024.0,99,0.98828125
0.982421875,0.09126517921686172,0.5,0.51171875,1024.0,0.970703125,0.05327420309185982,1024.0,99,0.994140625
0.990234375,0.09691198170185089,0.5,0.5009765625,1024.0,0.9892578125,0.04852090775966644,1024.0,100,0.9912109375
0.984375,0.08701474964618683,0.5,0.501953125,1024.0,0.982421875,0.046914465725421906,1024.0,100,0.986328125
0.986328125,0.08425842225551605,0.5,0.501953125,1024.0,0.984375,0.04542217776179314,1024.0,100,0.98828125
0.9853515625,0.07902128994464874,0.5,0.49609375,1024.0,0.9892578125,0.04417584836483002,1024.0,100,0.9814453125
0.984375,0.08086342364549637,0.5,0.494140625,1024.0,0.990234375,0.04293963313102722,1024.0,101,0.978515625
0.98876953125,0.07092437148094177,0.5,0.49462890625,1024.0,0.994140625,0.03728710860013962,1024.0,101,0.9833984375
0.98828125,0.07329510897397995,0.5,0.4921875,1024.0,0.99609375,0.03972719609737396,1024.0,101,0.98046875
0.982421875,0.07456782460212708,0.5,0.4853515625,1024.0,0.9970703125,0.05186028033494949,1024.0,101,0.9677734375
0.9853515625,0.05748845636844635,0.5,0.4892578125,1024.0,0.99609375,0.041056785732507706,1024.0,102,0.974609375
0.98828125,0.05117279291152954,0.5,0.4921875,1024.0,0.99609375,0.0336514413356781,1024.0,102,0.98046875
0.9873046875,0.05117816478013992,0.5,0.4931640625,1024.0,0.994140625,0.035908043384552,1024.0,102,0.98046875
0.984375,0.055192332714796066,0.5,0.48828125,1024.0,0.99609375,0.04235472157597542,1024.0,102,0.97265625
0.98486328125,0.061371106654405594,0.5,0.48681640625,1024.0,0.998046875,0.04061358422040939,1024.0,103,0.9716796875
0.98828125,0.05848093330860138,0.5,0.490234375,1024.0,0.998046875,0.03592272475361824,1024.0,103,0.978515625
0.98193359375,0.0631786435842514,0.5,0.48486328125,1024.0,0.9970703125,0.04800472781062126,1024.0,103,0.966796875
0.98388671875,0.06499239057302475,0.5,0.48583984375,1024.0,0.998046875,0.0437610037624836,1024.0,103,0.9697265625
0.97900390625,0.07222374528646469,0.5,0.50146484375,1024.0,0.9775390625,0.05171310529112816,1024.0,104,0.98046875
0.9794921875,0.07788993418216705,0.5,0.498046875,1024.0,0.9814453125,0.06200452521443367,1024.0,104,0.9775390625
0.98388671875,0.07543720304965973,0.5,0.49755859375,1024.0,0.986328125,0.044289544224739075,1024.0,104,0.9814453125
0.98291015625,0.078977569937706,0.5,0.49560546875,1024.0,0.9873046875,0.04797815531492233,1024.0,104,0.978515625
0.9853515625,0.06999501585960388,0.5,0.494140625,1024.0,0.9912109375,0.04021440073847771,1024.0,105,0.9794921875
0.98193359375,0.08080653846263885,0.5,0.49365234375,1024.0,0.98828125,0.044367171823978424,1024.0,105,0.9755859375
0.982421875,0.0788320004940033,0.5,0.494140625,1024.0,0.98828125,0.04272618144750595,1024.0,105,0.9765625
0.9892578125,0.07683901488780975,0.5,0.4951171875,1024.0,0.994140625,0.039007946848869324,1024.0,105,0.984375
0.98876953125,0.06310829520225525,0.5,0.49658203125,1024.0,0.9921875,0.03373643755912781,1024.0,106,0.9853515625
0.98828125,0.06056465953588486,0.5,0.4931640625,1024.0,0.9951171875,0.033607229590415955,1024.0,106,0.9814453125
0.99267578125,0.06281028687953949,0.5,0.49755859375,1024.0,0.9951171875,0.03017447330057621,1024.0,106,0.990234375
0.98974609375,0.06048071011900902,0.5,0.49755859375,1024.0,0.9921875,0.034089043736457825,1024.0,106,0.9873046875
0.98583984375,0.08573588728904724,0.5,0.50146484375,1024.0,0.984375,0.04403797164559364,1024.0,107,0.9873046875
0.98486328125,0.08050474524497986,0.5,0.49365234375,1024.0,0.9912109375,0.04141168296337128,1024.0,107,0.978515625
0.9853515625,0.08187612891197205,0.5,0.4990234375,1024.0,0.986328125,0.04397692531347275,1024.0,107,0.984375
0.9892578125,0.07980495691299438,0.5,0.501953125,1024.0,0.9873046875,0.036531612277030945,1024.0,107,0.9912109375
0.982421875,0.0856819599866867,0.5,0.5009765625,1024.0,0.9814453125,0.04676070064306259,1024.0,108,0.9833984375
0.98486328125,0.08649387210607529,0.5,0.49169921875,1024.0,0.9931640625,0.04666393995285034,1024.0,108,0.9765625
0.9873046875,0.0797758400440216,0.5,0.494140625,1024.0,0.9931640625,0.04289114475250244,1024.0,108,0.9814453125
0.986328125,0.07437053322792053,0.5,0.4951171875,1024.0,0.9912109375,0.041560716927051544,1024.0,108,0.9814453125
0.98046875,0.07295152544975281,0.5,0.48828125,1024.0,0.9921875,0.04548133537173271,1024.0,109,0.96875
0.98974609375,0.06798312067985535,0.5,0.49951171875,1024.0,0.990234375,0.033073343336582184,1024.0,109,0.9892578125
0.9814453125,0.07364054024219513,0.5,0.4892578125,1024.0,0.9921875,0.048937033861875534,1024.0,109,0.970703125
0.9892578125,0.06703852117061615,0.5,0.4951171875,1024.0,0.994140625,0.03211114555597305,1024.0,109,0.984375
0.9921875,0.059454403817653656,0.5,0.4921875,1024.0,1.0,0.03125729784369469,1024.0,110,0.984375
0.9892578125,0.06403219699859619,0.5,0.4931640625,1024.0,0.99609375,0.035714223980903625,1024.0,110,0.982421875
0.984375,0.06435778737068176,0.5,0.486328125,1024.0,0.998046875,0.04238054156303406,1024.0,110,0.970703125
0.98974609375,0.06298702955245972,0.5,0.49267578125,1024.0,0.9970703125,0.03243694454431534,1024.0,110,0.982421875
0.98974609375,0.05159316956996918,0.5,0.49072265625,1024.0,0.9990234375,0.031302448362112045,1024.0,111,0.98046875
0.98828125,0.05135354772210121,0.5,0.4912109375,1024.0,0.9970703125,0.03091355599462986,1024.0,111,0.9794921875
0.98974609375,0.04975646361708641,0.5,0.48974609375,1024.0,1.0,0.030310921370983124,1024.0,111,0.9794921875
0.98583984375,0.05361843854188919,0.5,0.48779296875,1024.0,0.998046875,0.032383181154727936,1024.0,111,0.9736328125
0.98095703125,0.06934024393558502,0.5,0.49658203125,1024.0,0.984375,0.0398159995675087,1024.0,112,0.9775390625
0.97802734375,0.07440066337585449,0.5,0.49462890625,1024.0,0.9833984375,0.04606062173843384,1024.0,112,0.97265625
0.97509765625,0.07693377882242203,0.5,0.50048828125,1024.0,0.974609375,0.05037973076105118,1024.0,112,0.9755859375
0.984375,0.07128813117742538,0.5,0.5029296875,1024.0,0.9814453125,0.041736893355846405,1024.0,112,0.9873046875
0.990234375,0.055807456374168396,0.5,0.498046875,1024.0,0.9921875,0.030678333714604378,1024.0,113,0.98828125
0.98291015625,0.05709239840507507,0.5,0.49365234375,1024.0,0.9892578125,0.04010089859366417,1024.0,113,0.9765625
0.9873046875,0.06355290114879608,0.5,0.49609375,1024.0,0.9912109375,0.040605828166007996,1024.0,113,0.9833984375
0.994140625,0.056608133018016815,0.5,0.4990234375,1024.0,0.9951171875,0.02879548817873001,1024.0,113,0.9931640625
0.986328125,0.08892510086297989,0.5,0.5,1024.0,0.986328125,0.04663056880235672,1024.0,114,0.986328125
0.9853515625,0.0835617184638977,0.5,0.5,1024.0,0.9853515625,0.04851692169904709,1024.0,114,0.9853515625
0.982421875,0.09193901717662811,0.5,0.501953125,1024.0,0.98046875,0.05352883040904999,1024.0,114,0.984375
0.986328125,0.07625316083431244,0.5,0.5,1024.0,0.986328125,0.042984846979379654,1024.0,114,0.986328125
0.99072265625,0.05677313730120659,0.5,0.49072265625,1024.0,1.0,0.03107525408267975,1024.0,115,0.9814453125
0.98876953125,0.0548374280333519,0.5,0.48876953125,1024.0,1.0,0.031218308955430984,1024.0,115,0.9775390625
0.98974609375,0.049845919013023376,0.5,0.48974609375,1024.0,1.0,0.03253336250782013,1024.0,115,0.9794921875
0.98779296875,0.054103557020425797,0.5,0.48779296875,1024.0,1.0,0.03341035544872284,1024.0,115,0.9755859375
0.9912109375,0.05540864169597626,0.5,0.4912109375,1024.0,1.0,0.031218836084008217,1024.0,116,0.982421875
0.9892578125,0.05751022696495056,0.5,0.4912109375,1024.0,0.998046875,0.03276801481842995,1024.0,116,0.98046875
0.98974609375,0.052576061338186264,0.5,0.48974609375,1024.0,1.0,0.02995375357568264,1024.0,116,0.9794921875
0.98828125,0.057295963168144226,0.5,0.4892578125,1024.0,0.9990234375,0.03393429517745972,1024.0,116,0.9775390625
0.9873046875,0.06194795295596123,0.5,0.4951171875,1024.0,0.9921875,0.035879746079444885,1024.0,117,0.982421875
0.98388671875,0.0584920234978199,0.5,0.49560546875,1024.0,0.98828125,0.037072375416755676,1024.0,117,0.9794921875
0.990234375,0.055642932653427124,0.5,0.4970703125,1024.0,0.9931640625,0.032312046736478806,1024.0,117,0.9873046875
0.986328125,0.05664602667093277,0.5,0.498046875,1024.0,0.98828125,0.03736049681901932,1024.0,117,0.984375
0.9853515625,0.06772363185882568,0.5,0.5029296875,1024.0,0.982421875,0.046095311641693115,1024.0,118,0.98828125
0.98193359375,0.07178902626037598,0.5,0.50634765625,1024.0,0.9755859375,0.049924373626708984,1024.0,118,0.98828125
0.98681640625,0.06538165360689163,0.5,0.50048828125,1024.0,0.986328125,0.04263308644294739,1024.0,118,0.9873046875
0.9765625,0.06791215389966965,0.5,0.5,1024.0,0.9765625,0.05499398708343506,1024.0,118,0.9765625
0.96484375,0.08021444082260132,0.5,0.51171875,1024.0,0.953125,0.08623040467500687,1024.0,119,0.9765625
0.9677734375,0.07193966954946518,0.5,0.5087890625,1024.0,0.958984375,0.07643009722232819,1024.0,119,0.9765625
0.97119140625,0.06871865689754486,0.5,0.50634765625,1024.0,0.96484375,0.07043687999248505,1024.0,119,0.9775390625
0.96484375,0.07120919227600098,0.5,0.501953125,1024.0,0.962890625,0.07668177038431168,1024.0,119,0.966796875
0.9736328125,0.0626663863658905,0.5,0.49609375,1024.0,0.9775390625,0.06776891648769379,1024.0,120,0.9697265625
0.982421875,0.059386640787124634,0.5,0.494140625,1024.0,0.98828125,0.047662872821092606,1024.0,120,0.9765625
0.98388671875,0.05601684749126434,0.5,0.48779296875,1024.0,0.99609375,0.0454261340200901,1024.0,120,0.9716796875
0.97998046875,0.04898807406425476,0.5,0.48974609375,1024.0,0.990234375,0.04691913723945618,1024.0,120,0.9697265625
0.97412109375,0.16484802961349487,0.5,0.50341796875,1024.0,0.970703125,0.11070479452610016,1024.0,121,0.9775390625
0.974609375,0.11584434658288956,0.5,0.48828125,1024.0,0.986328125,0.08608658611774445,1024.0,121,0.962890625
0.9736328125,0.08118748664855957,0.5,0.482421875,1024.0,0.9912109375,0.07600393891334534,1024.0,121,0.9560546875
0.98095703125,0.06435683369636536,0.5,0.48388671875,1024.0,0.9970703125,0.051074255257844925,1024.0,121,0.96484375
0.9765625,0.044823452830314636,0.5,0.48046875,1024.0,0.99609375,0.057840533554553986,1024.0,122,0.95703125
0.98193359375,0.041564494371414185,0.5,0.48388671875,1024.0,0.998046875,0.05579663813114166,1024.0,122,0.9658203125
0.98046875,0.048158030956983566,0.5,0.48046875,1024.0,1.0,0.04173644632101059,1024.0,122,0.9609375
0.98046875,0.04585236310958862,0.5,0.4833984375,1024.0,0.9970703125,0.05772298946976662,1024.0,122,0.9638671875
0.9833984375,0.040373384952545166,0.5,0.486328125,1024.0,0.9970703125,0.050406139343976974,1024.0,123,0.9697265625
0.98046875,0.04402271658182144,0.5,0.482421875,1024.0,0.998046875,0.06109660491347313,1024.0,123,0.962890625
0.986328125,0.04210861772298813,0.5,0.4931640625,1024.0,0.9931640625,0.039713311940431595,1024.0,123,0.9794921875
0.9853515625,0.04772224277257919,0.5,0.490234375,1024.0,0.9951171875,0.04599838703870773,1024.0,123,0.9755859375
0.99072265625,0.041573651134967804,0.5,0.49365234375,1024.0,0.9970703125,0.030363785102963448,1024.0,124,0.984375
0.98779296875,0.04013514146208763,0.5,0.49365234375,1024.0,0.994140625,0.03587877377867699,1024.0,124,0.9814453125
0.98681640625,0.04490966349840164,0.5,0.49267578125,1024.0,0.994140625,0.03735881298780441,1024.0,124,0.9794921875
0.9873046875,0.048672787845134735,0.5,0.4931640625,1024.0,0.994140625,0.039159469306468964,1024.0,124,0.98046875
0.98876953125,0.049220237880945206,0.5,0.49267578125,1024.0,0.99609375,0.03094908781349659,1024.0,125,0.9814453125
0.99072265625,0.05453025549650192,0.5,0.49560546875,1024.0,0.9951171875,0.028245944529771805,1024.0,125,0.986328125
0.98876953125,0.05202486738562584,0.5,0.49658203125,1024.0,0.9921875,0.031083786860108376,1024.0,125,0.9853515625
0.9873046875,0.0553051233291626,0.5,0.498046875,1024.0,0.9892578125,0.032526180148124695,1024.0,125,0.9853515625
0.9833984375,0.08053694665431976,0.5,0.5029296875,1024.0,0.98046875,0.0531790517270565,1024.0,126,0.986328125
0.9775390625,0.07850389182567596,0.5,0.5087890625,1024.0,0.96875,0.05165357142686844,1024.0,126,0.986328125
0.97802734375,0.08288641273975372,0.5,0.51318359375,1024.0,0.96484375,0.053765587508678436,1024.0,126,0.9912109375
0.9833984375,0.08417412638664246,0.5,0.5048828125,1024.0,0.978515625,0.048556145280599594,1024.0,126,0.98828125
0.986328125,0.06801284104585648,0.5,0.505859375,1024.0,0.98046875,0.04130834713578224,1024.0,127,0.9921875
0.98388671875,0.06943196803331375,0.5,0.50146484375,1024.0,0.982421875,0.04112670198082924,1024.0,127,0.9853515625
0.9892578125,0.0680873692035675,0.5,0.4970703125,1024.0,0.9921875,0.03641141951084137,1024.0,127,0.986328125
0.98779296875,0.05573642998933792,0.5,0.49658203125,1024.0,0.9912109375,0.03243126720190048,1024.0,127,0.984375
0.98583984375,0.06325658410787582,0.5,0.49365234375,1024.0,0.9921875,0.03774061053991318,1024.0,128,0.9794921875
0.984375,0.053789522498846054,0.5,0.4921875,1024.0,0.9921875,0.03849299997091293,1024.0,128,0.9765625
0.98193359375,0.05495058000087738,0.5,0.49462890625,1024.0,0.9873046875,0.036064036190509796,1024.0,128,0.9765625
0.98388671875,0.05989329144358635,0.5,0.48876953125,1024.0,0.9951171875,0.038859739899635315,1024.0,128,0.97265625
0.98779296875,0.042663633823394775,0.5,0.49267578125,1024.0,0.9951171875,0.028322163969278336,1024.0,129,0.98046875
0.986328125,0.043253093957901,0.5,0.48828125,1024.0,0.998046875,0.03459794074296951,1024.0,129,0.974609375
0.990234375,0.04125340282917023,0.5,0.490234375,1024.0,1.0,0.028494004160165787,1024.0,129,0.98046875
0.9892578125,0.04912734404206276,0.5,0.4912109375,1024.0,0.998046875,0.030352378264069557,1024.0,129,0.98046875
0.98779296875,0.0649113804101944,0.5,0.49560546875,1024.0,0.9921875,0.0368025042116642,1024.0,130,0.9833984375
0.98583984375,0.06634800881147385,0.5,0.49267578125,1024.0,0.9931640625,0.04327745735645294,1024.0,130,0.978515625
0.98974609375,0.06713958084583282,0.5,0.50048828125,1024.0,0.9892578125,0.03660011664032936,1024.0,130,0.990234375
0.98193359375,0.07296837866306305,0.5,0.49560546875,1024.0,0.986328125,0.04774864763021469,1024.0,130,0.9775390625
0.99560546875,0.046293698251247406,0.5,0.49853515625,1024.0,0.9970703125,0.024717548862099648,1024.0,131,0.994140625
0.99267578125,0.04858461767435074,0.5,0.49267578125,1024.0,1.0,0.02423965558409691,1024.0,131,0.9853515625
0.99267578125,0.0429733507335186,0.5,0.49365234375,1024.0,0.9990234375,0.023627329617738724,1024.0,131,0.986328125
0.9931640625,0.04590458795428276,0.5,0.4931640625,1024.0,1.0,0.024950817227363586,1024.0,131,0.986328125
0.984375,0.07782194018363953,0.5,0.501953125,1024.0,0.982421875,0.05098468437790871,1024.0,132,0.986328125
0.98193359375,0.07309924811124802,0.5,0.50732421875,1024.0,0.974609375,0.0487770140171051,1024.0,132,0.9892578125
0.98486328125,0.07222550362348557,0.5,0.50439453125,1024.0,0.98046875,0.04697665944695473,1024.0,132,0.9892578125
0.98486328125,0.07197049260139465,0.5,0.49755859375,1024.0,0.9873046875,0.045651115477085114,1024.0,132,0.982421875
0.994140625,0.06100811809301376,0.5,0.4951171875,1024.0,0.9990234375,0.029480062425136566,1024.0,133,0.9892578125
0.99462890625,0.05619065463542938,0.5,0.49462890625,1024.0,1.0,0.024972978979349136,1024.0,133,0.9892578125
0.99169921875,0.0640464499592781,0.5,0.49169921875,1024.0,1.0,0.033620934933423996,1024.0,133,0.9833984375
0.994140625,0.059181563556194305,0.5,0.498046875,1024.0,0.99609375,0.028710756450891495,1024.0,133,0.9921875
0.98779296875,0.05471814423799515,0.5,0.49560546875,1024.0,0.9921875,0.03559738025069237,1024.0,134,0.9833984375
0.98388671875,0.05423935502767563,0.5,0.49755859375,1024.0,0.986328125,0.04110856354236603,1024.0,134,0.9814453125
0.98876953125,0.055501047521829605,0.5,0.49951171875,1024.0,0.9892578125,0.035425592213869095,1024.0,134,0.98828125
0.99169921875,0.05687028914690018,0.5,0.49755859375,1024.0,0.994140625,0.033276669681072235,1024.0,134,0.9892578125
0.99072265625,0.054838877171278,0.5,0.49560546875,1024.0,0.9951171875,0.028729520738124847,1024.0,135,0.986328125
0.990234375,0.05745330825448036,0.5,0.5,1024.0,0.990234375,0.03126167505979538,1024.0,135,0.990234375
0.994140625,0.05463863164186478,0.5,0.498046875,1024.0,0.99609375,0.02657267451286316,1024.0,135,0.9921875
0.9921875,0.0566900297999382,0.5,0.4990234375,1024.0,0.9931640625,0.031171467155218124,1024.0,135,0.9912109375
0.984375,0.07125721871852875,0.5,0.5029296875,1024.0,0.9814453125,0.046967387199401855,1024.0,136,0.9873046875
0.9833984375,0.07309707254171371,0.5,0.49609375,1024.0,0.9873046875,0.05188373476266861,1024.0,136,0.9794921875
0.9912109375,0.0679778903722763,0.5,0.498046875,1024.0,0.9931640625,0.03878701105713844,1024.0,136,0.9892578125
0.98828125,0.07178311049938202,0.5,0.49609375,1024.0,0.9921875,0.047410741448402405,1024.0,136,0.984375
0.9921875,0.07603062689304352,0.5,0.49609375,1024.0,0.99609375,0.03452257066965103,1024.0,137,0.98828125
0.98779296875,0.0675736665725708,0.5,0.49462890625,1024.0,0.9931640625,0.036715492606163025,1024.0,137,0.982421875
0.98681640625,0.0753118172287941,0.5,0.49658203125,1024.0,0.990234375,0.04366500303149223,1024.0,137,0.9833984375
0.9853515625,0.06574492901563644,0.5,0.490234375,1024.0,0.9951171875,0.03704676032066345,1024.0,137,0.9755859375
0.98583984375,0.04655151441693306,0.5,0.49853515625,1024.0,0.9873046875,0.033507537096738815,1024.0,138,0.984375
0.98388671875,0.05198346823453903,0.5,0.49267578125,1024.0,0.9912109375,0.03961747884750366,1024.0,138,0.9765625
0.98046875,0.047183968126773834,0.5,0.4912109375,1024.0,0.9892578125,0.036890752613544464,1024.0,138,0.9716796875
0.97998046875,0.05227407068014145,0.5,0.49267578125,1024.0,0.9873046875,0.04424324631690979,1024.0,138,0.97265625
0.98291015625,0.05132371187210083,0.5,0.48291015625,1024.0,1.0,0.037133023142814636,1024.0,139,0.9658203125
0.98486328125,0.04876776039600372,0.5,0.48583984375,1024.0,0.9990234375,0.037422534078359604,1024.0,139,0.970703125
0.99072265625,0.05188380926847458,0.5,0.49169921875,1024.0,0.9990234375,0.02706388756632805,1024.0,139,0.982421875
0.9892578125,0.051875095814466476,0.5,0.494140625,1024.0,0.9951171875,0.028419770300388336,1024.0,139,0.9833984375
0.98388671875,0.060930248349905014,0.5,0.49853515625,1024.0,0.9853515625,0.038904666900634766,1024.0,140,0.982421875
0.98486328125,0.06450672447681427,0.5,0.50244140625,1024.0,0.982421875,0.03906570002436638,1024.0,140,0.9873046875
0.98388671875,0.05979320406913757,0.5,0.49951171875,1024.0,0.984375,0.04015155881643295,1024.0,140,0.9833984375
0.98388671875,0.06129370257258415,0.5,0.50146484375,1024.0,0.982421875,0.038893889635801315,1024.0,140,0.9853515625
0.98486328125,0.06312409043312073,0.5,0.49365234375,1024.0,0.9912109375,0.041418228298425674,1024.0,141,0.978515625
0.990234375,0.060914281755685806,0.5,0.498046875,1024.0,0.9921875,0.034036848694086075,1024.0,141,0.98828125
0.98779296875,0.06490710377693176,0.5,0.49072265625,1024.0,0.9970703125,0.03830217570066452,1024.0,141,0.978515625
0.98583984375,0.06609873473644257,0.5,0.49853515625,1024.0,0.9873046875,0.04211809113621712,1024.0,141,0.984375
0.986328125,0.045820124447345734,0.5,0.494140625,1024.0,0.9921875,0.03339064493775368,1024.0,142,0.98046875
0.98681640625,0.04549970477819443,0.5,0.49365234375,1024.0,0.9931640625,0.030047893524169922,1024.0,142,0.98046875
0.98291015625,0.05338443070650101,0.5,0.48974609375,1024.0,0.9931640625,0.0387900173664093,1024.0,142,0.97265625
0.9873046875,0.04541613906621933,0.5,0.4931640625,1024.0,0.994140625,0.02738046459853649,1024.0,142,0.98046875
0.98046875,0.06251685321331024,0.5,0.49609375,1024.0,0.984375,0.045770324766635895,1024.0,143,0.9765625
0.98486328125,0.06358599662780762,0.5,0.49462890625,1024.0,0.990234375,0.040853530168533325,1024.0,143,0.9794921875
0.98486328125,0.06576340645551682,0.5,0.49072265625,1024.0,0.994140625,0.03995313495397568,1024.0,143,0.9755859375
0.98828125,0.06323057413101196,0.5,0.49609375,1024.0,0.9921875,0.03533712029457092,1024.0,143,0.984375
0.98681640625,0.07179099321365356,0.5,0.49462890625,1024.0,0.9921875,0.041100747883319855,1024.0,144,0.9814453125
0.99072265625,0.06381029635667801,0.5,0.49462890625,1024.0,0.99609375,0.0334777757525444,1024.0,144,0.9853515625
0.98388671875,0.06935708969831467,0.5,0.49462890625,1024.0,0.9892578125,0.039932653307914734,1024.0,144,0.978515625
0.9833984375,0.0746588259935379,0.5,0.4912109375,1024.0,0.9921875,0.04510065168142319,1024.0,144,0.974609375
0.98876953125,0.057591043412685394,0.5,0.49560546875,1024.0,0.9931640625,0.03342706710100174,1024.0,145,0.984375
0.98583984375,0.056192219257354736,0.5,0.49462890625,1024.0,0.9912109375,0.036390408873558044,1024.0,145,0.98046875
0.98876953125,0.056195080280303955,0.5,0.49169921875,1024.0,0.9970703125,0.03422658145427704,1024.0,145,0.98046875
0.98828125,0.05344304442405701,0.5,0.4931640625,1024.0,0.9951171875,0.03279024735093117,1024.0,145,0.9814453125
0.986328125,0.04859365522861481,0.5,0.4931640625,1024.0,0.9931640625,0.03637757897377014,1024.0,146,0.9794921875
0.98583984375,0.05200865864753723,0.5,0.48974609375,1024.0,0.99609375,0.03898089379072189,1024.0,146,0.9755859375
0.9794921875,0.059030260890722275,0.5,0.4892578125,1024.0,0.990234375,0.04416587948799133,1024.0,146,0.96875
0.98486328125,0.05432619899511337,0.5,0.48876953125,1024.0,0.99609375,0.03605613857507706,1024.0,146,0.9736328125
