mean/gen/train/learning_rate,mean/gen/train/clip_fraction,mean/gen/train/approx_kl,mean/gen/train/std,mean/gen/time/total_timesteps,mean/disc/disc_entropy,mean/gen/train/loss,mean/disc/disc_acc_expert,mean/disc/disc_loss,mean/disc/disc_proportion_expert_true,mean/disc/disc_proportion_expert_pred,mean/disc/n_generated,mean/disc/n_expert,mean/gen/train/explained_variance,mean/gen/time/time_elapsed,mean/disc/disc_acc_gen,mean/gen/train/n_updates,mean/gen/train/policy_gradient_loss,mean/gen/time/fps,mean/gen/rollout/ep_len_mean,mean/gen/train/entropy_loss,mean/gen/time/iterations,mean/gen/train/value_loss,mean/disc/disc_acc,mean/disc/global_step,mean/gen/train/clip_range,mean/gen/rollout/ep_rew_mean,mean/gen/rollout/ep_rew_wrapped_mean
0.0003,0.110400390625,0.010930784046649933,0.9979888200759888,2048.0,0.687619149684906,19.094676971435547,1.0,0.7019843012094498,0.5,0.99755859375,1024.0,1024.0,-0.22334504127502441,4.0,0.0048828125,10.0,-0.01940326445037499,412.0,1000.0,-8.507024851441383,1.0,157.6332151889801,0.50244140625,1.0,0.2,-165.171318,
0.0003,0.130712890625,0.011995379813015461,0.9968995451927185,4096.0,0.6889512985944748,5.953772068023682,1.0,0.6818616837263107,0.5,0.9654541015625,1024.0,1024.0,0.02281928062438965,4.0,0.069091796875,20.0,-0.01904581120761577,410.0,1000.0,-8.49665270447731,1.0,53.754848232865335,0.5345458984375,2.0,0.2,-148.21986725,1047.1224918961525
0.0003,0.165869140625,0.01882254332304001,0.9850372672080994,6144.0,0.6896556913852692,6.556192874908447,1.0,0.6622618138790131,0.5,0.8919677734375,1024.0,1024.0,0.04528939723968506,4.0,0.216064453125,30.0,-0.027926107906387186,430.0,1000.0,-8.458721432089806,1.0,28.598893110454082,0.6080322265625,3.0,0.2,-54.93037416666666,918.8586332798004
0.0003,0.12919921875,0.020794127136468887,0.9831832647323608,8192.0,0.6890576183795929,12.125140190124512,1.0,0.6282395720481873,0.5,0.65478515625,1024.0,1024.0,-0.006781220436096191,4.0,0.6904296875,40.0,-0.020655904708837623,446.0,1000.0,-8.420417073369027,1.0,23.228202793747187,0.84521484375,4.0,0.2,-101.050415375,861.185266683499
0.0003,0.14296875,0.018088018521666527,0.9861251711845398,10240.0,0.6869780570268631,3.218538999557495,1.0,0.6015065908432007,0.5,0.5594482421875,1024.0,1024.0,-0.004753708839416504,4.0,0.881103515625,50.0,-0.01577494039956946,441.0,1000.0,-8.413951948285103,1.0,17.219629216194154,0.9405517578125,5.0,0.2,-96.0168091,816.7335226088762
0.0003,0.096923828125,0.011777723208069801,0.9853886365890503,12288.0,0.6845149397850037,2.2607078552246094,1.0,0.587313175201416,0.5,0.5699462890625,1024.0,1024.0,-0.1810758113861084,4.0,0.860107421875,60.0,-0.01233694036345696,429.0,1000.0,-8.429374524950981,1.0,17.629307878017425,0.9300537109375,6.0,0.2,-109.15889958333332,782.5922736316919
0.0003,0.208740234375,0.01723763719201088,0.9789380431175232,14336.0,0.6796208471059799,1.2463083267211914,0.999755859375,0.5552066117525101,0.5,0.5233154296875,1024.0,1024.0,-0.027332305908203125,4.0,0.953125,70.0,-0.02577684727148153,444.0,1000.0,-8.410449299216271,1.0,15.83559527285397,0.9764404296875,7.0,0.2,-133.2502027142857,755.8736899644136
0.0003,0.2060546875,0.01972736418247223,0.9795011281967163,16384.0,0.6719928681850433,3.8754801750183105,0.99853515625,0.5239130854606628,0.5,0.51953125,1024.0,1024.0,-0.02511751651763916,4.0,0.95947265625,80.0,-0.026503986807074397,437.0,1000.0,-8.386274683475495,1.0,16.30198670756072,0.97900390625,8.0,0.2,-121.98510099999999,731.2862434770379
0.0003,0.182177734375,0.014978744089603424,0.9757620096206665,18432.0,0.6639148443937302,1.1555858850479126,0.9970703125,0.4963129088282585,0.5,0.514404296875,1024.0,1024.0,-0.016192317008972168,4.0,0.96826171875,90.0,-0.026268676409381443,422.0,1000.0,-8.380522832274437,1.0,16.589785164408386,0.982666015625,9.0,0.2,-96.4806347222222,707.8231722135097
0.0003,0.173486328125,0.012629998847842216,0.977871835231781,20480.0,0.6526033729314804,12.046695709228516,0.994384765625,0.4617888107895851,0.5,0.5018310546875,1024.0,1024.0,-0.008346319198608398,4.0,0.99072265625,100.0,-0.022115128373843617,412.0,1000.0,-8.378963765501975,1.0,16.232597422972322,0.9925537109375,10.0,0.2,-89.01022889999999,685.694885879755
0.0003,0.171630859375,0.014953600242733955,0.9797897338867188,22528.0,0.6301535367965698,9.365218162536621,0.993896484375,0.4145309403538704,0.5,0.50244140625,1024.0,1024.0,-6.973743438720703e-05,5.0,0.989013671875,110.0,-0.023931036068825053,408.0,1000.0,-8.39170916378498,1.0,15.949088411405683,0.991455078125,11.0,0.2,-103.29811222727271,665.0480425998569
0.0003,0.18125,0.013208422809839249,0.9741407632827759,24576.0,0.6183506399393082,3.8078019618988037,0.99365234375,0.3924155458807945,0.5,0.4998779296875,1024.0,1024.0,-0.00022304058074951172,4.0,0.993896484375,120.0,-0.025796787408762612,428.0,1000.0,-8.374765813350677,1.0,15.013484570384026,0.9937744140625,12.0,0.2,-93.26195883333332,642.267966395752
0.0003,0.1380859375,0.014435956254601479,0.9765973091125488,26624.0,0.5846502482891083,6.729498863220215,0.9912109375,0.3430808410048485,0.5,0.5020751953125,1024.0,1024.0,-0.00019800662994384766,4.0,0.987060546875,130.0,-0.024793100569513626,438.0,1000.0,-8.362943920493127,1.0,14.754089131578803,0.9891357421875,13.0,0.2,-106.8904463076923,621.4216647427529
0.0003,0.165234375,0.015580292791128159,0.9787120223045349,28672.0,0.5543081611394882,0.889988362789154,0.9912109375,0.30894725024700165,0.5,0.5040283203125,1024.0,1024.0,-0.000567317008972168,4.0,0.983154296875,140.0,-0.024191389833868017,447.0,1000.0,-8.373987981677056,1.0,14.700233574584127,0.9871826171875,14.0,0.2,-136.14846807142857,600.0033859745241
0.0003,0.12060546875,0.013310473412275314,0.972709059715271,30720.0,0.5184882283210754,18.322023391723633,0.98876953125,0.26875486969947815,0.5,0.498291015625,1024.0,1024.0,-0.007693290710449219,4.0,0.9921875,150.0,-0.020449891180032865,439.0,1000.0,-8.368277767300606,1.0,11.720577656663954,0.990478515625,15.0,0.2,-145.23515623333333,578.9005643406084
0.0003,0.168798828125,0.018664956092834473,0.9684680700302124,32768.0,0.4923739805817604,3.560960292816162,0.99267578125,0.250866562128067,0.5,0.5096435546875,1024.0,1024.0,-0.49563872814178467,4.0,0.973388671875,160.0,-0.024776445911993506,448.0,1000.0,-8.33507231771946,1.0,10.965669181942939,0.9830322265625,16.0,0.2,-157.2432344375,558.1692963810017
0.0003,0.16416015625,0.013994740322232246,0.9671289920806885,34816.0,0.48215245455503464,1.8271187543869019,0.9912109375,0.24499261751770973,0.5,0.5087890625,1024.0,1024.0,-0.06805884838104248,4.0,0.9736328125,170.0,-0.029589156500878743,435.0,1000.0,-8.31733994781971,1.0,10.421078401803971,0.982421875,17.0,0.2,-160.27708832352943,538.9784697451396
0.0003,0.16396484375,0.01579732447862625,0.9604279398918152,36864.0,0.4251781031489372,3.7635536193847656,0.990234375,0.20070073381066322,0.5,0.50634765625,1024.0,1024.0,-0.008527398109436035,4.0,0.9775390625,180.0,-0.02956884720479138,426.0,1000.0,-8.289873465895653,1.0,10.165675446018577,0.98388671875,18.0,0.2,-143.15690075000003,522.2511195872418
0.0003,0.14228515625,0.012897651642560959,0.9550459384918213,38912.0,0.3991588205099106,1.4724748134613037,0.98876953125,0.18568763881921768,0.5,0.5086669921875,1024.0,1024.0,-0.001220703125,4.0,0.971435546875,190.0,-0.026037604562588967,413.0,1000.0,-8.250806495547295,1.0,8.833249963074923,0.9801025390625,19.0,0.2,-151.9715313421053,506.2702662852696
0.0003,0.171826171875,0.01588304713368416,0.9566990733146667,40960.0,0.3834453299641609,4.089082717895508,0.9892578125,0.18681896105408669,0.5,0.5189208984375,1024.0,1024.0,-0.002225160598754883,4.0,0.951416015625,200.0,-0.03249145422887523,417.0,1000.0,-8.232682967185974,1.0,10.166625173389912,0.9703369140625,20.0,0.2,-172.23869137499997,490.745075133188
0.0003,0.196923828125,0.01747557334601879,0.9555837512016296,43008.0,0.38896914571523666,8.930350303649902,0.989013671875,0.20568136125802994,0.5,0.532470703125,1024.0,1024.0,-0.0004106760025024414,4.0,0.924072265625,210.0,-0.03729349058412481,422.0,1000.0,-8.236317005753516,1.0,15.104932233691216,0.95654296875,21.0,0.2,-193.19662267441862,477.45737617877313
0.0003,0.21513671875,0.019108321517705917,0.9519924521446228,45056.0,0.3679349273443222,5.0648064613342285,0.985595703125,0.1913835071027279,0.5,0.525390625,1024.0,1024.0,-0.00026476383209228516,4.0,0.934814453125,220.0,-0.03591127929830691,442.0,1000.0,-8.229077169299126,1.0,9.351442106068134,0.960205078125,22.0,0.2,-204.10702744444444,462.24331511788847
0.0003,0.190380859375,0.01572849042713642,0.9517447352409363,47104.0,0.3416851982474327,3.008249521255493,0.9853515625,0.1706506572663784,0.5,0.521240234375,1024.0,1024.0,-0.0001316070556640625,4.0,0.94287109375,230.0,-0.03519250121025834,447.0,1000.0,-8.216050535440445,1.0,9.450378353893758,0.964111328125,23.0,0.2,-215.14104125531918,453.7157384150351
0.0003,0.2244140625,0.01937815546989441,0.9456418752670288,49152.0,0.3538276106119156,1.7098898887634277,0.975341796875,0.19809558615088463,0.5,0.5250244140625,1024.0,1024.0,-2.5033950805664062e-06,4.0,0.92529296875,240.0,-0.037523544239229524,447.0,1000.0,-8.18683964908123,1.0,7.638784033060074,0.9503173828125,24.0,0.2,-216.97795685714286,444.17251599963475
0.0003,0.203759765625,0.01575898379087448,0.9406561255455017,51200.0,0.3374883681535721,1.906757116317749,0.97021484375,0.17908281087875366,0.5,0.5115966796875,1024.0,1024.0,9.834766387939453e-06,4.0,0.947021484375,250.0,-0.03401953975262586,442.0,1000.0,-8.151767963171006,1.0,7.389619040861726,0.9586181640625,25.0,0.2,-223.35628782352939,437.06064743521546
0.0003,0.192919921875,0.0140907671302557,0.9351150393486023,53248.0,0.32618357986211777,5.228918552398682,0.968994140625,0.17431486770510674,0.5,0.5103759765625,1024.0,1024.0,-5.125999450683594e-06,4.0,0.9482421875,260.0,-0.03234540441771969,433.0,1000.0,-8.118726807832719,1.0,7.232714799791575,0.9586181640625,26.0,0.2,-226.83240850943395,428.99644001202165
0.0003,0.20693359375,0.018142372369766235,0.9293700456619263,55296.0,0.3119916096329689,2.6969361305236816,0.9599609375,0.16345369443297386,0.5,0.5010986328125,1024.0,1024.0,0.01734471321105957,4.0,0.957763671875,270.0,-0.028692326511372813,419.0,1000.0,-8.079861122369767,1.0,5.135683284141123,0.9588623046875,27.0,0.2,-228.6068041272727,421.89519123598177
0.0003,0.170849609375,0.013736623339354992,0.9259928464889526,57344.0,0.2990654408931732,2.58056378364563,0.950439453125,0.15442229434847832,0.5,0.487548828125,1024.0,1024.0,0.14358991384506226,4.0,0.975341796875,280.0,-0.023960400007490536,410.0,1000.0,-8.052615961432457,1.0,5.0455439910292625,0.962890625,28.0,0.2,-227.83901049122807,413.36359557232566
0.0003,0.120947265625,0.010803308337926865,0.9222625494003296,59392.0,0.30339011549949646,0.7461479306221008,0.946533203125,0.16831619665026665,0.5,0.4930419921875,1024.0,1024.0,0.5511382818222046,4.0,0.96044921875,290.0,-0.023079921773751268,417.0,1000.0,-8.031791493296623,1.0,4.934447234496474,0.9534912109375,29.0,0.2,-222.66890569491525,405.07835076285704
0.0003,0.1759765625,0.014698450453579426,0.9159755706787109,61440.0,0.2563999518752098,1.0960577726364136,0.939208984375,0.13963283598423004,0.5,0.485595703125,1024.0,1024.0,0.6535543203353882,4.0,0.968017578125,300.0,-0.027736566099338233,431.0,1000.0,-7.9979236871004105,1.0,3.516874197870493,0.95361328125,30.0,0.2,-219.38469029508198,397.72236185113235
0.0003,0.20048828125,0.016418855637311935,0.9089309573173523,63488.0,0.24578706920146942,1.448502779006958,0.939208984375,0.13176054880023003,0.5,0.4842529296875,1024.0,1024.0,0.8509139120578766,4.0,0.970703125,310.0,-0.028512012906139715,438.0,1000.0,-7.956200030446053,1.0,2.2599787689745425,0.9549560546875,31.0,0.2,-218.7182325873016,389.4577721580214
0.0003,0.19189453125,0.016169458627700806,0.9004712104797363,65536.0,0.21722342818975449,1.7802660465240479,0.942138671875,0.11443564295768738,0.5,0.4803466796875,1024.0,1024.0,0.8523226380348206,4.0,0.9814453125,320.0,-0.029785727518901694,434.0,1000.0,-7.901511259377003,1.0,1.8162738632410764,0.9617919921875,32.0,0.2,-216.29680433846156,380.8121225841155
0.0003,0.153955078125,0.012972354888916016,0.8964454531669617,67584.0,0.21279358118772507,0.4812186360359192,0.9521484375,0.10561848618090153,0.5,0.486328125,1024.0,1024.0,0.8953093141317368,4.0,0.9794921875,330.0,-0.02255825499887578,442.0,1000.0,-7.86282743960619,1.0,1.6286309204064309,0.9658203125,33.0,0.2,-214.9206735671642,372.7184371460677
0.0003,0.172705078125,0.01676199957728386,0.8929144740104675,69632.0,0.20112810283899307,0.30672407150268555,0.962158203125,0.10518200881779194,0.5,0.4993896484375,1024.0,1024.0,0.9019311964511871,4.0,0.96337890625,340.0,-0.022927334607811645,439.0,1000.0,-7.836692549288273,1.0,2.1643912134692074,0.9627685546875,34.0,0.2,-214.03552979710147,364.4917601075765
0.0003,0.168115234375,0.016341734677553177,0.8865403532981873,71680.0,0.18865931779146194,0.25644391775131226,0.961181640625,0.09829106554389,0.5,0.4984130859375,1024.0,1024.0,0.9258921816945076,4.0,0.96435546875,350.0,-0.025488814982236364,437.0,1000.0,-7.799646969139576,1.0,1.678044695733115,0.9627685546875,35.0,0.2,-212.24189923943663,356.5247863454085
0.0003,0.12890625,0.011869657784700394,0.8822077512741089,73728.0,0.17808816209435463,0.5027672052383423,0.971923828125,0.0869816392660141,0.5,0.499267578125,1024.0,1024.0,0.946255087852478,4.0,0.973388671875,360.0,-0.022114299633540214,420.0,1000.0,-7.7639357015490535,1.0,1.4494951037690043,0.97265625,36.0,0.2,-210.80799789041092,349.6208647313318
0.0003,0.145947265625,0.0167568176984787,0.8737025260925293,75776.0,0.17355269193649292,0.6199724674224854,0.97265625,0.09745420329272747,0.5,0.509033203125,1024.0,1024.0,0.951326597481966,4.0,0.95458984375,370.0,-0.022868175941403023,414.0,1000.0,-7.720743368566036,1.0,2.521869919123128,0.963623046875,37.0,0.2,-208.66933967999998,342.5688244999938
0.0003,0.180908203125,0.013704793527722359,0.8720245361328125,77824.0,0.15875180810689926,0.23997612297534943,0.97607421875,0.0812963917851448,0.5,0.5029296875,1024.0,1024.0,0.9696912113577127,4.0,0.97021484375,380.0,-0.028254856946296057,418.0,1000.0,-7.683383350074291,1.0,1.0851643592119218,0.97314453125,38.0,0.2,-206.47236133766233,336.5327823555392
0.0003,0.124853515625,0.011216298677027225,0.8728126287460327,79872.0,0.17037711292505264,1.0234237909317017,0.978271484375,0.09457890689373016,0.5,0.5107421875,1024.0,1024.0,0.922543503344059,4.0,0.956787109375,390.0,-0.027806124417111278,429.0,1000.0,-7.681202366948128,1.0,6.419133929908275,0.967529296875,39.0,0.2,-197.50453906329113,330.4984886432082
0.0003,0.13720703125,0.01285801362246275,0.8674674034118652,81920.0,0.14214840158820152,0.7267163395881653,0.97314453125,0.07494324818253517,0.5,0.499267578125,1024.0,1024.0,0.9703692328184843,4.0,0.974609375,400.0,-0.026302628658595496,433.0,1000.0,-7.667547523975372,1.0,1.7300850750412793,0.973876953125,40.0,0.2,-196.4427174691358,325.18338418038655
0.0003,0.137548828125,0.013076337054371834,0.8659273982048035,83968.0,0.15686842426657677,0.5659565925598145,0.971435546875,0.07807634398341179,0.5,0.4931640625,1024.0,1024.0,0.9456355683505535,4.0,0.985107421875,410.0,-0.02829447273252299,435.0,1000.0,-7.637443059682846,1.0,4.004243699181825,0.978271484375,41.0,0.2,-187.19696084337352,318.85678543663084
0.0003,0.15400390625,0.014731321483850479,0.8647104501724243,86016.0,0.15386201813817024,0.4277874529361725,0.964599609375,0.08269876800477505,0.5,0.492431640625,1024.0,1024.0,0.9580206088721752,4.0,0.979736328125,420.0,-0.032188506997772495,434.0,1000.0,-7.630265337228775,1.0,2.790753437485546,0.97216796875,42.0,0.2,-176.93640151162793,313.7475836311593
0.0003,0.14248046875,0.01353549025952816,0.8625068664550781,88064.0,0.15147095173597336,0.6884656548500061,0.962646484375,0.08172949776053429,0.5,0.489013671875,1024.0,1024.0,0.9475114867091179,4.0,0.984619140625,430.0,-0.02819389847863931,443.0,1000.0,-7.623866847157478,1.0,2.4424793551675976,0.9736328125,43.0,0.2,-169.12124367045453,305.5111400368793
0.0003,0.212841796875,0.017505750060081482,0.8644372820854187,90112.0,0.12595023214817047,0.09897565841674805,0.96728515625,0.06736590154469013,0.5,0.4869384765625,1024.0,1024.0,0.9895051829516888,4.0,0.993408203125,440.0,-0.03161409161693882,435.0,1000.0,-7.616223813593388,1.0,0.4350465073948726,0.9803466796875,44.0,0.2,-167.54040692222222,300.30183023835923
0.0003,0.14453125,0.01360972411930561,0.861204981803894,92160.0,0.12769964337348938,1.6035583019256592,0.966064453125,0.06854176241904497,0.5,0.489013671875,1024.0,1024.0,0.9303837642073631,4.0,0.988037109375,450.0,-0.028209247055929153,418.0,1000.0,-7.611921247839928,1.0,2.1799979392439126,0.97705078125,45.0,0.2,-160.68020547826086,294.6845427273436
0.0003,0.159765625,0.014479923993349075,0.8584915995597839,94208.0,0.14643904939293861,1.4116615056991577,0.9736328125,0.07508725859224796,0.5,0.491943359375,1024.0,1024.0,0.9480728283524513,4.0,0.98974609375,460.0,-0.030839605757500978,413.0,1000.0,-7.593300347030163,1.0,1.6120032432954758,0.981689453125,46.0,0.2,-152.17528667021276,289.3368846280021
0.0003,0.1642578125,0.014723595231771469,0.852608859539032,96256.0,0.13868166506290436,0.2230069786310196,0.96923828125,0.07508258894085884,0.5,0.4896240234375,1024.0,1024.0,0.9679264836013317,4.0,0.989990234375,470.0,-0.029199742457421962,414.0,1000.0,-7.561275523900986,1.0,1.2848515599966048,0.9796142578125,47.0,0.2,-143.70940897916668,284.8834357800814
0.0003,0.20107421875,0.019796069711446762,0.8528647422790527,98304.0,0.1319270208477974,0.4242374300956726,0.961181640625,0.07717049494385719,0.5,0.48828125,1024.0,1024.0,0.9719223789870739,4.0,0.984619140625,480.0,-0.034812784574751274,417.0,1000.0,-7.542715308070183,1.0,1.0517930545844139,0.972900390625,48.0,0.2,-136.5625281632653,280.67037877226466
0.0003,0.265771484375,0.024553515017032623,0.8449546098709106,100352.0,0.13585364073514938,0.1868382692337036,0.95703125,0.0773155726492405,0.5,0.4859619140625,1024.0,1024.0,0.9518268592655659,4.0,0.985107421875,490.0,-0.03971022199111758,436.0,1000.0,-7.510222533345223,1.0,1.016216761060059,0.9710693359375,49.0,0.2,-126.08790188000003,276.44490212044957
0.0003,0.255712890625,0.021833110600709915,0.8388833403587341,102400.0,0.1281974706798792,0.20226696133613586,0.9541015625,0.07849832996726036,0.5,0.4832763671875,1024.0,1024.0,0.970666928216815,4.0,0.987548828125,500.0,-0.03682012680510525,442.0,1000.0,-7.462866468727588,1.0,0.7694820370292291,0.9708251953125,50.0,0.2,-115.24406078,272.4652380764614
0.0003,0.22470703125,0.01915547624230385,0.8297690153121948,104448.0,0.13405148684978485,0.2365814745426178,0.9599609375,0.07718202471733093,0.5,0.4837646484375,1024.0,1024.0,0.9707828499376774,4.0,0.992431640625,510.0,-0.03462548261450138,471.0,1000.0,-7.405518397688866,1.0,0.8034768908284604,0.9761962890625,51.0,0.2,-101.12727870999998,253.01047561716558
0.0003,0.227490234375,0.019862618297338486,0.8298555612564087,106496.0,0.0938052274286747,0.24095910787582397,0.959228515625,0.0612047053873539,0.5,0.4827880859375,1024.0,1024.0,0.9681834578514099,4.0,0.99365234375,520.0,-0.030323216842953117,490.0,1000.0,-7.38053779900074,1.0,0.34451500298455356,0.9764404296875,52.0,0.2,-99.88673612999999,238.92892033547707
0.0003,0.1732421875,0.015754714608192444,0.8272686004638672,108544.0,0.10015135444700718,0.0622430182993412,0.96826171875,0.06284235790371895,0.5,0.490478515625,1024.0,1024.0,0.9711137469857931,4.0,0.9873046875,530.0,-0.023985039215767757,429.0,1000.0,-7.366658726334572,1.0,0.46372781809186564,0.977783203125,53.0,0.2,-95.01747735,224.96062454897648
0.0003,0.2298828125,0.020683642476797104,0.8225909471511841,110592.0,0.11635773256421089,0.27913981676101685,0.968505859375,0.07229716889560223,0.5,0.492431640625,1024.0,1024.0,0.9809848442673683,4.0,0.983642578125,540.0,-0.034567282602074555,420.0,1000.0,-7.339884616434574,1.0,0.49662596769630907,0.97607421875,54.0,0.2,-87.02074938,211.80185737296546
0.0003,0.23212890625,0.021189775317907333,0.8145686984062195,112640.0,0.09937125258147717,0.009326338768005371,0.974853515625,0.05863840226083994,0.5,0.49267578125,1024.0,1024.0,0.9776491150259972,4.0,0.989501953125,550.0,-0.03194174730451778,412.0,1000.0,-7.287433740496636,1.0,0.2892428042483516,0.982177734375,55.0,0.2,-79.22998439,200.29648468199767
0.0003,0.209130859375,0.017691176384687424,0.8111470937728882,114688.0,0.11187273263931274,0.09516935795545578,0.974609375,0.07313898392021656,0.5,0.49658203125,1024.0,1024.0,0.9590347446501255,4.0,0.9814453125,560.0,-0.028740476397797466,412.0,1000.0,-7.251123909652233,1.0,0.7895812312141061,0.97802734375,56.0,0.2,-66.73551094999999,188.80792968213515
0.0003,0.193017578125,0.0174238383769989,0.8091673851013184,116736.0,0.1226937398314476,0.4342138469219208,0.96923828125,0.0754352267831564,0.5,0.49462890625,1024.0,1024.0,0.9796265307813883,4.0,0.97998046875,570.0,-0.03272792178322561,420.0,1000.0,-7.23505071401596,1.0,0.8389474025927484,0.974609375,57.0,0.2,-57.57738956,178.5430776518907
0.0003,0.197412109375,0.018476419150829315,0.8029168844223022,118784.0,0.11001989059150219,0.16349732875823975,0.962890625,0.07377832196652889,0.5,0.488525390625,1024.0,1024.0,0.9830569960176945,4.0,0.98583984375,580.0,-0.03529599768226035,440.0,1000.0,-7.203807701170445,1.0,0.49075511572882535,0.974365234375,58.0,0.2,-50.386787459999994,169.44175891647427
0.0003,0.218603515625,0.020753983408212662,0.8009440302848816,120832.0,0.10714923776686192,0.10592377185821533,0.955322265625,0.07108603976666927,0.5,0.4808349609375,1024.0,1024.0,0.9684136733412743,4.0,0.99365234375,590.0,-0.03686744106526021,439.0,1000.0,-7.171310889720917,1.0,0.4230827551335096,0.9744873046875,59.0,0.2,-41.051598289999994,160.58207535110716
0.0003,0.216796875,0.020936792716383934,0.7964516878128052,122880.0,0.09268658421933651,0.04507932811975479,0.96826171875,0.05957126058638096,0.5,0.4866943359375,1024.0,1024.0,0.9739990010857582,4.0,0.994873046875,600.0,-0.03257239436497912,443.0,1000.0,-7.140312135219574,1.0,0.23587536732666195,0.9815673828125,60.0,0.2,-31.30156537,152.20179638400694
0.0003,0.24853515625,0.024363061413168907,0.7890352606773376,124928.0,0.09556512162089348,0.040601544082164764,0.974609375,0.05968713387846947,0.5,0.492431640625,1024.0,1024.0,0.9660651125013828,4.0,0.98974609375,610.0,-0.02972449731605593,425.0,1000.0,-7.092312316596508,1.0,0.23260886617936194,0.982177734375,61.0,0.2,-26.37077001,144.59850238883058
0.0003,0.181494140625,0.015375340357422829,0.7876935005187988,126976.0,0.09575186111032963,0.11687935143709183,0.982177734375,0.05272087641060352,0.5,0.4959716796875,1024.0,1024.0,0.9498528726398945,4.0,0.990234375,620.0,-0.03411037181504071,440.0,1000.0,-7.065447084605694,1.0,0.6560656572692096,0.9862060546875,62.0,0.2,-13.899955969999999,137.4691354029528
0.0003,0.156884765625,0.015124783851206303,0.7824265360832214,129024.0,0.1443203091621399,0.4366627037525177,0.985595703125,0.08829851448535919,0.5,0.5096435546875,1024.0,1024.0,0.9473056793212891,4.0,0.96630859375,630.0,-0.031201334585784935,429.0,1000.0,-7.0396758079528805,1.0,1.1961393078789115,0.9759521484375,63.0,0.2,12.287069760000001,132.09894974754855
0.0003,0.2380859375,0.0223691388964653,0.7752009630203247,131072.0,0.12909211590886116,0.269461065530777,0.982421875,0.07363021932542324,0.5,0.500244140625,1024.0,1024.0,0.9760216735303402,4.0,0.98193359375,640.0,-0.040057044658169616,415.0,1000.0,-6.98422723710537,1.0,0.6298891745507718,0.982177734375,64.0,0.2,24.41923771,125.79197472892616
0.0003,0.19658203125,0.0168291088193655,0.7707033157348633,133120.0,0.1278662160038948,0.1920081526041031,0.968505859375,0.07150188088417053,0.5,0.4891357421875,1024.0,1024.0,0.9586525745689869,4.0,0.990234375,650.0,-0.03159665839921218,412.0,1000.0,-6.942878088355064,1.0,0.7136399179697037,0.9793701171875,65.0,0.2,37.519748220000004,122.69378334022961
0.0003,0.24384765625,0.022636350244283676,0.7722918391227722,135168.0,0.09244199842214584,0.03078465536236763,0.9599609375,0.060491218231618404,0.5,0.485107421875,1024.0,1024.0,0.9700463134795427,4.0,0.98974609375,660.0,-0.031584421478328295,421.0,1000.0,-6.938459694385529,1.0,0.17904745669220573,0.974853515625,66.0,0.2,45.138877490000006,119.18061378982826
0.0003,0.1943359375,0.01842692866921425,0.7678779363632202,137216.0,0.08776026032865047,0.17385795712471008,0.960205078125,0.06027184706181288,0.5,0.48388671875,1024.0,1024.0,0.9373066425323486,4.0,0.992431640625,670.0,-0.0212164364696946,436.0,1000.0,-6.920216603577137,1.0,0.688333576999139,0.976318359375,67.0,0.2,48.68456517000001,114.5269300060145
0.0003,0.24677734375,0.02292749285697937,0.7600455284118652,139264.0,0.10842313431203365,0.07633654773235321,0.9716796875,0.07412346825003624,0.5,0.498291015625,1024.0,1024.0,0.9812880903482437,4.0,0.97509765625,680.0,-0.03167960571008734,430.0,1000.0,-6.870180194079876,1.0,0.2942717295722105,0.973388671875,68.0,0.2,62.39139901000001,110.93049700244197
0.0003,0.21123046875,0.020262116566300392,0.756567656993866,141312.0,0.10072053596377373,0.12595340609550476,0.98291015625,0.05391743406653404,0.5,0.4957275390625,1024.0,1024.0,0.9440704174339771,4.0,0.991455078125,690.0,-0.025704011495690793,442.0,1000.0,-6.831415665149689,1.0,0.6921120611950755,0.9871826171875,69.0,0.2,82.06215507,107.68405748955558
0.0003,0.206884765625,0.0186628270894289,0.7557408213615417,143360.0,0.06396571919322014,-0.00805574283003807,0.98388671875,0.03496187226846814,0.5,0.491943359375,1024.0,1024.0,0.9049095958471298,4.0,1.0,700.0,-0.022020760510349645,440.0,1000.0,-6.810640609264373,1.0,0.17036786041862798,0.991943359375,70.0,0.2,93.30064631,104.64688657443449
0.0003,0.19423828125,0.01650543324649334,0.7548980712890625,145408.0,0.062148657627403736,0.08908751606941223,0.988525390625,0.03122411575168371,0.5,0.4945068359375,1024.0,1024.0,0.8487099260091782,4.0,0.99951171875,710.0,-0.014257453587197233,440.0,1000.0,-6.81265818476677,1.0,0.3700713090074714,0.9940185546875,71.0,0.2,102.20380536,99.2631760347216
0.0003,0.232763671875,0.021465741097927094,0.7511225938796997,147456.0,0.05924018286168575,-0.04074503108859062,0.9892578125,0.027420617174357176,0.5,0.4952392578125,1024.0,1024.0,0.9655389115214348,4.0,0.998779296875,720.0,-0.016427982405002695,425.0,1000.0,-6.794499529898166,1.0,0.07870571803941857,0.9940185546875,72.0,0.2,112.42377665999999,94.02873162857776
0.0003,0.183447265625,0.018838856369256973,0.744773268699646,149504.0,0.07383988983929157,0.16922438144683838,0.98828125,0.040931432507932186,0.5,0.5010986328125,1024.0,1024.0,0.9594238214194775,4.0,0.986083984375,730.0,-0.02542718146578409,412.0,1000.0,-6.755371730029583,1.0,0.43261337773874403,0.9871826171875,73.0,0.2,118.99876318000001,89.74884756678732
0.0003,0.174267578125,0.01542326994240284,0.7374860644340515,151552.0,0.10186932422220707,0.06880809366703033,0.986328125,0.05766626168042421,0.5,0.501953125,1024.0,1024.0,0.9600852727890015,5.0,0.982421875,740.0,-0.02859976856561843,407.0,1000.0,-6.696460020542145,1.0,0.5783135983394458,0.984375,74.0,0.2,130.85600775,84.73251621990833
0.0003,0.182958984375,0.015626247972249985,0.7337436676025391,153600.0,0.09073110483586788,0.17980879545211792,0.9853515625,0.050222860649228096,0.5,0.4979248046875,1024.0,1024.0,0.9685032330453396,4.0,0.989501953125,750.0,-0.030552070256089792,419.0,1000.0,-6.6559382528066635,1.0,0.7811999914236367,0.9874267578125,75.0,0.2,143.58374396000002,81.40486110492492
0.0003,0.219140625,0.01822698675096035,0.7296733856201172,155648.0,0.08676158636808395,1.430269479751587,0.986328125,0.04968606028705835,0.5,0.5008544921875,1024.0,1024.0,0.9240640252828598,4.0,0.984619140625,760.0,-0.021138329556561076,428.0,1000.0,-6.624806474149227,1.0,1.7152529299724848,0.9854736328125,76.0,0.2,157.17624594,78.17682085262373
0.0003,0.22578125,0.022558925673365593,0.7277984023094177,157696.0,0.0937836766242981,0.05675680190324783,0.972412109375,0.06260073091834784,0.5,0.492919921875,1024.0,1024.0,0.9844023436307907,4.0,0.986572265625,770.0,-0.023884696593449918,441.0,1000.0,-6.599508114159107,1.0,0.5883918480016291,0.9794921875,77.0,0.2,164.60498441999997,76.38187050654322
0.0003,0.2642578125,0.023694852367043495,0.7287167310714722,159744.0,0.054075734689831734,0.08972111344337463,0.974609375,0.035841505974531174,0.5,0.4873046875,1024.0,1024.0,0.42513322830200195,4.0,1.0,780.0,-0.024710452189901845,440.0,1000.0,-6.607508189976215,1.0,0.1172041437588632,0.9873046875,78.0,0.2,170.96247641000002,73.3959552172763
0.0003,0.14833984375,0.012535898014903069,0.727508544921875,161792.0,0.07900739088654518,0.4058360457420349,0.987060546875,0.0412423200905323,0.5,0.497802734375,1024.0,1024.0,0.8661660104990005,4.0,0.991455078125,790.0,-0.019779942603781818,429.0,1000.0,-6.597149181365967,1.0,1.9878274571849033,0.9892578125,79.0,0.2,177.38036236,70.31376799682037
0.0003,0.1548828125,0.015521607361733913,0.7278488874435425,163840.0,0.09361769817769527,0.7172620296478271,0.983642578125,0.050355829298496246,0.5,0.4986572265625,1024.0,1024.0,0.9198146387934685,4.0,0.986328125,800.0,-0.02293917729984969,445.0,1000.0,-6.592370682954789,1.0,1.063086510496214,0.9849853515625,80.0,0.2,186.41719781,68.04050112351155
0.0003,0.2060546875,0.02064746618270874,0.7259323000907898,165888.0,0.08021591044962406,0.04343167692422867,0.987548828125,0.044097185134887695,0.5,0.499755859375,1024.0,1024.0,0.955914743244648,4.0,0.988037109375,810.0,-0.0217641000970616,430.0,1000.0,-6.583907940983773,1.0,0.33572125093778593,0.98779296875,81.0,0.2,193.52688822,66.34637803712161
0.0003,0.16923828125,0.018355395644903183,0.7209984660148621,167936.0,0.10240772739052773,0.12445178627967834,0.98681640625,0.052224901504814625,0.5,0.500732421875,1024.0,1024.0,0.9596758373081684,4.0,0.9853515625,820.0,-0.024665906632435508,418.0,1000.0,-6.558970132470131,1.0,0.6654402639716863,0.986083984375,82.0,0.2,205.1361931,64.50083701035697
0.0003,0.20009765625,0.020944513380527496,0.7184311747550964,169984.0,0.07157090306282043,0.07233850657939911,0.984619140625,0.03905672673135996,0.5,0.4964599609375,1024.0,1024.0,0.9675384052097797,5.0,0.99169921875,830.0,-0.025193399797717574,402.0,1000.0,-6.527885890007019,1.0,0.37243973241420464,0.9881591796875,83.0,0.2,212.57569243000006,64.22843690926699
0.0003,0.197265625,0.02056526392698288,0.7197802066802979,172032.0,0.0720739234238863,-0.000790061429142952,0.97900390625,0.04334381129592657,0.5,0.4945068359375,1024.0,1024.0,0.9703874122351408,4.0,0.989990234375,840.0,-0.02048503755358979,417.0,1000.0,-6.518486441671849,1.0,0.4342409432632849,0.9844970703125,84.0,0.2,226.32664801,63.01001272801268
0.0003,0.22197265625,0.021015724167227745,0.719038188457489,174080.0,0.0699493195861578,0.03867880254983902,0.98193359375,0.0380342835560441,0.5,0.4935302734375,1024.0,1024.0,0.9724356215447187,4.0,0.994873046875,850.0,-0.030193771341873798,433.0,1000.0,-6.5286641150712965,1.0,0.32218135284492744,0.9884033203125,85.0,0.2,233.04467646,60.83157630653978
0.0003,0.199951171875,0.017887458205223083,0.7182613611221313,176128.0,0.097122423350811,0.1540534645318985,0.9814453125,0.04750368930399418,0.5,0.4945068359375,1024.0,1024.0,0.9349929690361023,4.0,0.992431640625,860.0,-0.02861564673075918,443.0,1000.0,-6.515252181887627,1.0,0.6566706471145153,0.9869384765625,86.0,0.2,244.80678529999997,59.58819918783938
0.0003,0.253662109375,0.025334661826491356,0.717538595199585,178176.0,0.0912886131554842,0.0924864113330841,0.9794921875,0.04673099145293236,0.5,0.494873046875,1024.0,1024.0,0.9738356452435255,4.0,0.98974609375,870.0,-0.02782232883910183,441.0,1000.0,-6.507461428642273,1.0,0.3912424907553941,0.984619140625,87.0,0.2,257.87635231,58.18419636552469
0.0003,0.199560546875,0.017856791615486145,0.7124616503715515,180224.0,0.08701200410723686,0.07155029475688934,0.974609375,0.04882283229380846,0.5,0.490966796875,1024.0,1024.0,0.9366830065846443,4.0,0.99267578125,880.0,-0.02570779246161692,440.0,1000.0,-6.483949814736843,1.0,0.6651707616169006,0.983642578125,88.0,0.2,264.25477767999996,57.34932813674128
0.0003,0.244091796875,0.026311514899134636,0.714911162853241,182272.0,0.05659931059926748,0.007946970872581005,0.97265625,0.035250294487923384,0.5,0.486328125,1024.0,1024.0,0.753460630774498,4.0,1.0,890.0,-0.026848908521060366,442.0,1000.0,-6.477439507842064,1.0,0.3683138970693108,0.986328125,89.0,0.2,270.33845988,55.73709730001764
0.0003,0.247265625,0.02332225628197193,0.7196029424667358,184320.0,0.0593278631567955,-0.013509254902601242,0.9794921875,0.03301804792135954,0.5,0.4901123046875,1024.0,1024.0,0.9329836592078209,4.0,0.999267578125,900.0,-0.02794250168954022,430.0,1000.0,-6.515250793099403,1.0,0.2427523986552842,0.9893798828125,90.0,0.2,270.27582273,54.547055816343864
0.0003,0.2259765625,0.02478097379207611,0.7191953659057617,186368.0,0.10270978696644306,0.11114112287759781,0.985107421875,0.055302731692790985,0.5,0.5015869140625,1024.0,1024.0,0.8987338691949844,4.0,0.98193359375,910.0,-0.03074264069146011,419.0,1000.0,-6.533804135024548,1.0,0.37542142665479333,0.9835205078125,91.0,0.2,275.77706748,53.198882942657995
0.0003,0.208544921875,0.02147539332509041,0.7188800573348999,188416.0,0.06907110847532749,0.03575929254293442,0.98681640625,0.034452720545232296,0.5,0.4957275390625,1024.0,1024.0,0.943124782294035,4.0,0.995361328125,920.0,-0.03384027555002831,409.0,1000.0,-6.520664912462235,1.0,0.27787409971933813,0.9910888671875,92.0,0.2,277.19627586000007,52.47235298478151
0.0003,0.254931640625,0.025439243763685226,0.7205774188041687,190464.0,0.07871458120644093,-0.001010846346616745,0.98046875,0.04164653178304434,0.5,0.4931640625,1024.0,1024.0,0.9425212852656841,4.0,0.994140625,930.0,-0.036177951138233765,424.0,1000.0,-6.531345427036285,1.0,0.2864266668679193,0.9873046875,93.0,0.2,290.5205073,51.744624636403806
0.0003,0.18251953125,0.016979653388261795,0.723471999168396,192512.0,0.04685096349567175,-0.018528912216424942,0.9794921875,0.028945126570761204,0.5,0.4908447265625,1024.0,1024.0,0.8402862995862961,4.0,0.997802734375,940.0,-0.025844609198975375,429.0,1000.0,-6.557454296946526,1.0,0.2734041601521312,0.9886474609375,94.0,0.2,288.45711410999996,51.86612384361808
0.0003,0.244775390625,0.023752259090542793,0.7225231528282166,194560.0,0.07654094696044922,0.004285451024770737,0.9853515625,0.042476299218833447,0.5,0.4986572265625,1024.0,1024.0,0.9358222857117653,4.0,0.988037109375,950.0,-0.028510122021543793,441.0,1000.0,-6.555418977141381,1.0,0.23262092974036933,0.9866943359375,95.0,0.2,287.56184953999997,51.0478552368968
0.0003,0.219140625,0.023388495668768883,0.72345370054245,196608.0,0.06346033699810505,0.04502804949879646,0.987060546875,0.031155660282820463,0.5,0.496826171875,1024.0,1024.0,0.8675921410322189,4.0,0.993408203125,960.0,-0.030584668929805048,444.0,1000.0,-6.553239248692989,1.0,0.23697806846466846,0.990234375,96.0,0.2,291.34165148,49.941153246861525
0.0003,0.206787109375,0.019967079162597656,0.7198752164840698,198656.0,0.03764261119067669,-0.023044172674417496,0.986083984375,0.022028676234185696,0.5,0.4930419921875,1024.0,1024.0,0.7264368832111359,4.0,1.0,970.0,-0.03204745491384529,440.0,1000.0,-6.550742138922215,1.0,0.1282989173021633,0.9930419921875,97.0,0.2,286.94367753,49.350760540354734
0.0003,0.21416015625,0.01978014037013054,0.7168850302696228,200704.0,0.03638118505477905,-0.018871810287237167,0.98974609375,0.020371480844914913,0.5,0.495361328125,1024.0,1024.0,0.8988270089030266,4.0,0.9990234375,980.0,-0.023308133601676672,439.0,1000.0,-6.5185813277959825,1.0,0.049063447937442106,0.994384765625,98.0,0.2,276.69469082,47.97425552048106
0.0003,0.1751953125,0.017770377919077873,0.7114630937576294,202752.0,0.09562797844409943,0.5836240649223328,0.990478515625,0.060871704481542104,0.5,0.5118408203125,1024.0,1024.0,0.7736692875623703,4.0,0.966796875,990.0,-0.028274811594747006,427.0,1000.0,-6.486224986612797,1.0,1.1912442864384503,0.9786376953125,99.0,0.2,274.30635681000007,46.52449239196275
0.0003,0.2349609375,0.020018091425299644,0.7101570963859558,204800.0,0.08680161088705063,0.12130625545978546,0.98681640625,0.046258349902927876,0.5,0.500244140625,1024.0,1024.0,0.9450704343616962,4.0,0.986328125,1000.0,-0.03296981541789137,413.0,1000.0,-6.45646516084671,1.0,0.5413616660516709,0.986572265625,100.0,0.2,272.21119157,46.36523980902998
0.0003,0.21640625,0.020669229328632355,0.7083944082260132,206848.0,0.07491268217563629,0.08380749821662903,0.9775390625,0.042953554540872574,0.5,0.4915771484375,1024.0,1024.0,0.9504406228661537,5.0,0.994384765625,1010.0,-0.030000152176944538,406.0,1000.0,-6.4489209145307544,1.0,0.2545241092564538,0.9859619140625,101.0,0.2,279.98029437,46.03470273631624
0.0003,0.193115234375,0.019602054730057716,0.7101278305053711,208896.0,0.05375793669372797,0.12248175591230392,0.97705078125,0.03824274800717831,0.5,0.49072265625,1024.0,1024.0,0.934722550213337,4.0,0.99560546875,1020.0,-0.027069217545795256,419.0,1000.0,-6.444190661609173,1.0,0.3213722816493828,0.986328125,102.0,0.2,285.35049684000006,46.23056532371193
0.0003,0.200048828125,0.019702263176441193,0.7067593336105347,210944.0,0.06200576853007078,0.035549063235521317,0.9716796875,0.04207551013678312,0.5,0.4869384765625,1024.0,1024.0,0.8005484044551849,4.0,0.997802734375,1030.0,-0.0279033769184025,428.0,1000.0,-6.431873349845409,1.0,0.45901702346745876,0.9847412109375,103.0,0.2,287.50055182,46.132900295858924
0.0003,0.191748046875,0.018257461488246918,0.7041217684745789,212992.0,0.07613211311399937,0.022232018411159515,0.9794921875,0.05149633251130581,0.5,0.4981689453125,1024.0,1024.0,0.6427758932113647,4.0,0.983154296875,1040.0,-0.025536324657150545,436.0,1000.0,-6.404492019116878,1.0,0.954240420088172,0.9813232421875,104.0,0.2,292.63426081,45.10680895268158
0.0003,0.256787109375,0.027737639844417572,0.700999915599823,215040.0,0.07661814242601395,0.11885220557451248,0.97900390625,0.04157892521470785,0.5,0.4942626953125,1024.0,1024.0,0.9284983947873116,4.0,0.990478515625,1050.0,-0.03304640610876959,437.0,1000.0,-6.386958658695221,1.0,0.30250202732859177,0.9847412109375,105.0,0.2,295.65225444,44.67162014356164
0.0003,0.192626953125,0.018501633778214455,0.697410523891449,217088.0,0.061740987934172153,0.03799377381801605,0.986083984375,0.03290179604664445,0.5,0.4962158203125,1024.0,1024.0,0.9024785831570625,4.0,0.99365234375,1060.0,-0.026720399255282246,440.0,1000.0,-6.354170498251915,1.0,0.5503028582548722,0.9898681640625,106.0,0.2,290.65083457000003,43.81740078778128
0.0003,0.228271484375,0.021914243698120117,0.6946474313735962,219136.0,0.08198042958974838,0.03277083486318588,0.9853515625,0.04148954804986715,0.5,0.4990234375,1024.0,1024.0,0.938462171703577,4.0,0.9873046875,1070.0,-0.031442835615598595,441.0,1000.0,-6.327134047448635,1.0,0.2795727877761237,0.986328125,107.0,0.2,290.17824948000003,42.60147667398661
0.0003,0.2228515625,0.02025773376226425,0.696064829826355,221184.0,0.08158055134117603,0.04446915537118912,0.980712890625,0.04446912556886673,0.5,0.4954833984375,1024.0,1024.0,0.9198755398392677,4.0,0.98974609375,1080.0,-0.029085239858250133,428.0,1000.0,-6.322322495281696,1.0,0.4725099809002131,0.9852294921875,108.0,0.2,292.41939125,42.38509786216647
0.0003,0.268115234375,0.024494890123605728,0.6940531730651855,223232.0,0.07040342688560486,0.26412737369537354,0.978271484375,0.03990071453154087,0.5,0.4930419921875,1024.0,1024.0,0.9382697008550167,4.0,0.9921875,1090.0,-0.031174819721491075,424.0,1000.0,-6.314502646028996,1.0,0.4701486910809763,0.9852294921875,109.0,0.2,296.242309,42.21470655265071
0.0003,0.2525390625,0.024044133722782135,0.6948795318603516,225280.0,0.06270785443484783,-0.03246045112609863,0.97998046875,0.03544725198298693,0.5,0.4910888671875,1024.0,1024.0,0.8946308717131615,5.0,0.997802734375,1100.0,-0.03500551538891159,407.0,1000.0,-6.318367736041546,1.0,0.14167192797758615,0.9888916015625,110.0,0.2,300.31401151999995,42.279522796364944
0.0003,0.21884765625,0.019887343049049377,0.695868194103241,227328.0,0.0515804048627615,-0.02942897379398346,0.978271484375,0.03122752672061324,0.5,0.4898681640625,1024.0,1024.0,0.8769511133432388,4.0,0.99853515625,1110.0,-0.030403746612137184,410.0,1000.0,-6.317015027999878,1.0,0.21495731370523571,0.9884033203125,111.0,0.2,301.21733463,41.83450055647007
0.0003,0.23828125,0.025602836161851883,0.6891100406646729,229376.0,0.07299070432782173,0.04484226554632187,0.978271484375,0.04449831135571003,0.5,0.4986572265625,1024.0,1024.0,0.9008287563920021,4.0,0.98095703125,1120.0,-0.033170082463766445,422.0,1000.0,-6.290106655657292,1.0,0.34482811340130864,0.9796142578125,112.0,0.2,299.5883921100001,41.15885586234539
0.0003,0.24267578125,0.023707343265414238,0.6844996213912964,231424.0,0.05826522223651409,-0.01623128354549408,0.9853515625,0.03504513716325164,0.5,0.4967041015625,1024.0,1024.0,0.9242279306054115,4.0,0.991943359375,1130.0,-0.031423642169102095,430.0,1000.0,-6.239987111091613,1.0,0.15523905341979116,0.9886474609375,113.0,0.2,296.65290437000004,39.326390481865495
0.0003,0.191845703125,0.016986999660730362,0.6815221309661865,233472.0,0.08516974933445454,0.455621600151062,0.985595703125,0.04791529197245836,0.5,0.50048828125,1024.0,1024.0,0.8089735209941864,4.0,0.984619140625,1140.0,-0.022480964960413984,438.0,1000.0,-6.207732102274894,1.0,1.2073284834623337,0.985107421875,114.0,0.2,295.32070194,37.74888916463944
0.0003,0.254931640625,0.02599179744720459,0.6828474998474121,235520.0,0.053890010342001915,-0.04396401345729828,0.978515625,0.032059320248663425,0.5,0.4892578125,1024.0,1024.0,0.7883304059505463,4.0,1.0,1150.0,-0.03591199830116239,440.0,1000.0,-6.216241645812988,1.0,0.1426167336583603,0.9892578125,115.0,0.2,295.3609826,37.22456358191489
0.0003,0.207763671875,0.02190878987312317,0.6817185878753662,237568.0,0.05569772329181433,-0.02334200218319893,0.97998046875,0.03196872491389513,0.5,0.4903564453125,1024.0,1024.0,0.7437595129013062,4.0,0.999267578125,1160.0,-0.030720942554762588,437.0,1000.0,-6.207352152466774,1.0,0.3025384603766724,0.9896240234375,116.0,0.2,297.0642958,37.507770041197844
0.0003,0.232568359375,0.022054214030504227,0.6776798963546753,239616.0,0.058182233944535255,0.10424070060253143,0.9833984375,0.03565616626292467,0.5,0.4964599609375,1024.0,1024.0,0.7811883836984634,4.0,0.990478515625,1170.0,-0.03409389333100989,444.0,1000.0,-6.173352943360806,1.0,0.42627864761743695,0.9869384765625,117.0,0.2,298.09067087999995,37.31994882036706
0.0003,0.154443359375,0.014725606888532639,0.6740120649337769,241664.0,0.06820161640644073,0.16875392198562622,0.985107421875,0.048411689698696136,0.5,0.50244140625,1024.0,1024.0,0.8190583735704422,4.0,0.980224609375,1180.0,-0.021761626208899543,429.0,1000.0,-6.140171398222447,1.0,1.9001735733589158,0.982666015625,118.0,0.2,297.49573040999996,37.128039136337236
0.0003,0.093701171875,0.010425868444144726,0.6723759174346924,243712.0,0.07302048988640308,4.902941703796387,0.974365234375,0.07744478806853294,0.5,0.5072021484375,1024.0,1024.0,0.20187467336654663,4.0,0.9599609375,1190.0,-0.016427159649902025,420.0,1000.0,-6.118078571557999,1.0,19.849263481423257,0.9671630859375,119.0,0.2,303.78319831,36.61773156452173
0.0003,0.164453125,0.01928059570491314,0.6703017950057983,245760.0,0.05676448717713356,0.8509501218795776,0.971923828125,0.05194426514208317,0.5,0.491943359375,1024.0,1024.0,0.8209772557020187,5.0,0.988037109375,1200.0,-0.02795427993114572,406.0,1000.0,-6.104058054089546,1.0,3.226052629528567,0.97998046875,120.0,0.2,311.64221044999994,39.37939237523299
0.0003,0.18125,0.016584331169724464,0.666206419467926,247808.0,0.10655917413532734,4.6597065925598145,0.96533203125,0.08096739370375872,0.5,0.489501953125,1024.0,1024.0,0.8903057649731636,4.0,0.986328125,1210.0,-0.02520922794356011,414.0,1000.0,-6.0761013850569725,1.0,7.970926279202104,0.975830078125,121.0,0.2,317.40404657999994,40.392867263480255
0.0003,0.180859375,0.019786536693572998,0.6624791026115417,249856.0,0.04509958531707525,1.5029850006103516,0.9619140625,0.053274151869118214,0.5,0.4820556640625,1024.0,1024.0,0.910654716193676,4.0,0.997802734375,1220.0,-0.020752855407772587,422.0,1000.0,-6.03970153182745,1.0,3.9371407277416437,0.9798583984375,122.0,0.2,318.6202829,41.67208158838548
0.0003,0.231396484375,0.023741740733385086,0.6609491109848022,251904.0,0.04355674050748348,0.23774796724319458,0.971923828125,0.04930361080914736,0.5,0.488037109375,1024.0,1024.0,0.8230672627687454,4.0,0.995849609375,1230.0,-0.024941622724873012,436.0,1000.0,-6.015860965847969,1.0,2.8450941966846583,0.98388671875,123.0,0.2,322.11904979,43.13528406533155
0.0003,0.2572265625,0.028303362429142,0.654888391494751,253952.0,0.04382281098514795,0.09932100772857666,0.9814453125,0.03569021029397845,0.5,0.4932861328125,1024.0,1024.0,0.6671883761882782,4.0,0.994873046875,1240.0,-0.03805931385431904,440.0,1000.0,-5.984295961260796,1.0,1.6634405904449523,0.9881591796875,124.0,0.2,322.95302106,42.13407721553867
0.0003,0.314453125,0.03371712565422058,0.6579747200012207,256000.0,0.05277012102305889,-0.0031516142189502716,0.984619140625,0.030701249837875366,0.5,0.4957275390625,1024.0,1024.0,0.8487196862697601,4.0,0.9931640625,1250.0,-0.04108387244341429,440.0,1000.0,-5.980388331413269,1.0,0.22827509633498266,0.9888916015625,125.0,0.2,322.01247368,40.88849782970622
0.0003,0.21162109375,0.02525249496102333,0.6542953252792358,258048.0,0.08152534440159798,0.11060059070587158,0.988037109375,0.05178858898580074,0.5,0.5074462890625,1024.0,1024.0,0.8110286146402359,4.0,0.97314453125,1260.0,-0.02844571473542601,443.0,1000.0,-5.966452066600323,1.0,1.1637760149082168,0.9805908203125,126.0,0.2,321.13449569,39.51819236632432
0.0003,0.190673828125,0.01890568807721138,0.6508578658103943,260096.0,0.06531715206801891,0.28685641288757324,0.987060546875,0.03781943395733833,0.5,0.500244140625,1024.0,1024.0,0.8609525114297867,4.0,0.986572265625,1270.0,-0.02396510154940188,433.0,1000.0,-5.933074194192886,1.0,1.5842792060226203,0.98681640625,127.0,0.2,330.61201702,39.831770579771
0.0003,0.2212890625,0.022813592106103897,0.6472866535186768,262144.0,0.0579724945127964,0.09171335399150848,0.976318359375,0.037789346650242805,0.5,0.4923095703125,1024.0,1024.0,0.9419106841087341,4.0,0.99169921875,1280.0,-0.03223755073850043,423.0,1000.0,-5.90267773270607,1.0,0.4835024761967361,0.9840087890625,128.0,0.2,329.17641879999996,40.8893632977497
0.0003,0.222607421875,0.020785341039299965,0.6450310945510864,264192.0,0.04407436866313219,0.43548497557640076,0.97900390625,0.030441621784120798,0.5,0.4906005859375,1024.0,1024.0,0.873783141374588,5.0,0.997802734375,1290.0,-0.029185451607918366,406.0,1000.0,-5.875807654857636,1.0,0.6302982668858021,0.9884033203125,129.0,0.2,324.65757950999995,40.706583704420936
0.0003,0.212841796875,0.023185405880212784,0.6400370597839355,266240.0,0.06784183718264103,0.046786099672317505,0.982421875,0.0411071814596653,0.5,0.49609375,1024.0,1024.0,0.8829375356435776,5.0,0.990234375,1300.0,-0.029758965707151218,406.0,1000.0,-5.8396132156252865,1.0,0.6077460288535803,0.986328125,130.0,0.2,326.66248356,40.00806807895638
0.0003,0.230615234375,0.023369720205664635,0.6372057795524597,268288.0,0.045939063653349876,0.05050878971815109,0.988037109375,0.024383837822824717,0.5,0.4945068359375,1024.0,1024.0,0.8801159039139748,4.0,0.9990234375,1310.0,-0.03270731012162287,418.0,1000.0,-5.8019182831048965,1.0,0.6366967906942591,0.9935302734375,131.0,0.2,323.71676814,39.608122039522364
0.0003,0.2501953125,0.026699628680944443,0.6344574689865112,270336.0,0.07377929612994194,0.11719644069671631,0.98681640625,0.04809736832976341,0.5,0.5028076171875,1024.0,1024.0,0.8655295372009277,4.0,0.981201171875,1320.0,-0.03730442840314936,436.0,1000.0,-5.775399143993854,1.0,1.1760945672169327,0.9840087890625,132.0,0.2,324.84581710000003,38.67210564138469
0.0003,0.2498046875,0.02480943500995636,0.6305631399154663,272384.0,0.06010669656097889,0.06879936903715134,0.988525390625,0.0291961831972003,0.5,0.494873046875,1024.0,1024.0,0.831668883562088,4.0,0.998779296875,1330.0,-0.034837657754542305,445.0,1000.0,-5.7447764977812765,1.0,0.42895888560451567,0.99365234375,133.0,0.2,327.09676954,38.85449864167924
0.0003,0.185791015625,0.02255675569176674,0.6281071901321411,274432.0,0.05533220898360014,0.09735377132892609,0.985595703125,0.03635205142199993,0.5,0.49755859375,1024.0,1024.0,0.8595257997512817,4.0,0.990478515625,1340.0,-0.03413439840369392,441.0,1000.0,-5.718477565050125,1.0,0.9531134950695559,0.988037109375,134.0,0.2,327.0370341,39.11556403484823
0.0003,0.24521484375,0.02633499726653099,0.6298961639404297,276480.0,0.055905211716890335,0.18481621146202087,0.989990234375,0.029433834366500378,0.5,0.4981689453125,1024.0,1024.0,0.8971893861889839,4.0,0.99365234375,1350.0,-0.036370214459020646,441.0,1000.0,-5.712088961899281,1.0,0.5522683122893796,0.9918212890625,135.0,0.2,315.9168785300001,38.97416424129967
0.0003,0.21494140625,0.022771690040826797,0.628307044506073,278528.0,0.0710288230329752,0.13299532234668732,0.985107421875,0.04626221861690283,0.5,0.498291015625,1024.0,1024.0,0.7039900124073029,4.0,0.988525390625,1360.0,-0.033115360705414786,441.0,1000.0,-5.707979340851307,1.0,0.9138907965272665,0.98681640625,136.0,0.2,315.27626993000007,38.631165276238015
0.0003,0.2888671875,0.028629396110773087,0.6229172348976135,280576.0,0.07116525992751122,0.10781978070735931,0.982421875,0.037987456656992435,0.5,0.494384765625,1024.0,1024.0,0.8896371275186539,4.0,0.99365234375,1370.0,-0.03670681999938097,433.0,1000.0,-5.669436557590961,1.0,0.2321788845118135,0.988037109375,137.0,0.2,313.71526001000007,38.55406811118089
0.0003,0.199755859375,0.022296246141195297,0.6170746684074402,282624.0,0.049498255364596844,0.0894400030374527,0.976318359375,0.03856475371867418,0.5,0.4937744140625,1024.0,1024.0,0.8951044082641602,4.0,0.98876953125,1380.0,-0.02800181208876893,418.0,1000.0,-5.619728115200997,1.0,0.4054430146235973,0.9825439453125,138.0,0.2,315.80778749999996,38.954088145602014
0.0003,0.260595703125,0.02468312531709671,0.6141070127487183,284672.0,0.0509625943377614,-0.015319190919399261,0.9755859375,0.032509803771972656,0.5,0.4886474609375,1024.0,1024.0,0.9254348799586296,4.0,0.998291015625,1390.0,-0.03471143050410319,410.0,1000.0,-5.5781111612915995,1.0,0.18263601554208436,0.9869384765625,139.0,0.2,319.95535495999997,38.9585133159493
0.0003,0.23232421875,0.02525794506072998,0.6098595857620239,286720.0,0.06163096986711025,0.1444595903158188,0.984619140625,0.03925395384430885,0.5,0.50048828125,1024.0,1024.0,0.9117928594350815,4.0,0.983642578125,1400.0,-0.03158602948824409,418.0,1000.0,-5.537181168794632,1.0,0.3143243784317747,0.984130859375,140.0,0.2,313.17427362999996,39.35722805958489
0.0003,0.2205078125,0.021489199250936508,0.6064621806144714,288768.0,0.06376105267554522,0.15952228009700775,0.982421875,0.03896883595734835,0.5,0.4952392578125,1024.0,1024.0,0.8825531676411629,4.0,0.991943359375,1410.0,-0.03131670227157883,429.0,1000.0,-5.499434666335583,1.0,0.4107324500917457,0.9871826171875,141.0,0.2,315.86777118000003,38.84085032590588
0.0003,0.209423828125,0.021580837666988373,0.6053051352500916,290816.0,0.047530099749565125,0.11229947954416275,0.978515625,0.03240225510671735,0.5,0.49267578125,1024.0,1024.0,0.8890464305877686,4.0,0.9931640625,1420.0,-0.028926153991778846,431.0,1000.0,-5.4818867444992065,1.0,0.29554673008969984,0.98583984375,142.0,0.2,311.42321195,38.776149793695424
0.0003,0.20732421875,0.01957031711935997,0.6004500389099121,292864.0,0.06377420760691166,-0.01438160240650177,0.97900390625,0.040478527545928955,0.5,0.494384765625,1024.0,1024.0,0.9641280435025692,4.0,0.990234375,1430.0,-0.030803917383309454,442.0,1000.0,-5.450645568966865,1.0,0.34489516911562534,0.984619140625,143.0,0.2,314.74258006,38.57310531850092
0.0003,0.201025390625,0.019305482506752014,0.5978617072105408,294912.0,0.06990430131554604,0.3246615529060364,0.97998046875,0.039902957156300545,0.5,0.4937744140625,1024.0,1024.0,0.939631812274456,4.0,0.992431640625,1440.0,-0.03466825378127396,445.0,1000.0,-5.410569135844708,1.0,0.6722700749523938,0.9862060546875,144.0,0.2,319.45091026,38.92033283574583
0.0003,0.2357421875,0.02518371306359768,0.5966047048568726,296960.0,0.05585534684360027,0.010934438556432724,0.981689453125,0.034208576194942,0.5,0.4937744140625,1024.0,1024.0,0.9523472636938095,4.0,0.994140625,1450.0,-0.0321525784151163,442.0,1000.0,-5.387618526816368,1.0,0.19664229943882675,0.9879150390625,145.0,0.2,310.29778282999996,39.47483538310334
0.0003,0.202294921875,0.03112015873193741,0.5936472415924072,299008.0,0.05348969344049692,-0.017817452549934387,0.974365234375,0.038895122706890106,0.5,0.490234375,1024.0,1024.0,0.8938224539160728,4.0,0.993896484375,1460.0,-0.026685028136125766,433.0,1000.0,-5.3701193407177925,1.0,0.24993766224361025,0.984130859375,146.0,0.2,322.79394859999996,38.59052864694731
