#{"t_start": 1657269984.7378955, "env_id": "Walker2d-v2"}
return,length,time
2.908504,23,37.469223
-2.151543,17,37.566999
1.841026,22,37.678026
4.547996,18,37.764959
-2.687709,15,37.840629
-0.110485,25,37.964958
-8.187039,21,38.088892
1.579906,18,38.193316
1.173012,10,38.244854
4.317039,17,38.334083
4.87045,39,38.531794
17.593695,47,38.768421
-0.104226,22,38.94697
-3.600471,14,39.073449
-4.68783,8,39.147397
-1.254058,10,39.238126
2.820002,14,39.338595
-4.882879,26,39.524091
-7.524455,28,39.696346
-5.097283,10,39.759187
1.57102,14,39.845463
2.841579,19,39.970399
1.650671,21,40.097772
17.004309,44,40.3968
-5.571716,13,40.494044
-2.801982,10,40.574483
-1.114735,11,40.666769
1.728243,28,40.83157
-0.003182,26,40.974429
-0.809798,44,41.255229
-8.084682,16,41.340573
-1.644413,19,41.445587
-5.15728,35,41.625493
-3.034306,13,41.694884
-2.414932,15,41.76769
1.455928,11,41.823824
-1.120064,12,41.882792
-0.038391,11,41.938598
-2.496523,15,42.017909
-10.432218,16,42.091374
2.701673,18,42.17657
0.770508,19,42.301659
-2.173441,17,42.407043
10.899889,26,42.575222
-0.587868,10,42.639485
2.548757,17,42.742831
-2.573607,12,42.813545
-2.065473,10,42.880772
-1.839746,12,42.95699
-1.249065,26,43.11569
-5.371766,9,43.179335
-0.327046,16,43.278195
-4.957099,13,56.174618
-0.079239,28,56.326206
-4.628267,25,56.489834
0.850071,22,56.627688
3.743903,25,56.766391
-6.733972,12,56.795103
-0.909505,13,56.842683
-3.421932,25,56.978327
-1.320832,11,57.035959
-4.568502,7,57.078856
1.167105,14,57.144688
5.63613,27,57.26245
-4.32573,21,57.370438
2.278655,18,57.453223
-3.916224,11,57.509682
-1.575335,17,57.598702
-10.576952,18,57.691798
-7.864351,21,57.820363
2.108006,11,57.871165
-1.21734,13,57.939871
-0.447975,24,58.064774
1.687091,17,58.149472
0.11652,12,58.212299
1.24048,29,58.386583
2.22217,19,58.486932
0.403147,12,58.538933
-4.630964,8,58.580669
-5.176763,14,58.647039
-2.956509,9,58.694749
-4.185984,22,58.83196
2.185483,16,58.912872
-4.404729,15,58.993992
-3.468234,14,59.094236
-3.284269,9,59.161057
2.322668,20,59.287949
-4.493961,14,59.370385
-0.388409,18,59.473821
-2.617491,18,59.57395
3.434436,20,59.694617
-0.567561,24,59.814651
-6.802462,23,59.969472
-1.162162,11,60.034004
1.682797,17,60.109474
0.899197,19,60.197633
-1.618896,21,60.319356
11.890088,36,60.529502
-3.023632,7,60.578797
-2.691269,10,60.658566
-2.430518,10,60.726716
-6.130616,31,60.946302
-5.212239,13,61.017792
2.608492,19,61.135192
-4.394199,9,61.181151
-6.820371,9,61.240756
-5.793772,13,61.311445
-2.521943,13,61.380034
-3.279177,8,61.419875
1.671544,15,61.50222
-2.451024,9,61.555123
4.914762,21,61.684936
-5.734272,10,61.794025
16.677832,31,63.933874
1.496396,18,64.053064
-0.608131,14,64.140496
1.186759,13,64.221915
-14.048015,17,64.332819
-4.73253,12,64.402739
-3.858996,9,64.459516
1.659135,14,64.549149
-5.290473,23,64.660082
-6.912821,16,64.740652
-1.791294,15,64.811702
-0.28649,11,64.871348
-1.080245,14,64.948527
7.978518,26,65.074972
-6.149389,22,65.185942
2.726039,25,65.312598
-7.299449,13,65.382994
-3.709161,17,65.466955
-6.809595,12,65.529985
-3.594245,10,65.58635
0.93783,16,65.674343
-2.916164,10,65.732258
3.067407,19,65.837956
2.79026,19,65.93258
0.589428,15,66.011358
0.647354,18,66.128407
-6.714314,9,66.185715
-4.537766,7,66.222785
0.511592,10,66.283131
-6.900904,14,66.373377
-2.206395,13,66.433125
-10.082206,16,66.517649
-0.642514,11,66.570446
-5.895866,18,66.669959
-6.842834,18,66.765357
-4.570878,14,66.830074
-1.998245,16,66.920384
-4.778011,8,66.96068
-2.70697,10,67.007811
-2.010871,14,67.06806
-6.712453,11,67.150973
-5.857144,11,67.218602
-11.670509,21,67.343448
-4.319197,14,67.423321
-6.951495,7,67.467014
-2.52091,13,67.542522
-3.383404,18,67.643559
-5.39079,22,67.772295
-5.39758,9,67.822611
-6.110657,21,67.94089
-0.440197,9,67.999528
-3.5457,10,68.054425
2.194581,16,68.149598
-4.025408,11,68.214354
6.582597,20,68.324763
1.148992,19,68.414221
-3.359827,10,68.471707
2.469359,21,68.577666
-4.910081,15,68.664714
-2.127647,11,68.723622
-2.921302,8,68.766606
-3.464911,8,68.815006
1.519698,11,68.874036
4.164221,16,68.984107
-1.864125,9,69.052199
-2.796158,11,69.121595
1.475793,16,69.246767
-9.392273,17,69.352537
10.322671,37,71.46004
6.560908,17,71.564143
-4.232383,6,71.59624
-1.147463,14,71.677722
-0.640937,19,71.780542
-1.458797,14,71.863002
-2.701994,10,71.915942
-1.618104,11,71.971318
3.986228,20,72.063703
-2.70198,10,72.119045
-0.533894,12,72.176193
-2.836237,7,72.21579
0.917923,13,72.311167
-5.381948,11,72.394263
-5.734752,18,72.480417
-8.79815,11,72.540455
-5.986181,8,72.583235
-7.337261,19,72.664906
-2.625658,29,72.81621
-9.403688,22,72.918535
-7.959968,21,73.019254
-9.24132,20,73.11963
-8.843669,23,73.234537
-9.664428,15,73.338846
-9.191182,16,73.435839
-0.653548,26,73.549923
-2.563631,10,73.602655
-7.031875,10,73.65698
-8.971831,16,73.748657
-4.037318,9,73.80083
-0.756892,11,73.866014
-4.738874,12,73.939829
1.807979,11,74.006902
-3.566334,14,74.086861
3.069287,35,74.269249
-3.580146,14,74.36767
-2.268787,9,74.424751
4.540648,16,74.496857
-0.979218,19,74.604278
-7.97995,24,74.731473
-6.039284,23,74.839327
-4.87508,24,74.975042
-5.283918,9,75.028568
-1.663272,9,75.083189
1.853657,12,75.146689
-6.582376,11,75.194049
4.692035,36,75.364279
-0.700942,15,75.451669
-7.634757,19,75.535852
0.441225,11,75.587605
-2.735816,11,75.64206
-3.031065,11,75.711201
-2.522676,10,75.765636
-0.698975,21,75.867555
-0.995536,29,76.020556
-5.308205,20,76.109931
-9.32335,13,76.182901
-4.922324,10,76.240362
-2.118432,10,76.302398
2.520817,26,76.464045
3.148995,15,76.546321
10.960578,28,78.34435
-9.699066,16,78.435734
-2.148876,15,78.551469
-1.214665,10,78.635286
-2.50423,9,78.70622
-4.023121,8,78.754524
1.00842,13,78.848644
-4.19694,13,78.937033
1.555552,20,79.085684
2.519955,17,79.186966
0.051849,20,79.316226
-11.27959,14,79.399727
-0.098265,10,79.442972
-2.708591,10,79.488298
3.484652,16,79.604382
-3.089707,24,79.743367
-0.873441,12,79.798206
-4.15494,17,79.893011
-2.957644,12,79.9542
-5.602304,12,80.011616
-3.167743,19,80.100868
-7.868992,17,80.176058
-8.74248,20,80.278655
-6.327969,11,80.344701
-3.832405,10,80.402997
-4.97235,9,80.459547
-4.468305,21,80.59254
3.121176,15,80.662863
-8.003208,18,80.74623
-15.618662,18,80.83083
-4.38568,10,80.882699
-5.257652,19,80.97585
-1.723414,11,81.034552
-1.851444,10,81.075823
-4.118523,27,81.20004
-6.981007,22,81.304872
1.151087,24,81.448424
-5.907546,12,81.518443
-2.379116,13,81.608029
-3.481138,13,81.671457
1.396808,13,81.741841
-4.125911,7,81.780411
-0.451988,10,81.82509
-1.842812,11,81.88434
-3.161269,21,82.010335
-3.924732,18,82.094409
-5.131521,24,82.220976
-2.220721,12,82.286356
-2.596125,9,82.348596
-11.236646,23,82.474905
-4.952933,22,82.592392
-7.202659,23,82.722661
-0.463474,25,82.864818
-5.322729,16,82.958143
-3.382202,10,83.016647
-4.438712,12,83.094455
2.619594,19,83.200756
-4.594587,7,83.238843
-4.787773,7,83.273599
-4.016681,20,83.406501
-11.261207,20,83.544747
1.900292,16,83.639112
-5.441861,10,83.709106
-5.119753,11,83.76058
-2.884273,11,83.815456
1.474352,14,83.883472
-5.08489,8,83.927819
-6.135391,9,83.972264
1.420167,18,90.550535
-7.805741,18,90.635188
-3.464543,9,90.679559
-10.466228,25,90.800268
-1.833675,16,90.87444
0.15002,15,90.972063
-2.366816,24,91.105506
3.078077,31,91.250689
-4.682364,21,91.361286
-3.453414,9,91.40921
-2.20645,9,91.453801
-1.22783,12,91.528161
0.342974,13,91.609204
-1.085257,11,91.665213
-0.932314,16,91.746749
-6.20744,17,91.83267
-7.634066,14,91.901993
-0.242762,30,92.070642
-0.918783,11,92.141957
-10.042119,19,92.243909
-0.414774,13,92.312064
1.424714,12,92.37951
-2.253488,9,92.442422
3.661919,25,92.59508
-5.900646,11,92.663682
-1.159339,13,92.749717
2.299968,12,92.822733
-2.480121,8,92.865076
-10.157696,17,92.942079
-3.211055,10,93.010049
-8.237418,13,93.075289
-1.408937,9,93.13277
-6.84122,22,93.267414
-5.192214,20,93.388279
-2.356001,14,93.474499
-1.603622,14,93.549087
-2.744288,18,93.635362
1.054523,12,93.68982
-6.709309,14,93.7541
-2.351569,7,93.790544
-2.943164,11,93.849541
-6.36053,21,93.945099
-6.767999,24,94.073864
0.147538,18,94.176108
0.611798,11,94.240826
-4.527582,7,94.28043
-11.282817,19,94.373739
-2.391149,12,94.441397
-1.598798,18,94.537781
-2.123431,14,94.595569
1.80649,13,94.666437
0.220332,12,94.724504
-0.957784,19,94.809307
1.580803,11,94.851536
-1.782368,11,94.894782
-9.201091,15,94.966658
-9.399652,16,95.045545
-10.329389,18,95.139528
-5.714686,9,95.194834
-6.570013,11,95.25976
-5.913552,21,95.377639
-6.199392,25,95.488834
-2.993261,17,95.582714
-11.521991,19,95.676669
-3.551138,28,97.524727
-2.48889,11,97.580075
-2.968093,7,97.616447
-2.376351,12,97.674314
-1.835021,14,97.736084
-2.990142,10,97.782014
-2.914874,21,97.874506
5.989188,28,97.995352
-5.80762,8,98.041498
-8.348705,19,98.119376
-12.078461,17,98.200545
-8.568367,22,98.325415
-8.093437,19,98.420118
-6.673117,21,98.532701
-4.117608,7,98.581462
-2.730107,8,98.621342
3.31333,26,98.760526
-8.534328,20,98.855355
-5.427288,13,98.92662
-4.075675,8,98.965819
-6.028491,12,99.034955
-6.767656,15,99.108232
-5.364115,9,99.150313
-3.458933,24,99.286423
2.988594,29,99.436745
-10.527746,15,99.501998
-2.921059,13,99.572479
-1.070487,10,99.615077
-5.112299,26,99.739483
-4.25717,8,99.780564
-7.278228,21,99.884511
-8.438679,17,99.968592
-0.065332,10,100.022768
-6.121298,18,100.114465
0.82067,11,100.175454
-10.540367,10,100.248072
-3.165658,25,100.384323
-0.649592,9,100.43364
-0.835154,9,100.496228
-2.82052,19,100.591262
-6.246832,15,100.660314
-10.991345,13,100.724742
-5.016292,13,100.786808
-1.060358,9,100.839844
-3.262913,10,100.890142
-0.27644,13,100.958568
-9.201774,17,101.047656
-1.142499,20,101.139602
-2.392626,9,101.193459
-0.037119,19,101.295185
-2.028264,9,101.336626
5.673108,16,101.407731
-5.631209,10,101.460402
-5.021314,10,101.501136
-6.950838,20,101.592782
-3.214921,25,101.69942
-9.271024,19,101.780477
-6.568042,24,101.883579
-6.5851,25,101.991694
-1.529087,8,102.028863
-0.399648,17,102.117447
-4.38224,13,102.193729
-5.975711,9,102.24435
-3.919169,14,102.35417
-0.813923,29,102.48227
-5.954562,22,104.300239
-10.37242,19,104.38549
-2.350408,8,104.420832
-1.035973,13,104.486707
-10.197386,19,104.570809
-1.053233,9,104.615099
-2.217433,10,104.665682
-2.014415,25,104.776538
-9.197826,20,104.885042
-0.076446,14,104.982422
-9.556094,18,105.093786
-2.869147,19,105.18243
-10.765425,17,105.262269
-7.942096,12,105.32384
-8.217791,19,105.424948
-2.398967,10,105.470962
-6.667102,23,105.609076
-4.912642,7,105.652928
-7.278218,14,105.735611
-3.652498,8,105.792691
-5.741604,22,105.912035
-3.58178,11,105.963259
-8.812574,11,106.02831
-0.187451,22,106.148408
-3.095229,25,106.280063
-3.947297,17,106.371007
-5.998755,17,106.489794
-3.68343,10,106.542362
-9.311698,22,106.663745
-2.185177,24,106.799609
-6.159216,13,106.864109
-5.821449,11,106.933278
-1.490855,10,106.988945
-4.042899,10,107.039071
-6.382936,10,107.105056
-6.757659,20,107.210011
-4.375112,26,107.332656
-6.877631,20,107.429824
-4.856534,17,107.509184
-3.008923,11,107.559646
-6.798924,21,107.649365
-5.105059,21,107.728468
-7.654037,17,107.807028
-4.40583,13,107.86786
-10.291663,15,107.950833
2.529767,25,108.089466
-1.336456,21,108.195982
-3.009158,7,108.241685
-1.82362,14,108.312222
-5.925856,16,108.406276
-8.925011,18,108.521461
-8.907354,12,108.58292
-4.543991,7,108.633639
-6.125842,9,108.686059
-5.985722,11,108.741045
-0.603736,11,108.816084
-2.577174,11,108.876744
-2.115607,22,109.045207
-13.148652,16,109.146718
-3.211996,10,109.197811
-1.039119,10,109.264258
-11.886501,18,109.38082
-8.437931,22,109.518272
-1.821146,32,111.498156
-9.442069,19,111.635315
-3.553567,10,111.694437
-9.189881,20,111.796632
-7.939032,15,111.878422
-4.061142,21,111.989863
-1.660031,22,112.098064
-0.153344,16,112.185182
-5.652782,14,112.264552
-1.480404,12,112.337397
-8.089241,12,112.41106
-6.203571,22,112.531055
-10.336289,22,112.701926
-2.680121,11,112.76127
-1.681533,10,112.817778
-1.972984,19,112.916552
2.537876,28,113.062738
-4.049117,10,113.109409
-12.177002,21,113.220274
-7.668849,27,113.353639
0.926883,13,113.418931
-11.701748,18,113.512439
-3.973487,11,113.573392
-3.055408,9,113.624817
-3.060189,11,113.706325
-1.769931,29,113.859358
-7.333054,9,113.904323
-3.513051,9,113.943919
3.765348,24,114.064877
-6.332603,14,114.157738
-5.433472,14,114.247938
-7.792954,9,114.308726
-1.575756,21,114.42807
-7.806271,16,114.505307
-5.205923,20,114.605309
-3.674033,10,114.661785
-7.045624,21,114.754183
-7.221383,19,114.833129
-9.478627,17,114.926358
-11.161737,16,115.013698
-6.849209,9,115.058717
-2.868257,9,115.104318
-3.810627,12,115.183187
-3.649329,8,115.219094
-10.065696,19,115.330153
1.213654,25,115.475944
-2.161819,8,115.529822
-6.019062,14,115.622403
-7.069584,20,115.72343
-1.230872,13,115.793351
-4.131549,12,115.870732
-6.540936,23,116.007932
0.872886,24,116.168882
-8.207332,9,116.230543
1.352947,15,116.316771
-11.237508,19,116.402761
-12.455778,21,116.525781
-9.540246,19,116.650174
-8.089583,21,116.787324
-3.125514,8,116.828799
-2.017297,28,116.984951
-3.971952,19,118.935071
-9.9327,21,119.064828
-3.349543,21,119.190555
-2.697162,15,119.275874
5.048846,25,119.411542
-8.637258,14,119.480564
-2.108559,20,119.579058
-6.272086,19,119.680153
-3.0498,12,119.743361
-0.506305,15,119.815188
-7.596948,9,119.864144
-8.585111,23,119.994524
-4.946103,10,120.062161
-7.14035,8,120.112619
2.390086,37,120.325426
13.546453,38,120.537783
-1.518635,14,120.648481
-5.148459,9,120.722727
-1.546835,20,120.851292
-8.808203,22,121.020734
7.797772,26,121.182984
-6.983549,30,121.361339
-3.534455,19,121.489762
-3.818872,23,121.623454
-7.87137,18,121.736395
-3.851433,10,121.807896
-3.11076,15,121.910401
2.452851,26,122.052596
-4.550203,7,122.09597
-0.863938,23,122.230294
-3.28528,8,122.277905
-1.313078,8,122.32158
-6.093849,17,122.420905
-4.317605,17,122.513719
7.788209,25,122.668693
2.797198,24,122.811382
-1.962443,8,122.872822
-8.911289,20,123.008907
-4.074369,21,123.133596
-1.713051,10,123.186491
-4.949268,8,123.237588
-8.337393,15,123.314439
-6.265265,16,123.393543
7.635838,23,123.507047
-3.97005,7,123.54605
-3.708498,27,123.684564
-11.357057,16,123.769754
-9.859282,23,123.880256
-9.569956,16,123.963395
-1.2882,19,124.094165
-9.72581,18,124.203046
-9.576176,15,124.281786
8.316915,31,124.435558
-9.221972,15,124.505827
-6.335023,22,124.639368
-9.391962,20,129.263942
-10.229926,17,129.366292
-5.940186,23,129.488661
-1.931262,8,129.536968
-4.708294,10,129.587436
1.799754,24,129.720955
-3.250055,26,129.854468
-11.604202,20,129.948254
-2.453945,43,130.160515
-6.252717,28,130.384859
-9.109791,18,130.50917
0.655909,48,130.791194
-8.199239,27,130.920757
-4.654714,24,131.031888
-9.413642,26,131.153695
-13.218237,19,131.238557
-4.08629,21,131.346846
2.652832,28,131.461817
-10.067649,19,131.563763
-14.200366,15,131.644399
-8.762421,19,131.74383
-5.860033,26,131.874691
-2.347573,29,132.03619
-4.020542,7,132.079962
-8.064359,12,132.14717
-7.232907,16,132.235512
-2.511823,13,132.307164
-3.31329,32,132.476037
-0.78481,50,132.714029
-2.544116,13,132.788476
7.579686,31,132.9545
-6.129577,22,133.057127
-0.095977,15,133.134513
-5.313319,10,133.191299
-11.328595,15,133.273036
8.306018,37,133.4771
-7.061571,18,133.582439
-9.505811,20,133.699664
-2.81552,27,133.870826
-6.996995,19,133.966782
-4.08249,14,134.053834
-7.35912,18,134.170653
-5.581143,7,134.21011
-7.220989,19,134.31029
-7.155459,21,134.421578
-7.671655,25,134.551825
-8.381492,20,136.468332
-11.642759,20,136.582781
-3.254118,9,136.631062
-11.250595,18,136.723183
-6.799037,22,136.858701
-7.216701,23,136.968788
-10.974936,21,137.086586
-5.40834,20,137.216687
-3.923187,16,137.336007
-6.675911,22,137.47352
-2.357918,21,137.59093
1.819396,23,137.693965
-4.15055,18,137.775947
-5.751351,16,137.854048
1.91031,18,137.941859
-8.991646,11,137.994672
-1.013007,10,138.046186
-6.615686,22,138.152938
11.704812,21,138.283243
-8.221748,22,138.387708
-3.213374,8,138.424117
-7.8253,22,138.542931
-4.480267,12,138.593459
-6.277785,9,138.641419
-6.554837,9,138.683244
-6.282391,12,138.75081
-4.060919,19,138.838093
-8.262206,17,138.934819
-5.783365,17,139.017219
30.179428,116,139.635019
-2.783329,22,139.766917
-0.627414,27,139.915415
-0.927163,31,140.067917
-8.315647,19,140.156495
-5.195083,26,140.290617
-3.293944,23,140.412926
16.843429,40,140.651094
-8.680279,15,140.729902
-10.0979,18,140.855253
-1.121609,21,140.989696
3.299963,18,141.133608
0.052409,26,141.334492
-2.435244,9,141.392161
-9.083071,18,141.525254
-3.707059,8,141.581474
-3.403877,20,141.752979
-8.026165,18,141.856939
-5.177107,22,141.985421
-7.129091,25,144.269824
3.246299,21,144.391768
-5.206587,24,144.536458
18.252754,42,144.774166
-8.795669,22,144.878
5.364204,23,145.033932
-4.655815,7,145.08924
-0.844657,26,145.24363
-2.904707,10,145.307501
-4.582652,26,145.464468
-2.001999,23,145.590497
-6.618507,10,145.639934
-7.165343,18,145.765398
2.749588,33,145.989024
-8.097631,17,146.082762
-7.157958,19,146.192257
-8.07237,26,146.355004
-10.974055,24,146.491401
-2.917062,45,146.756309
-3.454911,21,146.885866
-6.838542,22,147.017224
6.483598,23,147.166734
-4.851269,8,147.214655
-9.311451,16,147.31227
1.275538,27,147.478626
-8.432378,14,147.563602
7.550039,29,147.767721
-6.738275,19,147.902649
-0.675861,11,147.962052
-7.043492,17,148.053714
-9.884369,16,148.144709
-2.92891,27,148.294785
-6.417836,18,148.393048
-7.167442,11,148.456444
6.091964,25,148.598928
-3.711588,36,148.796847
-7.011254,30,148.970393
-7.955573,24,149.097183
-6.256219,18,149.212698
-2.468762,15,149.294455
-2.951301,24,149.428484
-2.204509,9,149.493277
-10.025718,22,149.655674
-0.385131,41,149.936162
-4.638113,8,149.991193
-0.413603,32,150.159843
-6.039654,19,152.434811
-2.346861,9,152.485813
-3.584247,9,152.554868
14.750703,41,152.832073
-3.615411,22,152.974062
-7.235872,30,153.15457
-0.797794,12,153.22763
-4.092909,38,153.439711
-5.331413,24,153.578878
-0.843824,22,153.704843
-6.302139,24,153.865633
-4.200882,32,154.105345
-8.630474,17,154.226364
-3.99056,11,154.295351
-8.199044,23,154.417011
-1.541871,12,154.496996
-4.455658,9,154.565145
-7.059994,18,154.677777
-8.219882,20,154.793135
-7.867938,16,154.892806
-7.08543,26,155.078006
-0.602627,39,155.305386
-13.218869,19,155.413749
3.786043,40,155.638417
1.356133,25,155.785164
-7.296505,24,155.925058
-11.357392,22,156.066412
-5.104806,23,156.216904
-10.271827,20,156.323261
-6.600742,19,156.441347
2.51764,26,156.578157
-0.758945,37,156.806739
-6.893399,18,156.912843
-4.356165,29,157.088801
14.176563,34,157.359247
2.161233,16,157.467601
-6.323212,17,157.575182
-6.307492,8,157.623397
1.231622,44,157.851386
-2.141986,19,157.958301
-5.106798,21,158.06958
-12.474042,16,158.152267
-8.450956,17,158.257578
-4.365228,9,158.32143
-0.92584,9,158.383309
3.885008,30,158.547001
-11.785614,16,160.477793
-6.628585,19,160.588014
46.295598,59,160.912015
6.740451,64,161.312459
-6.395269,73,161.789171
-5.995117,11,161.862603
-4.09656,34,162.086471
-12.999529,25,162.228764
13.368939,65,162.602791
6.479016,30,162.770084
-4.513147,32,162.943566
4.413514,55,163.30525
27.987959,46,163.611745
7.065113,29,163.785936
-0.747248,18,163.909332
-5.546403,50,164.170686
0.783442,25,164.300874
-1.288318,81,164.789878
-7.732872,17,164.893423
-7.741061,53,165.19837
-8.433384,18,165.308413
8.09162,34,165.503134
-8.309696,23,165.640673
51.800457,83,166.063663
-5.73043,30,166.238731
-6.020729,15,173.253564
6.220069,33,173.448353
3.812459,34,173.621181
-5.024233,16,173.695724
-1.381997,10,173.759858
-0.578122,38,173.990875
-0.25607,20,174.127967
-6.066244,25,174.254473
-4.629007,12,174.320401
-24.617086,114,174.943208
-13.501727,21,175.048508
-7.505478,22,175.178156
-7.183067,16,175.279832
4.035491,22,175.428143
-0.650564,22,175.570587
-5.471286,28,175.731705
-6.010097,19,175.846651
-8.776427,16,175.935296
92.461852,73,176.292043
0.685253,35,176.448227
-3.39661,42,176.678812
-1.593485,14,176.761039
4.026732,45,177.011862
-11.035021,24,177.131941
-4.478662,19,177.247228
-7.258974,26,177.394329
0.77927,26,177.521646
-2.801958,8,177.567458
-2.453718,26,177.702029
-3.242087,34,177.886246
0.902828,20,178.007696
-10.10911,23,178.125819
-10.105178,23,178.270807
1.141904,29,178.441288
-0.549483,27,178.586319
-1.47981,25,178.719947
-3.746813,10,178.770611
3.493093,34,180.847682
0.898293,25,181.002866
-6.914523,25,181.114952
-8.412086,23,181.248542
-7.207153,19,181.361223
-4.594804,40,181.605579
-2.838327,21,181.707607
-2.614654,20,181.815514
5.715004,48,182.095261
-0.837679,25,182.278812
-8.509704,17,182.386013
-5.778511,21,182.523911
-4.150498,34,182.748226
4.721775,34,182.913861
-4.704939,33,183.08134
-3.583001,22,183.205047
-7.716703,17,183.290801
-4.731872,20,183.39816
-8.128121,18,183.488732
-5.822201,44,183.723038
0.973949,24,183.834083
5.912221,27,183.956244
-3.964037,27,184.105779
-1.636291,33,184.265708
-6.273924,19,184.365041
-3.024027,19,184.471763
-7.84142,17,184.580238
-9.046792,16,184.661799
-4.131989,10,184.71102
-4.539413,20,184.826817
-9.423181,17,184.907888
1.777516,30,185.05276
0.228666,26,185.178357
-8.239802,80,185.584014
-2.184494,46,185.806048
-6.375793,19,185.906038
-3.762929,8,185.942316
-2.94902,35,187.990299
-3.798169,37,188.184071
4.627925,36,188.267703
-3.547304,16,188.334408
-19.268993,84,188.8078
0.19428,32,188.990299
-3.263058,22,189.12989
-9.543481,18,189.214236
-9.729468,20,189.342642
3.86866,56,189.643731
-8.83998,16,189.729271
-4.209543,22,189.857651
-10.735343,17,189.949446
3.188157,43,190.216271
-2.263595,26,190.391085
4.804188,37,190.572576
-5.414278,20,190.70941
3.302705,54,191.01
-4.666901,18,191.107329
-11.153216,21,191.231031
34.073038,181,192.292583
1.105129,57,192.607981
-8.908538,8,192.656089
-5.660943,24,192.789284
60.65376,113,193.353038
-4.862003,21,195.302649
-10.842503,15,195.38823
14.771705,59,195.699159
-10.013912,24,195.847937
-12.567625,18,195.965688
-6.283304,26,196.105793
-9.929117,16,196.205491
14.517382,137,197.011822
-7.455878,38,197.249298
-7.163766,61,197.670706
-5.710491,17,197.764848
-7.453553,25,197.895325
-6.222732,23,198.014749
4.542527,61,198.302836
-0.934878,52,198.542968
-6.017593,23,198.691171
-8.563618,17,198.79762
-2.263069,34,199.014898
-4.669134,23,199.197073
-6.228021,8,199.261279
-5.66978,52,199.572835
-4.950404,33,199.773849
-10.36531,42,200.033033
16.304789,49,200.310109
-0.293113,27,200.455485
-9.925021,20,200.561431
-0.88546,53,200.858672
-6.502047,25,200.995651
303.145764,206,203.939202
-9.644607,23,204.087832
-15.691895,63,204.431488
9.971342,96,204.98492
-10.08785,32,205.124413
-8.63519,24,205.265723
-8.160972,21,205.390716
5.499391,45,205.658733
-7.643433,17,205.756496
-2.457625,29,205.93667
13.961951,64,206.260782
-20.521504,77,206.697488
-8.92677,23,206.80896
-5.019889,8,206.845541
22.306268,126,207.540293
-6.234446,28,207.701264
-6.31566,20,207.817854
-7.502953,28,207.980255
-6.909261,22,208.10821
8.96557,47,208.409405
-5.611395,20,215.245919
-11.319985,20,215.366579
-5.595769,24,215.66187
5.290397,29,215.896462
-7.356648,19,216.046951
-5.736233,20,216.211927
-8.148376,16,216.382088
-9.717859,16,216.55966
-4.609289,31,216.876312
-4.592075,23,217.122307
-12.026883,94,218.089345
17.752849,88,219.14859
-8.000899,22,219.480697
-8.998248,19,219.676246
7.248532,31,220.028599
-5.414932,19,220.262394
-2.98198,25,220.498714
-5.496741,21,220.639687
-5.989462,9,220.741219
13.469562,32,221.052855
-9.121122,95,222.018628
-2.18265,28,222.250958
-5.020436,19,222.458792
-11.538059,17,222.63326
0.220301,28,222.881627
-6.754239,45,223.36042
-1.907174,28,223.664051
15.164075,183,228.189002
-5.921361,36,228.407862
-2.137798,12,228.48648
-9.548452,25,228.620097
-9.609625,33,228.772001
-4.457438,31,228.915314
14.983728,74,229.396664
-7.043184,7,229.446548
-9.229264,25,229.588468
-6.504919,29,229.7472
-7.474098,62,230.089697
-2.897979,32,230.257525
-5.11587,19,230.348097
11.010833,72,230.767641
39.355775,94,231.295799
47.908301,109,231.833442
-6.487478,33,232.009902
100.055827,111,232.634782
-9.253805,23,232.784222
-6.148338,23,232.931056
-3.645425,26,233.071675
7.518901,69,233.405423
-6.486641,16,233.488892
-1.351806,13,233.550825
-10.92644,71,235.728233
-14.193851,93,236.238245
2.199662,80,236.69321
16.506819,70,237.092015
-12.186648,22,237.28284
-11.754234,18,237.409817
3.386582,42,237.709694
4.616083,32,237.918506
-11.532727,19,238.028891
15.577105,52,238.354239
9.305178,35,238.605614
-8.094193,31,238.846939
-10.897262,34,239.043793
-11.068398,21,239.168898
5.123362,84,239.672395
6.915269,55,239.968445
-12.212662,21,240.070829
-0.635935,55,240.388505
15.650027,85,240.849583
-6.163168,20,240.958798
-2.326341,36,241.146603
-8.073836,33,241.359428
-4.758816,7,241.397502
2.5326,36,243.355048
1.918866,101,243.899614
-5.501569,30,244.072978
-1.690658,87,244.55985
-6.640358,67,244.938636
-4.283119,33,245.107792
3.134758,27,245.242764
-6.006159,59,245.545773
7.597416,57,245.878085
-12.33966,21,246.017682
-8.282497,76,246.507554
3.275139,71,246.894885
-2.768801,35,247.146266
-1.833408,25,247.336212
6.973866,75,247.793705
-13.551131,56,248.135686
-10.480656,55,248.493275
-5.015884,18,248.623208
-12.440455,96,251.03737
14.307787,83,251.470735
-5.945317,42,251.672826
-10.579116,21,251.797106
-1.037674,79,252.205298
-5.060162,25,252.352963
-9.754493,25,252.484629
3.675572,25,252.622786
-9.004626,21,252.768144
-1.773932,50,253.08641
-9.464373,21,253.224908
10.388626,40,253.493953
-0.255469,21,253.637375
-3.660062,23,253.786059
-13.782973,61,254.145556
-6.390395,33,254.29575
1.448577,30,254.444352
4.360074,24,254.55606
-1.062785,86,255.047972
-2.819406,24,255.173202
-6.042071,45,255.378699
-17.596269,87,255.79921
-14.753827,96,256.305514
-6.526676,26,262.828336
-0.401904,64,263.114864
-1.306469,74,263.450212
-4.851616,49,263.706193
-7.245357,19,263.819956
222.014541,209,265.006704
-8.905718,25,265.15705
12.543296,82,265.575344
-13.569703,80,265.964785
-0.723128,28,266.122173
-10.554815,26,266.275607
-1.596358,29,266.434222
-23.200485,103,266.938901
2.991919,81,267.409174
31.533655,142,269.989815
-4.964704,37,270.213302
-1.742914,25,270.374578
-6.243174,24,270.506976
-8.93028,27,270.67274
10.034799,36,270.880313
-5.042072,18,271.005994
-10.851966,81,271.551039
-7.40231,19,271.662599
18.386163,75,272.138574
1.076005,62,272.531472
-22.274045,86,273.044528
-5.600614,21,273.187347
-10.434822,38,273.52536
-1.053376,43,273.791938
-15.332482,111,274.360531
-2.716019,22,274.489073
6.179092,35,274.676157
1.124568,31,274.848814
-5.687398,21,274.9689
-5.007843,9,275.021384
-6.903165,27,275.178379
-11.38801,25,275.322424
-8.77223,22,275.446113
-1.270667,47,275.733751
-7.722702,72,278.041488
-2.894006,23,278.188195
-5.432737,43,278.436103
-9.738658,36,278.718302
1.660559,45,278.96532
30.353315,69,279.348896
3.961276,34,279.534366
-7.130311,53,279.81302
-1.207207,24,279.936473
-11.033132,73,280.331735
-5.461662,71,280.744514
-8.560761,77,281.207625
-10.436366,54,281.505687
5.318502,85,282.038309
-4.459875,19,282.125151
-4.470965,26,282.250527
-18.438416,128,282.864625
-3.463034,79,283.252933
-5.162181,63,285.493248
-11.407253,78,285.982912
-12.901389,116,286.591625
-8.423067,83,287.053607
0.149614,52,287.362607
-25.991707,83,287.834014
-8.59128,64,288.18069
-5.884991,89,288.589448
-5.826462,115,289.247793
3.47567,69,289.614724
-9.965948,79,290.048526
-16.773171,74,290.404594
-8.654454,46,290.663165
2.126309,132,293.219785
-8.081744,26,293.381678
-5.883693,20,293.481644
-4.58812,81,293.891821
-9.609965,36,294.096135
52.083561,159,295.00913
1.644608,86,295.507776
8.672832,55,295.835926
-8.814865,61,296.155705
-4.094513,29,296.301268
-6.182355,66,296.641343
-30.848326,81,297.076136
-5.084628,43,297.369748
-13.891894,73,297.786706
-26.541653,99,304.377402
-6.898958,64,304.767735
5.906676,59,305.063112
-0.649919,113,305.656165
-4.777427,63,306.014051
-8.578467,59,306.335966
7.533826,69,306.734662
-6.124309,57,307.062206
-5.980047,23,307.223174
-1.905875,33,307.414836
161.886726,157,308.218493
-4.142102,10,308.271669
10.414498,105,308.839929
-6.856226,35,309.042277
-6.691888,24,309.202307
-5.864523,54,309.532018
-32.926759,82,311.727909
-10.908391,20,311.832892
-8.504108,15,311.908349
-0.621999,53,312.148059
-42.008965,108,312.732282
182.853842,169,313.626277
-3.397001,47,313.870485
67.490822,201,314.954736
51.413348,302,316.362749
-10.259197,137,318.833031
0.626786,70,319.313096
-6.102287,40,319.546211
3.503259,46,319.826209
244.967623,229,321.171308
-4.404339,39,321.395463
-16.643421,149,322.059654
-0.351882,61,322.414518
-50.222095,104,322.938782
6.222327,56,323.250253
-1.43633,57,323.612858
11.204032,60,325.858717
297.750633,461,328.496697
-41.789515,114,329.114502
-10.53287,19,329.215777
-7.153071,61,329.516476
10.926079,57,329.853101
66.669488,186,330.915082
-19.692028,125,333.40225
-6.976447,69,333.77687
0.510105,35,333.959266
-9.046269,74,334.441536
-1.617764,48,334.745668
198.481069,154,335.499091
-48.366316,208,336.66954
-23.651252,89,337.168597
-8.381348,41,337.383593
-4.499237,27,337.532664
-5.054736,25,337.718793
-2.442592,47,337.976531
0.614589,47,338.232796
-4.034817,44,338.494571
-17.336616,88,348.010535
9.769158,134,348.653644
-1.207577,124,349.266356
-4.673949,20,349.366262
217.387818,155,350.19988
-42.073428,163,351.034174
-3.221989,58,351.385397
-9.211436,30,351.575809
18.038202,105,352.119684
290.020328,164,352.846477
-11.472458,89,355.122448
-9.80817,25,355.294018
-6.670373,70,355.67269
-26.368468,100,356.179913
464.506994,381,358.327942
17.221977,58,358.649717
-30.945247,90,359.128347
-8.652691,43,359.392271
-31.539957,101,359.877442
-2.182631,45,360.105139
4.522209,111,362.555064
-4.82201,18,362.652108
-23.832562,142,363.336576
10.672951,65,363.692712
-19.804862,99,364.276326
8.209761,55,364.539527
615.215213,576,369.199084
315.557893,198,370.226875
0.255658,47,370.470517
-8.93098,72,370.823538
10.523297,77,371.228908
-1.888094,41,371.447535
-4.922859,46,371.703655
5.23316,49,371.97504
-22.13935,108,372.54679
10.993937,117,373.292643
401.566737,552,377.810567
-11.976192,65,378.134279
-3.56977,51,378.397999
-6.092884,138,379.066335
-5.353151,136,379.777336
-6.937689,90,380.304024
-2.827196,48,380.565404
-1.754123,43,380.765656
1.24516,52,381.013957
-4.426742,13,381.082182
-28.005365,88,393.404171
229.882143,196,394.417036
-6.134342,25,394.565376
-6.709048,87,395.010829
0.965651,41,395.221474
7.789035,71,395.569037
-22.258596,118,396.12657
-7.565058,21,396.233742
223.921145,178,397.097899
-30.281256,103,397.698404
-26.097105,87,400.008802
-22.129005,113,400.550057
9.756021,46,400.860395
20.793347,70,401.207981
-1.607509,51,401.452699
14.448405,218,402.664024
268.347183,274,404.194985
199.912663,127,404.826166
5.716135,54,405.08931
990.167562,1000,412.243067
4.409346,123,414.569616
280.465316,437,416.850724
263.79504,347,418.924008
895.700855,853,425.971667
-17.533542,89,426.466925
-33.455341,152,427.435599
298.508729,345,443.233408
-2.631291,23,443.354128
0.809052,42,443.612536
15.340928,102,444.191309
12.379166,47,444.45857
323.051389,201,445.606173
13.569074,55,445.853429
7.170073,48,446.083472
13.856376,51,446.352549
291.010432,168,448.964179
-9.312426,26,449.134423
-0.175609,41,449.395914
290.928178,554,452.384004
1.055606,50,452.685835
30.650175,129,453.317901
643.062884,476,457.548741
-3.801374,47,457.767313
6.744398,136,458.470444
857.415922,833,464.654726
-9.491989,28,464.796861
123.359044,235,465.994536
774.201077,566,470.757067
7.83428,52,471.001663
254.38542,232,472.194185
5.783394,77,472.642679
216.6304,143,473.380812
248.67768,176,474.205062
447.91832,412,497.554884
364.533619,299,499.173646
204.922021,161,500.056872
-11.489151,198,501.075163
594.089705,562,506.196924
393.779718,255,507.885755
395.063059,423,512.297759
265.544051,212,513.486468
332.560463,220,514.694425
170.477658,147,515.580593
364.447979,538,521.013661
238.235553,435,523.666782
323.138643,340,527.898026
190.575891,138,528.615037
-2.226193,56,528.921758
436.248029,312,530.555796
5.136623,51,530.913718
4.454731,52,531.199908
18.990454,91,531.60637
305.73475,263,596.065149
264.053695,350,597.926766
352.552229,279,599.268422
287.915006,176,600.208361
415.078735,284,603.439812
319.743167,274,605.209999
4.971797,53,605.480079
241.443932,174,606.364583
297.196841,383,608.397438
312.738613,609,613.656846
290.236305,210,614.940336
611.270662,671,620.229637
522.459815,451,622.587112
-2.721202,51,622.844371
483.980055,375,626.488534
478.504054,374,628.504573
-5.190371,66,628.880811
552.060887,403,730.058052
-64.570664,149,730.900331
324.500361,357,732.779665
-24.316531,132,733.476831
364.750302,352,737.268337
8.380964,41,737.531515
-1.181317,52,737.824905
385.061406,240,739.128108
18.068906,70,739.516682
182.416837,160,740.313883
372.294059,408,744.232208
317.457167,234,745.564001
218.609135,144,746.260634
3.585543,46,746.523484
369.731137,212,747.601948
233.656796,195,748.56364
1.842244,40,750.554506
182.909328,113,751.14482
247.422639,164,751.934304
567.658112,715,757.331303
434.553272,268,758.79624
325.917651,229,760.007993
364.60763,227,761.256474
255.399112,181,762.190219
211.410416,193,804.79206
261.825172,205,805.915416
524.008442,316,807.692464
451.125345,424,811.79474
436.118122,297,813.442942
293.948034,284,814.98808
304.099927,186,816.227051
349.941897,256,819.788392
389.371486,305,821.729242
374.212881,224,823.171498
-0.569419,78,823.734216
190.798486,173,824.901307
218.938765,188,828.180183
360.604393,226,829.633731
246.819186,262,831.273235
388.962017,248,832.815845
260.858807,147,833.716401
141.273737,132,836.637737
296.112623,181,837.628252
292.013734,166,838.448319
5.171686,60,838.769055
280.060598,166,839.677585
38.133062,199,840.63408
257.405354,184,865.312397
225.59793,136,865.959208
267.733251,192,866.949281
271.908379,178,867.923941
303.507553,178,868.813955
384.091394,204,869.922714
131.908131,137,872.432558
218.236822,138,873.187938
191.388825,250,874.545478
465.824115,331,876.322184
302.598608,235,877.538123
257.307474,157,880.164212
159.770076,141,880.857842
230.811261,159,881.67341
69.151687,261,883.040616
170.143239,138,883.784772
164.347183,154,886.666141
225.882182,161,887.520698
61.382284,313,889.206642
287.339555,172,890.119192
227.338069,148,890.895152
224.276456,218,893.797867
520.232591,471,896.457723
229.825214,173,897.364204
278.575895,165,898.112224
154.736131,111,898.61472
1.615695,48,898.885052
312.6175,194,946.504253
4.941968,42,946.719902
312.698351,227,947.877136
215.976643,160,948.664172
234.251115,161,949.460783
508.30795,392,953.399267
262.493282,193,954.392795
167.49697,121,955.010401
391.740657,251,956.402914
259.502195,207,957.48228
315.676731,190,960.373392
294.10832,176,961.328534
239.281546,148,962.067773
223.862524,197,963.029672
188.581662,121,963.631156
264.701194,149,964.402173
253.321209,156,966.949275
348.904971,193,967.887723
413.130678,297,969.382568
365.479121,222,970.568312
240.016274,179,971.504782
306.848369,188,974.692808
298.294242,218,975.80604
281.985967,155,976.55337
501.151117,633,1022.416354
255.005081,166,1023.396086
397.076702,277,1025.083493
251.19847,158,1026.159994
525.321841,392,1030.098454
273.631639,175,1031.002306
170.353956,120,1031.632488
234.703631,153,1032.476663
237.448556,180,1033.438761
202.699522,145,1034.173007
5.377246,42,1034.415745
364.551818,223,1037.451044
222.161387,155,1038.342572
277.721183,180,1039.388977
262.791537,165,1040.44808
277.524295,173,1041.421086
176.816847,98,1041.966911
1.604427,54,1043.994015
91.629655,244,1045.223053
148.636937,172,1046.184684
188.55137,157,1047.05786
158.531496,109,1047.689785
359.214526,191,1048.895696
127.146884,417,1052.973501
367.295174,189,1053.839639
138.830393,151,1054.564001
307.81759,223,1055.767578
219.214721,146,1264.239721
293.895736,215,1266.900626
328.109359,209,1269.550914
314.963033,210,1272.1708
169.147188,157,1274.320864
181.849435,187,1276.736135
382.759421,255,1284.145239
276.437182,240,1287.130363
242.221497,147,1289.023173
260.383838,176,1291.227466
294.099626,214,1297.976949
318.542129,219,1300.912628
8.120066,44,1301.524594
379.66977,303,1305.726689
202.222902,161,1308.22986
176.586035,127,1310.234189
266.106667,194,1317.167401
4.575296,45,1317.791739
437.308606,397,1323.417009
200.039088,129,1324.854429
167.35394,165,1326.887461
286.196435,135,1328.715498
349.597691,228,1335.674238
361.958342,230,1338.568592
253.119544,166,1340.739001
471.488032,299,1345.190738
192.144591,141,1748.387292
243.776391,144,1751.971637
296.249134,219,1756.868806
209.813591,168,1760.500824
164.794949,101,1762.742072
309.772001,223,1767.516831
303.274143,191,1778.55883
259.719147,150,1781.896671
239.772517,167,1785.656707
253.485614,303,1792.445107
347.285305,209,1797.396542
286.578817,227,1808.477718
343.100699,242,1814.003545
265.391388,170,1817.989681
431.817976,297,1825.412515
303.519479,177,1829.665973
8.893044,324,1843.044
344.54196,215,1847.932055
231.216242,148,1851.505446
180.648597,159,1855.029714
149.966095,146,1858.561027
355.562842,241,1870.013074
243.846761,170,1873.863186
243.940126,145,1877.411734
245.657756,173,1881.661072
259.190241,203,1886.226028
394.723016,296,2298.779955
386.822277,251,2303.806964
167.380124,148,2306.900352
262.340493,182,2310.520694
338.395577,196,2314.900715
3.522642,146,2323.573755
246.309614,167,2327.067965
185.002799,185,2330.826184
241.711173,180,2334.647144
264.011221,169,2338.088393
183.227174,125,2340.841541
310.112179,161,2349.507078
255.805311,163,2352.896684
254.129543,157,2356.24186
320.304414,195,2360.435574
384.948354,246,2365.548018
253.82451,176,2375.664859
336.585044,176,2379.547385
412.993234,311,2386.694673
313.038515,226,2391.641746
144.625032,132,2394.752884
260.591206,164,2404.518034
351.116249,215,2409.173517
256.479234,172,2412.75122
337.667966,255,2417.987568
297.750868,202,2422.383488
367.447808,242,2591.298232
257.93328,164,2594.725963
388.294006,258,2600.426779
334.572169,218,2605.255337
229.085728,132,2607.952654
351.258837,221,2618.245928
368.099862,235,2623.152603
224.777198,126,2626.143218
281.73458,173,2629.984274
241.861146,147,2633.017026
191.634464,131,2636.00477
226.349067,140,2644.477267
252.072589,148,2647.49385
286.228479,184,2651.592001
465.892489,395,2660.089606
290.217392,187,2669.458266
256.38523,155,2672.506443
185.356116,141,2675.938068
149.677375,107,2678.142457
112.944554,88,2679.85478
275.116072,157,2683.278405
288.256857,160,2686.73432
96.647173,109,2689.253057
237.425009,141,2697.797682
198.135849,147,2701.153302
202.69409,163,2704.811644
247.225814,172,2708.536151
204.238162,152,2711.87453
303.194153,217,2716.497536
220.135425,154,2819.596552
205.981842,134,2822.218694
247.862134,151,2825.480662
359.439008,232,2830.478824
343.11299,241,2835.232725
299.795476,167,2838.817443
152.163598,118,2846.835271
272.815339,194,2850.607863
303.438692,213,2854.924914
263.373958,175,2858.367394
219.436907,163,2861.554701
175.540595,203,2871.122185
289.321002,155,2874.491159
295.884649,183,2878.227785
156.693334,101,2880.268812
274.544399,181,2884.293025
377.918714,208,2888.636068
250.777435,168,2897.729985
246.758622,148,2900.793931
292.050088,141,2903.689769
458.176906,264,2909.371972
285.621177,172,2912.914514
271.169392,172,2916.504612
2.078313,202,2926.4339
338.763704,178,2930.133924
193.534511,152,2932.901277
251.415133,165,2936.143002
170.513279,163,2939.60829
253.022746,147,2942.618634
261.864286,208,3030.029799
255.492685,160,3033.254737
255.825773,145,3036.159604
161.88144,133,3038.8139
313.445222,186,3042.826846
265.075269,144,3045.628857
272.014599,173,3054.431066
313.280131,200,3058.408874
216.75655,148,3061.367312
197.232167,143,3064.53001
308.883784,204,3069.145437
246.857917,156,3072.287817
199.043517,106,3079.917055
311.192609,180,3083.756742
216.387307,136,3086.369912
154.746367,98,3088.407972
238.971383,220,3093.060277
333.13548,200,3097.039293
262.62786,153,3105.780565
238.218926,153,3108.774439
252.774226,148,3111.610547
286.813359,158,3114.553871
374.554175,398,3123.156802
278.537212,174,3132.173063
232.505514,138,3135.116575
225.505539,135,3137.822949
227.496956,131,3140.31309
239.796036,137,3142.767608
269.390396,154,3146.05646
286.757378,177,3149.760165
286.983043,176,3236.026514
302.327946,223,3240.880828
282.839761,154,3244.332818
283.63808,166,3247.694894
221.086891,143,3250.502802
328.453498,180,3259.657866
267.876134,156,3262.718095
174.326687,109,3264.720748
381.994746,213,3268.854692
260.061393,203,3272.823749
306.158098,179,3276.498691
274.496945,165,3285.041896
143.825655,95,3287.017848
245.466811,148,3290.125832
262.281069,137,3293.072957
263.785003,159,3296.787698
207.234875,132,3299.769021
300.050219,218,3304.377607
306.83318,188,3313.670663
298.291488,175,3317.404041
298.71928,164,3320.567947
241.11607,145,3323.678313
239.327855,132,3326.180169
251.587281,159,3329.335237
330.712166,196,3341.24572
238.102516,145,3346.69735
273.319886,242,3352.822797
275.560193,163,3356.151316
209.808229,142,3359.111271
259.80234,153,3362.332474
338.259577,185,3449.054127
283.571745,170,3452.371852
263.271756,173,3456.081938
357.884569,252,3461.417986
253.371092,154,3464.523718
34.693895,242,3474.440595
349.078574,266,3479.827734
214.056265,138,3482.565688
205.668736,130,3485.072288
318.110744,197,3489.011306
157.459597,122,3491.407882
315.381741,188,3500.680691
185.717844,148,3503.650175
249.081728,157,3506.765443
312.227941,198,3510.785323
277.350445,179,3514.401851
306.084954,209,3523.801465
288.631181,168,3527.072681
295.015825,151,3530.123838
245.548605,126,3532.730345
215.649573,156,3535.877885
361.405875,227,3540.374792
243.042811,156,3548.622485
224.605362,177,3551.849003
278.390445,157,3555.081432
340.433892,221,3559.611443
251.286469,147,3562.490474
235.219776,154,3565.637847
259.764074,185,3651.588099
197.845394,142,3654.319145
238.545213,144,3657.285758
322.750661,202,3661.60516
266.039337,158,3664.587077
245.988612,138,3667.27453
313.773241,173,3675.966413
305.539632,184,3679.64364
265.154409,156,3682.987053
345.631483,347,3690.090011
345.999212,219,3694.541275
310.658682,276,3705.647404
282.882388,176,3709.028145
355.890357,229,3713.451099
121.251917,121,3715.705891
148.658952,109,3717.766905
253.794576,139,3720.362564
146.008559,104,3728.020587
367.408054,194,3731.948414
251.176321,135,3734.514476
141.609407,101,3736.405441
299.508747,181,3739.960028
263.060068,151,3742.758924
303.621106,189,3751.979865
198.308885,115,3754.200651
151.547765,102,3756.087674
209.807189,133,3758.757778
256.370609,166,3762.328587
248.224335,140,3765.267843
383.80951,300,3771.338805
292.818832,160,3852.910647
297.335775,212,3856.987492
281.845536,192,3860.875677
341.662171,215,3864.951525
270.343186,170,3868.016964
182.352071,107,3875.337727
287.583888,209,3879.489748
254.265862,144,3882.313825
322.828699,176,3885.692318
148.049201,132,3888.156206
270.332137,165,3891.315266
244.083748,131,3893.704602
227.667855,129,3901.385874
289.344097,232,3905.960582
235.164383,136,3908.572932
326.020184,281,3913.98184
310.954523,203,3917.956995
193.26023,192,3927.675316
291.236787,174,3931.771848
282.680322,212,3939.409532
166.801648,187,3946.051427
218.114219,136,3949.020566
281.033883,185,3957.764519
235.634269,145,3960.68304
303.399744,183,3964.35425
170.132743,113,3966.532585
317.948268,168,3969.837817
201.020074,128,3972.175663
310.41904,182,3975.624963
214.107793,126,4042.265601
244.426334,152,4045.716139
-18.778843,214,4050.422414
-37.151608,210,4054.781147
226.517711,190,4058.698826
209.692744,193,4068.749851
255.498283,144,4071.876031
374.328957,226,4076.753789
228.127513,130,4079.545961
203.774998,137,4082.361622
283.024174,179,4085.906424
169.63926,111,4088.022415
208.004173,125,4096.206772
175.444185,104,4098.266899
313.85258,206,4102.358878
325.546632,267,4107.74378
254.304327,230,4112.439658
318.391739,245,4122.992519
300.919157,167,4126.399414
206.879214,170,4129.762913
198.960803,133,4132.333692
217.86092,132,4134.654925
291.177928,285,4145.5516
310.515481,220,4149.54197
171.01469,146,4152.086417
152.133288,143,4154.833319
296.225328,220,4158.958977
252.558339,152,4162.041841
215.350333,140,4229.294379
296.008853,182,4232.815735
209.961913,118,4235.036592
228.756806,174,4238.309242
411.325986,286,4243.536529
219.233549,134,4246.063254
258.029279,221,4255.44609
203.112962,159,4258.446093
177.803513,115,4260.575347
372.396991,291,4265.824709
5.998829,223,4269.968385
321.314452,175,4278.448503
285.093792,141,4280.862851
292.059303,239,4285.522394
258.339,158,4288.578604
175.901092,124,4290.914371
348.271286,224,4300.44329
264.612642,164,4303.778988
196.701423,123,4306.082432
214.572998,156,4309.480168
273.796607,191,4313.379582
268.669936,151,4316.276746
309.944695,178,4325.860875
215.415538,146,4328.904815
396.258563,246,4333.979491
213.065917,119,4336.430934
268.232652,159,4339.863806
265.752315,157,4343.191153
319.229448,155,4346.424122
248.306214,173,4418.779473
260.449983,135,4421.512869
237.106322,146,4424.617705
169.344675,130,4427.16152
181.957109,146,4430.34021
216.616036,161,4433.795557
211.891782,149,4442.545839
227.586694,135,4445.229292
303.524348,171,4448.537704
224.78891,142,4451.314943
210.600568,139,4454.409888
252.93949,246,4460.034631
179.922316,122,4462.489865
274.774513,156,4471.898277
222.411188,127,4474.709799
315.3139,176,4478.487782
314.29137,168,4481.941377
258.019348,144,4484.790276
267.942366,169,4488.214702
319.649709,177,4497.206189
324.22721,218,4501.985935
329.0401,187,4506.311354
258.920116,152,4509.908255
345.743601,215,4515.144775
294.62127,153,4524.337808
230.913225,122,4527.10761
303.781459,216,4533.104622
292.287146,175,4540.438996
332.541441,253,4548.62706
315.51654,182,4553.10302
397.582174,228,4636.887793
283.648098,171,4641.047369
255.431319,180,4645.389345
273.28285,159,4649.359128
291.554685,172,4653.730381
225.736885,172,4663.64803
220.814134,119,4666.387408
251.562702,150,4669.966721
298.674989,190,4674.05441
232.27584,178,4678.039874
190.405399,128,4681.225914
212.44806,123,4684.066388
355.328028,212,4695.339211
289.792248,161,4698.900563
206.59351,117,4701.441751
208.132623,127,4704.039133
185.128684,131,4707.07213
397.367131,218,4711.913396
286.42208,184,4722.238007
326.493686,171,4725.907641
323.258424,188,4730.347435
293.991102,192,4734.673889
387.480495,262,4740.572873
285.10154,156,4750.531621
238.140982,135,4753.72221
231.498278,208,4758.620412
179.102078,112,4761.117601
284.450418,162,4764.632136
329.892872,190,4769.072841
293.21811,161,4851.541887
281.650652,159,4854.975317
144.839437,124,4857.603718
250.83727,166,4861.08717
273.028536,169,4864.87037
308.351972,191,4869.163203
162.796543,126,4871.912169
13.676911,175,4881.735883
305.520387,160,4885.297092
485.651082,271,4891.076566
361.322886,193,4895.066178
322.435193,209,4899.992768
192.64104,121,4908.778219
193.868389,160,4912.451031
294.778645,172,4916.501402
170.654918,123,4919.092244
246.068115,151,4922.457614
380.518527,222,4927.536182
214.597456,137,4936.131392
163.809861,106,4938.577833
166.427532,110,4941.262622
255.994093,138,4944.434205
273.20893,190,4949.057885
134.211981,106,4951.683365
240.290328,161,4955.637459
401.099415,231,4966.865227
162.69461,107,4969.522006
177.586152,111,4972.243664
127.649745,109,4974.731803
26.355759,127,4977.782024
347.767137,226,4983.408846
345.47303,196,4988.099813
186.376834,122,5062.09452
243.336124,157,5065.711642
265.014147,147,5069.134262
237.755296,148,5072.506625
177.449134,120,5075.276786
222.264107,126,5078.153348
215.927308,134,5081.376155
196.312959,118,5090.378
263.980683,151,5093.819095
322.205442,156,5097.655749
216.102065,140,5100.754296
263.899479,138,5103.904845
298.22566,154,5107.50882
297.25577,218,5119.362251
335.262678,209,5125.565722
284.467576,184,5133.264166
278.011325,170,5139.013298
269.217325,150,5142.477852
253.539456,145,5146.056916
205.25148,136,5149.321814
202.524626,119,5157.874398
150.267305,109,5160.216716
204.139631,127,5163.527628
160.83201,96,5165.696695
159.970372,102,5168.058702
248.830278,149,5171.770131
284.749446,146,5175.313814
166.191072,103,5177.840684
266.405313,142,5187.209184
224.471169,131,5190.288682
270.388518,150,5193.610789
235.467109,132,5196.435117
257.658877,175,5200.333809
256.039789,156,5203.990415
271.938474,152,5207.426417
365.176688,191,5287.022643
268.886208,142,5290.283523
184.493974,124,5293.113744
197.04497,130,5295.926699
324.911579,183,5300.226794
243.987011,157,5303.980715
262.177994,140,5313.747521
206.699907,118,5316.684774
179.58309,129,5319.35195
153.123461,107,5321.913172
285.344325,156,5325.27338
201.080286,108,5327.61775
322.525254,192,5332.066641
250.459446,182,5342.033809
161.771959,131,5345.113483
302.860071,164,5348.906295
271.807894,153,5352.502743
188.738323,135,5355.498261
146.728949,104,5357.898405
160.564174,117,5360.525419
235.413593,176,5370.192003
183.545204,137,5373.350795
160.749441,106,5375.884841
356.256211,238,5381.821741
-19.294878,133,5385.012975
167.808006,111,5387.421917
220.936842,135,5390.367344
289.268553,152,5399.27564
138.480255,127,5402.257706
195.346405,130,5405.158459
298.549043,170,5409.311975
246.604642,147,5412.714937
285.052825,159,5416.256624
197.744289,141,5419.511784
396.436094,404,5509.160906
166.264492,130,5511.894492
251.20946,147,5515.367373
297.215056,142,5518.519051
369.219463,196,5523.150683
221.037124,126,5531.884915
236.186371,133,5534.739865
290.738772,164,5538.103377
454.469202,267,5543.711873
335.564495,175,5547.358737
332.546434,184,5551.023157
353.37755,210,5561.065184
210.58034,137,5563.845145
147.126959,136,5566.803928
177.875682,118,5569.667975
259.083968,134,5572.899894
248.373646,172,5576.777794
172.037194,113,5579.228884
283.04129,149,5588.669075
258.848788,142,5591.985553
297.064851,158,5595.563161
153.52359,109,5598.218827
289.07226,167,5602.033313
392.505116,256,5607.839197
353.398165,181,5617.486202
169.134766,120,5620.249288
176.341128,105,5622.809511
229.076903,137,5625.842039
119.015018,110,5628.254685
350.037413,198,5632.458019
199.351276,123,5635.174671
218.794662,130,5722.47708
333.614389,174,5726.9836
285.348091,190,5731.195411
262.050465,162,5734.864742
148.426948,104,5736.811446
164.469697,116,5739.299092
206.700151,138,5742.408486
335.746641,178,5751.846941
291.452891,167,5755.742017
218.444315,184,5759.799084
257.394875,133,5762.787773
497.272405,250,5768.191032
260.721725,145,5777.453331
280.510765,211,5782.720773
300.139455,170,5786.514733
390.230423,210,5791.354534
262.582658,154,5794.833874
326.191492,194,5798.916494
498.428699,556,5817.038169
210.879261,112,5819.605229
141.567322,111,5821.980193
295.74435,208,5826.760558
298.578612,169,5836.315989
171.497246,97,5838.41093
351.873006,176,5842.357455
234.093817,130,5845.332854
195.804557,168,5849.231799
258.698633,159,5852.876372
257.332136,141,5856.067806
170.050396,103,5933.664343
193.481368,122,5936.439523
208.597641,129,5939.356316
250.417962,144,5942.574788
198.157668,119,5945.245757
208.763979,125,5948.227593
242.340512,144,5951.36025
141.428446,101,5953.498251
224.269781,142,5962.320423
156.419131,108,5964.618551
247.521593,150,5967.857903
292.187495,198,5972.568898
185.746926,133,5976.079169
325.601445,200,5981.117769
244.345756,127,5990.081517
371.150126,201,5994.397719
417.623513,260,6000.567548
143.299342,119,6003.557493
191.234665,117,6006.823087
216.179559,120,6009.663314
231.035554,130,6012.575439
337.755589,225,6023.523039
158.297155,110,6025.956451
464.990896,228,6030.953335
328.145133,182,6035.228196
170.722107,116,6037.905324
153.095796,96,6040.312765
179.293963,109,6049.219788
212.303815,131,6052.239737
226.643978,148,6055.750837
292.905942,176,6059.497002
289.887263,159,6063.554872
305.464786,161,6067.620675
310.447571,188,6157.341302
386.027896,217,6162.188752
167.568889,118,6164.858726
227.105626,150,6168.308271
147.282442,125,6171.412159
187.495902,115,6174.161631
229.937258,173,6178.352817
311.227126,162,6188.190754
218.710902,129,6191.218591
388.166721,187,6195.925307
248.568804,139,6199.39284
391.911181,211,6204.6756
442.583219,249,6210.520099
334.317394,177,6220.610025
348.163394,153,6224.164471
321.1731,168,6228.537564
217.548922,139,6231.771883
352.663092,235,6237.816926
305.52507,168,6247.904807
310.93995,209,6252.77978
156.580749,105,6255.373837
317.403183,175,6259.682416
212.780343,142,6263.275538
306.621751,154,6266.966353
232.044718,159,6270.769586
267.293788,179,6281.398743
367.002355,188,6285.526402
237.835768,138,6288.723845
168.825925,114,6291.33535
178.781897,110,6293.865256
235.96181,144,6297.389153
452.812685,269,6360.796718
243.715385,164,6362.077408
237.412229,145,6363.140886
219.348898,125,6364.118919
470.94967,250,6365.83472
316.207841,161,6366.900414
477.970991,214,6371.099609
232.803351,124,6372.092007
224.98241,157,6373.219971
215.057561,131,6374.06979
352.641229,204,6375.803839
231.631365,150,6376.915534
351.387596,194,6380.866648
261.699665,172,6382.327616
203.10705,144,6383.421688
222.164401,131,6384.461769
204.634356,114,6385.592777
259.291759,145,6387.028292
347.215707,205,6391.080775
189.571956,113,6391.838822
455.517417,254,6393.621432
446.286131,271,6395.450663
310.135552,206,6396.825472
159.105403,110,6397.660793
371.476741,184,6401.477698
419.835655,208,6403.069599
320.368207,232,6404.83962
338.097205,185,6406.24051
211.716648,113,6407.125057
217.34516,128,6439.00516
565.083604,279,6441.597928
191.021405,117,6442.3815
277.692514,210,6443.982983
242.795059,153,6445.137676
172.950532,123,6446.059088
286.107463,159,6449.208685
140.100889,98,6449.806732
425.795336,203,6451.351544
613.935309,232,6453.141731
264.097825,142,6454.160837
197.38717,118,6455.084692
