#{"t_start": 1657269984.1763196, "env_id": "Hopper-v2"}
return,length,time
19.139971,32,37.624274
8.586579,14,37.697568
11.132171,15,37.781292
15.229393,23,37.943913
10.24787,22,38.069906
12.082928,35,38.241162
11.348318,13,38.301115
90.282466,65,38.63597
5.836781,29,38.799845
12.172546,19,38.89619
19.321033,19,38.989449
7.144995,9,39.040653
34.509337,27,39.173596
8.977564,11,39.227933
8.013144,24,39.368814
39.353361,32,39.600212
6.392749,9,39.669111
10.84585,22,39.851514
7.013624,9,39.915465
9.263511,14,40.03902
32.917175,37,40.255039
83.095814,47,40.524277
8.133645,15,40.62232
40.382516,32,40.830169
9.886599,14,40.899743
10.24226,19,40.995029
7.063213,11,41.057877
8.555402,10,41.111172
13.891714,18,41.215326
7.218138,9,41.284573
7.995828,12,41.356849
10.045943,13,41.438849
9.478241,16,41.548222
21.171239,24,41.702875
13.240056,14,41.778803
11.886552,18,41.886737
4.613502,9,41.934518
30.484834,35,42.114807
3.666613,7,42.155506
5.926647,8,42.198593
6.205264,9,42.243959
7.848625,11,42.299536
21.546896,41,42.487871
19.292404,37,42.658849
13.63819,17,42.736512
66.455157,40,42.977621
30.041086,31,43.161326
12.752199,26,55.643143
7.953995,14,55.709273
5.085277,12,55.791301
8.749675,15,55.912092
14.500521,15,56.011866
12.320307,17,56.111743
10.851234,21,56.233241
14.743345,22,56.360765
10.09114,20,56.478406
11.576313,21,56.566824
10.319218,15,56.639242
39.382441,46,56.899873
12.543097,18,57.000134
28.938403,25,57.174756
5.652295,9,57.22824
16.162979,17,57.3399
41.816654,33,57.517837
38.163017,34,57.683057
7.508713,10,57.740015
55.84007,37,57.916384
10.205557,25,58.034374
8.624667,17,58.120863
11.314972,13,58.189378
10.060288,27,58.305235
14.654095,20,58.405366
14.485904,15,58.483645
16.977194,16,58.558891
44.807433,40,58.756457
4.73807,10,58.821934
58.207428,52,59.093591
8.065191,16,59.166517
9.357852,21,59.266841
33.071257,30,59.43821
10.791387,26,59.570133
8.860084,11,59.626562
10.937142,19,59.728221
10.556001,19,59.832188
137.811702,81,60.224733
35.459836,30,60.365742
12.652369,15,60.461405
57.028819,38,60.60923
5.815563,16,60.700996
73.242566,44,62.611596
15.662125,21,62.744271
21.173134,28,62.946103
21.138904,18,63.047619
41.108819,31,63.233623
43.24112,47,63.621202
25.055874,27,63.813774
15.583806,23,63.94731
17.311133,18,64.059484
13.695612,18,64.171673
14.029996,16,64.285698
25.124696,24,64.426614
14.394081,17,64.516844
22.258604,32,64.734065
15.624567,18,64.857034
8.237124,11,64.923812
37.460793,37,65.128674
22.663912,26,65.256408
10.377961,38,65.442936
26.601487,24,65.586181
18.919423,26,65.703619
15.672831,24,65.830437
21.921523,29,65.967665
121.741073,89,66.407134
20.48356,17,66.493016
103.123981,66,66.811918
20.5295,20,66.90068
46.714894,37,67.108953
12.704285,16,67.188876
40.359222,34,67.350844
11.888839,13,67.405607
11.055611,13,67.474915
11.261691,13,67.55095
21.45182,21,67.681784
17.245044,23,67.787458
6.629799,11,67.845183
7.477445,11,67.909507
49.294204,44,69.855726
5.609485,13,69.929254
8.502687,25,70.048187
19.623145,20,70.143601
25.070626,24,70.270123
24.809432,26,70.432619
106.578445,69,70.759261
17.879654,23,70.870228
24.837897,23,70.995356
21.600217,21,71.116295
77.881301,46,71.40045
56.874076,34,71.59646
22.788688,25,71.753062
27.402379,37,72.017586
8.790358,11,72.075544
14.501474,27,72.207438
23.809114,21,72.303378
30.516358,34,72.452472
50.63333,48,72.697238
72.334326,50,72.947475
13.104913,17,73.024089
25.235358,22,73.135217
19.997409,28,73.27984
13.310443,28,73.421543
17.418982,33,73.597168
20.992485,31,73.744904
72.975004,45,73.954394
31.017005,25,74.065568
65.270105,47,74.298095
56.055824,35,74.486267
51.719493,38,74.691753
33.209207,29,74.861137
70.885483,44,76.858507
121.190371,66,77.21726
18.09867,34,77.389917
26.557633,33,77.56004
59.846796,44,77.839634
66.149147,43,78.110801
18.031832,19,78.22864
117.826121,77,78.64291
131.992146,73,79.098291
24.76075,29,79.334274
33.356461,30,79.545657
45.589333,53,79.884814
11.156024,18,79.978006
28.865364,29,80.115639
188.424671,107,80.578728
45.4689,49,80.842632
144.34848,79,81.322892
37.357612,31,81.483884
53.957419,47,81.691226
21.53771,20,81.798187
49.531114,33,81.99446
58.747942,48,82.267911
221.337944,137,96.899766
24.192809,23,97.045169
78.805235,51,97.2931
42.584765,34,97.449239
13.11361,21,97.553081
36.458476,30,97.743144
34.981924,34,97.90753
19.602849,25,98.052916
11.130581,17,98.142602
27.451087,25,98.257063
13.972818,18,98.331599
19.612096,20,98.432844
45.144782,37,98.614966
25.089791,23,98.737512
194.818853,86,99.14362
14.693825,17,99.233072
19.948951,28,99.353977
215.582679,96,99.831103
106.210412,66,100.118307
23.74436,26,100.253693
202.98344,102,100.707406
85.782126,57,101.012081
16.379656,16,101.103369
20.423546,20,101.201765
60.218713,41,102.91518
45.20446,37,103.088059
140.861277,73,103.422236
172.393415,86,103.840369
119.486936,78,104.263004
199.231022,100,104.820703
55.888146,48,105.091208
28.936055,30,105.220474
186.836708,102,105.690526
34.213094,27,105.815949
135.500371,67,106.166122
24.212036,27,106.326496
91.559805,68,106.690718
202.331558,98,107.220764
62.964128,58,107.517001
134.323644,68,107.86164
9.268698,11,107.915761
48.57259,38,109.745991
42.573917,35,109.953097
27.382047,25,110.106634
170.575454,86,110.501066
36.944603,29,110.669329
196.839896,99,111.186789
232.920826,105,111.774835
13.034246,16,111.898451
209.481691,101,112.499466
152.178527,78,112.896297
14.935025,16,112.996052
145.506826,73,113.325165
195.556123,96,113.796786
21.74362,21,113.901186
117.677584,61,114.195647
36.671416,31,114.367332
120.009134,66,114.680995
218.815962,112,117.055429
146.697361,73,117.406557
97.932197,62,117.748347
200.770612,100,118.201829
194.395643,98,118.713955
80.264771,53,118.994367
65.267574,43,119.237786
195.844654,95,119.848892
17.566602,19,119.95316
37.1446,33,120.120048
73.730372,56,120.368742
213.610605,107,120.861594
29.373357,25,120.976628
175.384928,89,121.373916
67.991063,40,121.510283
26.44672,25,123.347489
54.459471,40,123.568311
13.496292,15,123.669521
153.706912,86,124.142024
94.576206,51,124.405894
27.129593,25,124.542256
72.217845,47,124.873585
167.130739,83,125.424637
133.720707,69,125.825027
74.373167,50,126.151083
154.535518,74,126.593169
136.80111,77,127.029919
71.82378,50,127.272491
23.23063,22,127.404287
65.564182,43,127.62308
125.980466,73,128.047214
21.095192,22,128.169574
204.357233,95,128.706145
42.322255,34,128.892992
215.176,104,140.652998
154.231691,78,141.049103
189.777883,97,141.612019
131.88512,69,142.022215
57.134433,43,142.324188
38.465385,31,142.520316
187.567861,85,143.117145
34.835068,30,143.312631
178.810603,100,143.988983
24.044193,23,144.145499
63.912783,46,144.466868
184.84941,85,144.994982
184.829242,90,145.544784
63.653345,44,145.771433
199.116945,99,146.353067
96.163544,62,148.598559
141.925869,71,148.986796
21.165221,21,149.114244
73.997343,48,149.409416
143.948384,73,149.93435
125.814618,75,150.419001
79.987078,53,150.761332
222.237511,109,151.448528
47.995734,36,151.672228
168.31007,81,152.226713
64.302494,46,152.50188
73.590381,45,152.803
230.959298,108,153.513966
161.506413,80,153.963237
191.112606,99,154.531771
54.115446,40,156.717791
23.769637,22,156.819196
204.41815,97,157.357586
219.644175,101,157.898047
126.209409,78,158.298056
27.412581,23,158.414327
76.32825,50,158.668238
52.736051,39,158.897326
133.539532,67,159.226394
162.745462,84,159.651259
116.228914,65,160.019913
188.608652,92,160.54044
95.793462,62,160.963785
159.767731,78,161.395805
137.14619,71,161.790853
220.50476,114,164.512757
19.339235,20,164.652081
133.552625,69,165.016278
137.675528,72,165.361778
28.719955,26,165.506325
50.872842,37,165.705981
126.350059,66,166.074057
141.298732,71,166.462774
111.067977,59,166.789746
57.324209,41,166.992128
99.418121,60,167.391171
234.43606,112,168.033514
229.851099,115,168.703511
62.143362,43,168.949324
51.268771,37,169.149524
37.154847,30,169.279418
129.369671,67,169.564239
217.694139,97,171.829452
175.622606,96,172.296035
119.742517,66,172.636433
199.890905,95,173.099111
215.083105,100,173.611185
134.514072,69,173.9756
81.836351,53,174.32281
38.991581,31,174.500214
73.971043,51,174.781825
93.822957,56,175.076373
124.770035,65,175.473673
79.585293,51,175.782079
157.335388,77,176.214316
146.709361,75,176.600867
171.886436,78,185.980829
122.269457,64,186.275378
162.97992,86,186.733509
148.480141,72,187.109223
151.434892,73,187.467658
202.054268,97,187.967571
134.181253,71,188.403075
81.396258,51,188.657657
101.554285,60,189.03023
32.352014,28,189.176497
139.271466,68,189.501097
122.203884,64,189.860614
171.096171,81,190.254282
166.396247,79,190.642025
116.648253,63,192.71272
188.582358,83,193.156199
123.451792,63,193.469405
145.196682,73,193.8503
159.855979,77,194.29495
170.155743,80,194.711802
153.539349,72,195.118744
136.356257,71,195.481235
112.722622,61,195.853068
146.740229,71,196.215625
189.960285,87,196.695858
212.478568,96,197.153629
225.388748,103,197.692647
172.795892,81,199.977298
178.207292,81,200.457095
180.395399,83,200.936035
172.104809,81,201.370345
200.349186,89,201.784484
165.159392,77,202.190535
178.367454,83,202.606451
150.539297,75,202.994338
121.063512,65,203.39613
141.76715,69,203.794316
129.766401,68,204.142864
155.743305,76,204.572177
165.600146,76,204.980352
162.495887,76,207.192782
184.370119,85,207.631985
141.865388,69,207.985034
144.46294,71,208.397548
157.077071,75,208.808553
131.765206,67,209.206347
134.742376,68,209.574108
166.510376,81,209.974344
139.053517,69,210.314221
121.82788,63,210.64558
131.619083,65,210.96094
133.396742,67,211.282482
142.759278,70,211.650215
149.259486,72,212.019039
151.492352,72,214.051096
93.549196,52,214.342301
161.020549,75,214.742966
133.256521,67,215.096108
136.046839,69,215.461496
138.807738,70,215.880364
144.607411,70,216.432611
145.414001,70,217.021999
162.296751,75,217.756702
91.9889,52,218.244949
136.50742,68,219.100304
132.061527,67,219.80911
158.27107,80,220.595951
175.28167,82,221.410329
109.376686,59,221.975999
155.961071,74,232.874588
152.400497,73,233.238242
133.177514,68,233.599416
136.719019,67,233.928467
137.831379,68,234.242394
149.766502,74,234.577816
122.431787,64,234.897854
134.20626,68,235.214268
170.587645,81,235.662173
122.646634,64,236.10712
119.538486,62,236.455562
119.685443,62,236.869545
148.471157,72,237.258474
139.669989,68,237.64027
140.077414,68,239.998568
155.770847,74,240.358445
154.138318,74,240.733228
97.127882,54,241.044395
150.387734,72,241.399725
123.784088,64,241.73245
150.123473,73,242.119349
179.65501,83,242.553258
155.662908,73,242.921852
155.516229,73,243.31251
170.121233,78,243.731503
129.509549,65,244.099219
145.722076,70,244.456578
143.185602,70,244.830201
141.687465,70,246.902554
145.997882,70,247.248834
148.767066,71,247.660824
134.252945,68,248.099696
135.627897,69,248.49577
143.481786,70,248.887989
142.836759,69,249.321774
163.507576,76,249.709229
152.550269,73,250.101796
143.706725,71,250.490494
135.631752,68,250.843
144.660839,69,251.205041
149.859582,72,251.594525
161.66854,76,251.962181
129.577203,66,252.265552
121.266684,64,254.442977
140.681163,69,254.801885
164.21762,77,255.268844
135.578246,68,255.604736
138.40649,68,255.927421
151.640554,73,256.266515
136.613855,68,256.631102
134.901355,67,256.951989
150.493227,73,257.301066
143.168409,70,257.704669
155.55243,74,258.097637
163.491482,76,258.511826
147.791937,71,258.870463
133.973864,67,259.211833
153.911737,74,261.344086
118.998456,63,261.713029
142.094861,70,262.076719
146.056643,71,262.42486
141.958262,70,262.76957
140.498782,70,263.127211
172.470096,79,263.477628
127.546134,64,263.857613
144.596163,70,264.215914
131.254603,66,264.537472
140.37019,69,264.953834
138.895994,70,265.365125
156.856369,73,265.768028
134.559329,68,266.075804
149.50678,72,275.180236
155.662099,73,275.566187
132.195379,66,275.919667
164.592164,76,276.353716
154.977368,73,276.7472
162.034682,76,277.139812
137.968568,68,277.51451
142.498596,70,277.911598
156.633544,73,278.435132
149.299823,72,278.840482
150.015176,72,279.317087
157.256759,74,279.794278
154.063245,73,280.240182
133.024788,66,280.690339
155.833248,73,282.963845
150.680891,71,283.349616
154.680912,73,283.704998
157.42382,74,284.099852
142.148581,70,284.417864
179.268455,81,284.803372
152.274681,72,285.145378
144.359688,69,285.522332
160.080859,75,285.890266
167.231583,77,286.222424
143.9845,70,286.599993
166.917699,77,286.991358
173.794518,79,287.36533
163.125381,75,287.743863
142.991427,69,289.775367
145.18566,70,290.108545
157.330185,74,290.49083
139.525708,68,290.848576
159.747482,75,291.256186
155.561034,73,291.651031
139.380668,69,292.031838
143.588548,69,292.353675
152.820474,73,292.725363
145.81855,70,293.092891
148.964199,71,293.475369
152.633867,72,293.851772
164.073561,75,294.220626
139.995708,70,294.59454
173.32146,78,296.782086
143.569506,69,297.11084
160.956034,74,297.505358
162.408298,76,297.845496
165.718763,75,298.097433
140.764595,69,298.455284
156.314591,74,298.821555
180.794271,81,299.294091
138.175771,69,299.65236
181.130159,81,300.092781
137.907275,68,300.441339
166.366307,77,300.882001
192.658623,85,301.320531
195.207865,86,303.444944
152.965668,73,303.805126
147.378064,71,304.150186
173.641795,79,304.549059
177.88613,80,304.933198
196.44876,86,305.380806
149.786793,72,305.733612
182.105447,81,306.151856
154.613225,73,306.509509
190.688886,88,306.960129
156.368461,74,307.340808
184.82815,82,307.786991
156.949849,74,308.192947
214.410588,92,317.940615
211.121017,90,318.377958
167.420996,77,318.775499
178.101823,80,319.203344
204.051472,92,319.638268
147.384758,71,319.918628
163.608572,76,320.246064
180.864763,81,320.656554
173.703115,79,321.041775
179.27498,81,321.469759
201.301916,87,321.882047
166.493694,76,322.187136
188.40739,84,324.441617
144.75961,70,324.857112
201.232298,87,325.399497
153.364272,72,325.75152
171.734935,79,326.213567
200.195692,87,326.710226
181.902502,82,327.112639
198.824857,86,327.525987
152.358917,73,327.896152
190.850723,84,328.341909
148.472032,71,328.730234
192.619525,85,329.15759
182.476354,81,331.326983
209.340703,89,331.793117
197.995134,86,332.216847
165.9164,77,332.627587
190.349277,84,333.043111
177.604371,79,333.447335
202.069721,88,333.921901
196.084142,87,334.359166
174.180745,79,334.757202
192.881891,85,335.21001
201.253641,87,335.649421
165.499418,76,336.008575
184.481952,82,338.259095
194.9547,85,338.700103
197.254443,86,339.146738
189.359261,84,339.555833
202.05783,87,339.995626
188.62535,83,340.404869
191.661417,84,340.810484
205.520655,88,341.344785
188.216714,84,341.753626
185.855553,82,342.160008
151.694069,73,342.514147
178.674235,80,342.894957
155.776877,73,343.230123
195.544007,85,345.319179
204.462245,89,345.795289
182.790566,81,346.20173
177.193681,80,346.564662
182.356195,82,346.983564
171.314677,79,347.358356
182.639974,81,347.641844
200.082241,86,348.051793
173.619015,79,348.390944
190.668052,84,348.807606
206.341879,89,349.261335
178.149535,80,349.689469
164.756634,77,359.779908
170.029792,78,360.191287
180.039331,80,360.613798
172.262498,78,361.043181
185.017809,82,361.530554
198.051954,86,361.95206
197.137692,86,362.387701
197.124639,86,362.830097
198.91006,87,363.261327
187.963172,83,363.709667
196.234057,86,364.191427
177.707569,79,364.521745
190.357271,84,366.667088
194.875793,85,367.075573
198.058616,86,367.500018
204.16466,88,367.988034
200.862542,87,368.536675
182.636482,84,368.945729
197.875752,86,369.395631
182.545017,82,369.793825
196.96393,87,370.24211
186.670419,83,370.668414
213.032353,91,371.085173
191.341428,84,373.210315
171.420388,78,373.729409
192.530899,85,374.166086
191.565328,84,374.599851
190.852065,84,375.069093
187.283166,83,375.500363
199.21554,86,375.887929
165.958207,76,376.26264
181.06264,81,376.642944
213.769085,91,377.094478
185.290205,82,377.512685
204.441276,88,377.97406
174.329199,79,380.068301
187.706469,83,380.492745
184.601479,82,380.991474
172.20661,78,381.344605
197.026674,85,381.730861
197.32739,86,382.119431
203.909733,88,382.568525
154.756066,74,382.935287
185.874021,82,383.355079
182.49069,81,383.820746
208.179109,90,384.26173
174.162544,79,384.64476
196.179917,86,386.826298
180.129465,81,387.242568
166.423246,76,387.646184
169.885928,78,388.100448
184.024646,82,388.491489
173.949048,78,388.870094
195.566027,86,389.376871
178.68316,80,389.830357
175.115915,79,390.259646
168.19489,76,390.6429
181.12636,81,391.079424
192.287107,84,391.495934
187.038656,83,391.924192
190.311215,83,401.626506
184.850705,82,402.023189
188.646359,83,402.487853
214.785306,90,402.919605
174.400891,79,403.297884
202.067215,87,403.721756
190.869467,85,404.099152
164.136393,76,404.486386
182.516701,81,404.837581
204.671602,88,405.260878
187.070954,84,405.750508
194.494609,85,406.197702
177.767093,80,408.339596
192.884948,84,408.756621
180.360322,80,409.166468
178.845851,80,409.593256
196.295166,86,410.050655
194.630745,85,410.496765
207.425863,89,410.952176
163.947378,76,411.358098
186.492127,83,411.814008
190.315478,83,412.241921
176.700025,79,412.622083
176.444738,80,413.024128
187.49337,83,415.195746
193.994024,85,415.58175
192.432811,83,415.959169
200.068399,87,416.365358
185.36077,82,416.761952
199.331862,86,417.234921
190.106886,83,417.668284
179.304617,80,418.058051
199.939834,86,418.497239
190.885592,84,418.89895
194.063736,84,419.46025
202.807364,87,420.01167
188.19224,84,422.492078
196.396165,85,422.916676
191.282174,84,423.480755
175.01455,79,423.886094
152.635091,72,424.310059
190.320376,85,424.721903
212.12314,90,425.169739
173.040553,78,425.592999
202.995363,87,426.143191
197.584008,86,426.626357
198.975941,87,427.046471
213.796753,93,427.599247
189.995148,84,430.239869
201.473245,90,430.763436
198.797949,86,431.21056
191.126698,83,431.658992
201.480287,87,432.131528
200.952706,86,432.600355
176.483348,79,432.9968
206.384774,88,433.47778
219.131981,91,434.006016
206.201288,88,434.489954
196.050016,85,434.957499
204.527216,88,444.749729
185.153655,82,445.151531
188.338031,83,445.563886
200.64391,87,446.00959
177.14068,80,446.425672
188.465529,83,446.851483
200.165339,87,447.24647
214.243783,90,447.732207
214.338898,91,448.226916
153.908278,73,448.606329
217.241937,90,449.016367
196.897429,85,449.47298
193.970856,85,451.677855
183.828833,81,452.076084
189.135002,82,452.488518
202.276484,87,452.93774
187.126819,83,453.345612
203.294276,87,453.727842
183.176582,82,454.117055
178.888881,82,454.375808
224.145529,93,454.848951
185.458265,83,455.301674
206.317269,88,455.809987
168.326839,77,456.229963
198.596398,85,458.367898
220.213135,92,458.791944
175.864078,80,459.202155
234.430657,95,459.689719
193.815323,84,460.118433
220.809361,92,460.595786
231.838129,96,461.084748
206.054118,88,461.528566
207.249272,89,461.99763
233.438446,95,462.496977
190.747025,83,462.946959
234.719404,96,465.173819
197.686197,86,465.647513
235.966084,96,466.176721
220.042388,92,466.676781
227.394733,93,467.102872
225.158216,93,467.542369
190.758201,83,467.998893
228.851046,93,468.487188
186.815525,82,468.858979
228.057054,94,469.341921
224.291602,94,469.908768
233.338007,95,472.159727
238.931886,96,472.651561
231.242406,94,473.176307
226.584914,93,473.585145
240.752807,97,474.007467
219.297424,91,474.477247
209.645936,89,474.939203
232.214909,95,475.419257
225.567216,94,475.923089
227.908439,93,476.390006
225.592576,93,476.868829
184.709246,81,487.810483
258.976407,103,488.340283
228.971503,94,488.729511
233.635238,94,489.086457
241.962619,97,489.586409
235.546544,96,490.072443
237.629716,96,490.665676
247.335157,98,491.166268
215.340904,90,491.674588
230.723015,94,492.164577
236.304375,96,492.721239
246.517832,98,494.983032
238.992474,96,495.487335
238.465871,97,496.087345
233.928927,95,496.539126
252.403271,100,496.98964
240.483504,98,497.384414
231.600071,95,497.908634
238.156111,97,498.399136
249.714719,100,498.852334
240.636846,96,499.292013
230.889742,94,501.517433
242.790015,98,501.989777
259.047347,103,502.479893
256.812776,102,503.061865
243.559698,98,503.558184
250.032179,100,504.093437
246.743746,99,504.603313
245.523679,98,505.144874
242.88767,98,505.640485
241.851984,99,506.259697
257.772873,102,508.513475
243.525699,98,509.07916
242.501796,97,509.653643
255.509695,102,510.240309
247.131653,99,510.819844
250.549117,99,511.426735
232.818966,94,512.020379
235.471566,95,512.630438
259.135883,102,513.239085
251.866434,101,513.784204
270.00698,106,516.161297
255.487381,104,516.765094
261.825898,102,517.425059
248.672208,99,518.071183
274.334819,110,518.792191
259.260592,105,519.459616
251.948104,100,520.116365
255.184563,101,520.777765
248.409977,99,521.370393
262.735377,105,521.949948
247.740113,98,534.300241
269.759097,108,534.89935
269.872432,104,535.551872
275.92743,107,536.135005
256.899919,101,536.620337
265.470187,110,537.243894
260.11104,103,537.705325
258.233221,101,538.228544
254.884203,101,538.796102
273.667236,106,541.037123
263.14639,102,541.551688
265.071768,104,542.118073
260.284912,103,542.60667
262.957869,103,543.102683
251.583438,100,543.584837
269.523466,105,544.092528
258.98842,101,544.640815
259.942174,102,545.131712
271.163146,105,545.66596
264.592457,103,547.921813
257.852474,101,548.425533
285.037626,109,548.968014
250.674253,100,549.484965
266.037098,105,550.011142
266.165666,104,550.567691
262.482568,102,551.066944
282.742307,109,551.622398
261.212848,102,552.158778
263.531894,103,552.700811
252.87824,101,554.969144
260.317503,102,555.57779
279.277759,107,556.123571
269.76252,105,556.661706
259.007357,102,557.187011
271.202243,105,557.757029
284.893298,109,558.281087
268.960269,106,558.805943
266.975372,104,559.274659
280.49205,108,561.644126
287.710954,111,562.198637
300.385179,113,562.758152
296.898126,112,563.312887
266.97926,107,563.914636
280.60691,109,564.472236
278.654363,107,565.025296
278.75626,106,565.584706
267.372987,105,566.116588
264.24023,104,577.329718
313.259433,123,577.911119
303.264973,116,578.424801
279.397368,106,578.962844
299.309184,113,579.561072
287.176972,110,580.142365
272.448351,104,580.73503
295.499685,111,581.286959
167.372585,77,581.683499
273.313147,105,582.229448
279.405313,106,584.445669
299.702021,113,585.028244
280.558467,107,585.529818
300.044332,112,586.066474
274.452664,106,586.554195
274.969002,106,587.136004
313.147007,118,587.705019
286.938616,109,588.199066
291.107828,110,588.742372
301.390785,114,591.01409
294.607562,111,591.592705
293.273425,113,592.141612
299.059898,113,592.720073
285.471831,110,593.256018
301.106197,113,593.76855
297.053518,112,594.327753
276.835819,109,594.896195
288.094164,110,595.391557
302.100104,114,597.627361
297.847727,113,598.253066
290.018846,109,598.779857
319.19213,119,599.353644
284.375513,110,599.946178
316.853045,119,600.553937
307.02884,121,601.1653
298.913802,113,601.712255
284.569307,108,602.293482
310.669431,114,604.756909
312.234694,116,605.55915
305.890002,115,606.351506
318.525297,116,606.969023
306.133847,112,607.525629
308.140448,113,608.091954
300.077664,111,608.60784
284.654839,108,609.16824
302.471171,115,622.045883
318.682957,119,622.612561
315.466482,116,623.203944
319.106831,118,623.792155
311.594799,116,624.415663
299.263057,112,624.93628
301.809859,114,625.553611
324.173825,119,626.142211
299.795345,111,626.718841
306.43003,115,629.073247
317.102697,115,629.593081
292.912591,109,630.240203
346.702029,123,630.844003
305.624336,114,631.458878
322.022734,119,632.057036
322.721681,118,632.657499
327.537798,119,633.232903
298.39701,110,633.80057
331.2472,119,636.116341
314.956891,115,636.705114
333.022491,120,637.372857
311.383372,117,638.008629
309.98323,114,638.609064
307.212394,116,639.226425
333.791263,129,639.898632
334.318382,120,640.46018
338.088237,121,642.726588
336.495375,124,643.319443
332.007498,123,643.926472
330.676858,120,644.526124
348.806392,126,645.171233
330.929709,121,645.792707
335.933091,122,646.352802
307.253563,113,646.903946
320.104504,120,649.249183
312.370199,114,649.856441
319.685484,117,650.428677
334.187325,121,651.011311
329.071886,120,651.573915
333.140668,121,652.203134
352.125605,124,652.791152
315.04765,115,653.382271
320.732867,116,653.940096
334.236006,121,666.988148
335.788164,127,667.55895
332.900863,121,668.118479
329.600942,122,668.687954
336.870807,121,669.307891
342.895483,123,669.886322
347.369753,128,670.496905
349.580108,128,671.133346
326.476707,118,673.483055
334.620898,124,674.068519
328.54187,118,674.670137
330.511607,121,675.298434
343.264287,121,675.919485
322.558172,119,676.554404
346.646641,120,677.171131
319.621656,123,677.746317
346.243301,122,680.009023
344.447427,123,680.576488
348.317115,127,681.248245
320.200429,120,681.91518
336.991713,124,682.527361
342.087478,123,683.139902
339.571745,123,683.726852
324.118814,119,684.25666
349.255285,124,686.595142
331.14675,120,687.173216
370.572823,130,687.830584
340.275885,126,688.467087
337.174352,124,688.994281
367.341134,130,689.649338
317.346984,116,690.314873
335.950169,119,690.950651
350.725508,129,693.325615
352.50591,124,693.968405
344.594341,123,694.581816
373.574818,132,695.20724
365.944097,126,695.797643
328.791951,116,696.39285
349.848374,123,696.974189
339.700609,125,697.567241
345.743034,123,711.067237
376.024802,131,711.757798
346.525529,123,712.349143
350.810332,126,712.959657
344.409945,124,713.553801
360.492257,127,714.183883
358.806483,130,714.817963
353.769118,131,715.478837
357.976961,129,717.898613
371.522827,129,718.6072
359.833128,126,719.244275
358.927181,124,719.922043
340.943781,131,720.593862
359.124642,129,721.24422
359.769176,126,721.909745
367.96343,130,722.552228
368.765178,130,724.969855
354.753964,126,725.620781
343.714177,127,726.256488
349.324573,127,726.87157
355.172301,126,727.555012
368.375087,131,728.207283
364.43663,130,728.813053
377.254013,134,729.508437
363.649934,128,731.822381
341.116229,127,732.455382
361.60121,129,733.1915
346.665205,125,733.86067
366.005274,128,734.47676
382.405164,132,735.17208
376.294026,130,735.797887
368.770265,131,736.493441
378.016902,133,738.756623
392.467313,134,739.385776
372.699359,136,740.09513
395.43556,134,740.768911
389.166691,132,741.484037
387.501326,142,742.308544
371.283028,132,742.946463
406.248502,139,757.006224
392.171985,134,757.716854
413.383723,139,758.37714
382.349914,130,758.94433
366.820878,130,759.550795
383.394145,134,760.199164
395.247258,137,760.827196
399.039304,134,763.157734
397.586278,136,763.905341
401.431574,139,764.608572
379.121145,134,765.426469
381.056653,142,766.093705
388.159806,134,766.767442
394.612394,135,767.423744
401.959063,139,768.078226
400.547118,137,770.513086
379.203423,133,771.125754
387.316409,138,771.79364
397.859875,134,772.477914
409.728054,138,773.233462
372.972438,132,773.868193
392.558625,134,774.516198
412.9622,138,776.811356
385.342472,136,777.505294
375.782658,138,778.206135
409.038568,139,778.834388
400.468851,136,779.475579
393.006103,139,780.161338
374.979924,134,780.816459
384.516092,135,783.157713
415.541973,141,783.811645
418.368318,142,784.51145
401.9078,140,785.262129
415.293134,142,786.042674
401.087031,141,786.693383
414.849859,144,787.537868
391.176782,139,788.30312
411.695766,144,803.642009
414.609546,142,804.347109
408.323023,137,804.963526
424.174987,143,805.648767
414.898352,144,806.383044
391.924777,140,807.056456
409.097193,139,807.785818
414.700455,141,810.168934
425.67096,145,810.869908
386.410657,138,811.598281
394.473546,139,812.30145
412.103206,139,812.949485
405.22166,138,813.705431
417.932805,144,814.416361
436.58086,152,817.134737
254.949136,102,817.718338
419.092605,137,818.482823
422.156587,148,819.331361
407.723767,140,820.21596
416.178728,139,820.964324
428.187947,145,821.734921
384.069194,138,824.46691
441.672351,147,825.358481
416.955091,140,826.110221
409.102889,143,826.987183
457.605898,150,827.860085
407.505897,140,828.661779
414.722885,141,829.457207
439.588341,145,832.127264
436.018489,145,832.970867
427.494017,144,833.779372
435.872246,144,834.552132
415.310343,143,835.456396
453.405417,151,836.351781
401.835174,140,837.223221
440.170983,146,858.344743
418.112128,139,859.093563
423.707122,147,859.88185
447.979978,150,860.67323
425.279131,146,861.383187
426.2761,145,862.098552
411.926017,138,862.773097
442.174074,152,865.327976
445.808111,152,866.079831
457.245588,152,866.81681
457.936129,151,867.632973
416.869494,146,868.435006
473.06356,157,869.160741
469.092496,151,871.663567
440.987193,151,872.407387
493.822462,159,873.198622
450.707936,155,873.938521
456.940632,152,874.583038
456.743935,154,875.360762
477.221942,160,876.203589
448.459642,152,878.694074
452.981543,151,879.44908
432.303744,143,880.137999
491.746876,159,880.971149
443.171808,150,881.65134
471.772576,163,882.617699
420.76659,145,885.156243
526.174601,169,886.091862
472.989841,157,886.835612
474.634472,158,887.698797
458.689318,155,888.461508
435.422316,151,889.178357
439.432619,152,890.094223
515.209322,169,907.230587
487.507951,159,908.020559
534.984292,172,908.822035
527.366009,171,909.59622
539.841829,180,910.535225
437.506543,153,911.314025
511.303677,163,913.739058
504.731432,166,914.537751
504.022163,165,915.364014
497.389813,168,916.223007
466.367276,164,917.040967
445.741924,157,917.753492
521.429638,170,920.22088
518.549686,166,921.063452
494.420083,167,921.852655
515.90958,170,922.710588
154.845131,73,923.048725
501.000102,165,923.883346
565.179178,184,926.589645
480.758579,155,927.325601
518.248705,172,928.170567
536.912853,180,929.074988
503.583441,168,929.93694
494.789191,160,930.736505
507.834904,168,933.20292
598.558014,186,934.080134
166.693461,76,934.451563
503.602334,170,935.286288
507.552397,168,936.203474
491.177784,163,936.988734
517.874166,172,937.86661
533.467597,182,955.20471
532.597172,171,956.030078
534.812791,176,956.894675
150.69434,72,957.239118
548.308009,176,958.124425
524.795855,177,959.045929
513.557407,172,961.693536
514.208802,176,962.541143
537.295609,177,963.363181
531.774317,174,964.233448
519.104328,176,965.14338
513.737441,176,966.038886
561.584585,180,968.644173
564.738918,184,969.58593
491.252206,174,970.485813
481.700232,171,971.403458
520.070927,175,972.301424
601.771629,190,975.474845
556.044908,183,976.351299
532.282179,179,977.213624
538.816673,182,978.205401
556.706514,184,979.147279
493.092535,165,979.967923
531.125236,174,982.666754
534.511148,181,983.736227
524.921692,181,984.854064
479.775297,171,985.748571
514.274628,170,986.621926
534.745673,176,987.530555
550.609884,181,1006.780143
557.220214,180,1007.733665
580.100322,188,1008.765504
553.639372,181,1009.703841
560.640835,184,1010.631771
511.476849,176,1013.197944
569.771925,192,1014.167244
580.410591,183,1015.108945
551.506265,178,1016.108942
549.491084,178,1017.092174
596.393247,186,1020.096604
574.355729,188,1020.980904
597.608493,189,1022.009785
556.626793,180,1023.048377
552.933482,171,1023.96323
577.364122,186,1025.032968
158.466094,74,1025.419847
584.513624,194,1028.423737
234.45751,98,1028.988768
231.561648,98,1029.489122
548.422085,178,1030.444396
577.710293,187,1031.38444
600.355622,197,1032.312746
576.733129,187,1034.984823
648.170536,205,1036.121379
567.466764,189,1037.027152
613.060178,197,1037.911258
573.007685,189,1038.748659
566.313739,186,1058.202437
593.215373,189,1059.182538
583.45918,186,1060.168252
573.290242,186,1061.125772
582.188995,192,1062.047957
608.407875,193,1064.814214
608.200844,189,1065.728608
611.808073,191,1066.637932
647.429583,208,1067.869234
583.69506,186,1068.927759
645.794946,206,1072.349569
624.115906,199,1073.753862
605.82995,192,1075.130666
407.668112,161,1076.420952
578.857036,183,1077.948097
551.101682,186,1079.677152
618.196577,207,1084.845491
581.358712,191,1086.791847
625.764926,203,1088.758155
141.490723,70,1089.305237
423.636993,164,1090.637441
552.213681,177,1092.45528
643.567389,214,1097.968305
240.875931,103,1099.01108
760.177643,247,1101.006874
697.733768,230,1103.004127
606.41519,192,1104.886063
149.40503,72,1148.711347
640.087623,201,1151.690459
156.175466,76,1152.695098
160.703017,75,1153.618228
665.153467,204,1156.057184
158.385503,78,1156.999348
160.148959,76,1158.06741
158.489957,76,1159.100755
615.698285,194,1161.530593
575.95911,182,1167.382748
610.105111,197,1169.731299
159.469065,75,1170.646191
451.327414,173,1172.683319
624.771515,194,1175.098355
623.198019,192,1180.798257
599.18969,192,1183.284417
659.198485,219,1186.018192
591.625596,187,1188.132494
167.463702,77,1189.077299
610.914533,202,1191.737585
155.481614,75,1192.592961
695.383031,218,1198.466147
165.404857,77,1199.385486
721.982859,230,1202.020624
611.944834,192,1204.394027
611.737393,202,1207.226352
563.666468,188,1213.712038
715.957868,226,1216.931305
665.224446,205,1219.859787
580.638421,191,1222.481227
581.79411,188,1224.823591
415.063586,160,1272.266548
481.75443,176,1274.557595
429.820767,155,1276.542643
420.323869,167,1278.579692
685.868347,218,1281.587703
804.393884,246,1284.797585
594.515119,190,1290.890677
612.632599,192,1293.438451
788.115413,249,1296.726218
636.64358,202,1299.315273
642.260073,198,1305.587812
701.514241,211,1308.45383
657.439424,198,1311.387714
712.992237,216,1314.099326
642.823736,210,1316.891366
394.12515,148,1322.676857
327.880327,143,1324.33669
346.301389,145,1326.087592
822.269877,277,1329.422833
539.804979,188,1331.456481
643.792512,214,1334.16422
665.043776,215,1340.287261
849.957635,268,1343.734665
788.291042,264,1347.5453
160.969321,77,1348.921477
892.590983,289,1419.621301
789.631241,243,1424.08389
408.464644,150,1426.93183
664.345527,212,1431.931274
679.991954,216,1437.14641
373.413192,148,1445.830088
649.707692,218,1450.136463
375.799597,147,1453.329876
384.278217,145,1456.221277
130.001598,65,1457.751817
860.372064,259,1463.373195
834.214122,263,1474.072062
677.2123,217,1479.57647
399.436732,155,1485.495595
700.001414,209,1492.504067
715.072181,223,1497.051033
721.233042,221,1507.075524
854.953258,272,1512.897931
676.033468,220,1517.288804
360.712904,147,1520.293654
813.419821,250,1531.444657
637.204531,220,1536.532418
846.083388,261,1542.246351
601.570239,201,1546.547321
339.719187,138,1549.55663
714.658,227,1657.939266
698.062546,219,1662.754732
418.377727,158,1666.158651
376.700551,158,1669.362772
707.399148,222,1674.47421
702.265234,223,1685.95322
685.481392,222,1691.32425
802.950251,247,1697.121686
389.390835,153,1700.729382
802.391595,254,1707.208086
878.796701,268,1719.256993
719.347262,223,1724.2366
796.112029,253,1729.460981
857.246604,267,1735.359115
748.661763,230,1746.111597
367.983674,144,1749.722284
853.217833,266,1755.062917
721.954112,221,1760.341093
751.018333,232,1771.416578
399.684816,151,1775.227988
346.912449,142,1778.494946
844.578945,266,1784.210499
864.113677,266,1790.019007
679.925191,223,1902.013618
635.602499,216,1906.254415
895.695236,269,1911.455506
333.720012,143,1914.367257
742.160325,226,1919.371183
919.699156,271,1930.527581
629.802552,198,1934.479043
917.389284,287,1941.239816
641.649606,213,1945.998305
370.669637,146,1955.018673
594.077726,213,1959.738423
360.370584,147,1962.946825
617.295105,209,1967.540652
660.625244,225,1972.6047
275.793181,129,1981.327482
633.868721,229,1985.923475
473.515013,194,1990.322172
667.631918,217,1994.688539
954.5548,291,2000.745085
675.614586,218,2010.789743
757.474501,226,2015.457355
652.661532,222,2020.510909
649.539017,214,2025.548939
855.430296,284,2115.508834
695.432801,227,2120.454104
631.41948,224,2128.466121
312.617078,136,2133.148539
888.245366,280,2140.076103
963.441149,291,2151.954978
626.730881,214,2156.389324
634.244933,223,2161.003412
343.097454,142,2164.203739
897.129046,280,2175.790256
638.118193,217,2180.826698
856.090239,263,2186.536029
899.439878,282,2192.951825
744.719945,248,2203.829557
671.86463,221,2208.739635
901.090842,294,2215.250139
389.757228,156,2218.753397
923.787901,282,2230.421217
913.631651,285,2236.515736
344.264741,145,2239.370586
571.606455,213,2243.807562
853.013246,267,2328.487014
860.690706,277,2334.058821
954.118146,298,2340.403438
994.756833,299,2346.417394
908.902949,295,2357.568685
891.265525,285,2363.5752
674.253463,236,2369.158981
869.265002,272,2375.558807
820.107502,271,2386.926217
156.16025,75,2388.613632
877.444065,287,2394.594205
642.916964,221,2399.679793
729.666209,222,2410.210962
884.012364,270,2415.434304
853.189143,275,2421.09488
497.605002,180,2424.830244
571.118475,195,2429.074271
650.661176,225,2439.017044
131.128239,66,2440.203341
710.632051,228,2444.642267
929.88854,304,2450.5936
702.977371,225,2541.272424
644.993936,232,2545.871219
685.173715,232,2550.84162
903.307643,277,2556.652358
848.832353,270,2567.760176
775.019974,242,2572.120418
959.096022,307,2578.264993
959.450732,280,2583.893507
683.731653,217,2592.988896
1004.438044,309,2599.246504
933.922891,282,2605.00201
772.741357,257,2609.993248
902.886504,281,2620.499495
728.189355,239,2625.747189
1001.845928,296,2632.0466
929.358188,284,2643.185623
383.60748,156,2646.131331
635.860696,225,2650.602758
525.041568,197,2654.864872
585.890866,220,2659.072702
626.353364,225,2781.34661
874.296551,277,2786.455303
949.612373,276,2792.413386
691.556303,221,2796.680055
928.98123,303,2808.123552
1026.601123,310,2814.002882
991.901219,320,2820.117735
1016.229712,318,2831.946875
968.004474,308,2838.196543
937.333126,294,2844.327428
1186.73004,357,2856.5704
819.784826,264,2861.75417
1023.011116,310,2867.814453
1017.591051,311,2873.711406
891.164759,276,2884.753173
865.119027,288,2890.074344
1076.838527,324,2896.184641
832.7067,268,3008.673712
840.690854,267,3013.417312
921.414143,276,3018.87429
1057.126431,310,3025.362446
1202.371939,351,3037.250477
1150.340057,333,3044.317047
1118.647971,329,3050.232382
933.95625,271,3060.587081
1117.019318,347,3067.743952
947.310403,289,3073.036072
469.989577,165,3075.990443
1115.224737,321,3087.575484
1006.586058,297,3093.465234
909.015354,269,3098.231843
763.143665,245,3108.401263
985.851563,279,3113.591271
678.753745,212,3117.985601
1077.257895,321,3124.204877
1058.283483,341,3234.845595
656.934332,202,3238.952045
935.701988,279,3244.564385
915.446941,274,3254.862155
919.482713,285,3260.117764
930.279615,282,3265.247175
919.317139,266,3270.155472
667.533252,205,3279.125644
785.716269,231,3283.320067
688.570648,212,3287.358915
1004.402472,287,3292.826656
179.297582,82,3294.546516
704.229016,219,3304.7245
660.329593,201,3308.514759
956.916281,280,3313.902065
651.461633,212,3317.945184
752.863865,244,3327.762409
659.529722,202,3331.362405
911.42209,261,3336.265646
462.302929,157,3341.848219
755.505832,226,3349.313914
932.262803,281,3427.238484
631.807296,191,3430.815272
695.55223,216,3435.040991
660.375954,202,3438.800874
924.982523,263,3449.019124
942.165261,285,3454.301739
453.567932,157,3457.255228
680.99881,211,3461.18339
927.995892,273,3466.352343
964.854349,287,3477.063482
650.877151,205,3481.368068
953.229806,285,3486.62428
708.286502,218,3490.501542
729.823243,223,3499.179937
980.61413,289,3504.705669
724.305507,227,3508.793408
644.399212,198,3512.360041
673.62486,225,3521.261864
960.289198,281,3526.139658
663.44555,221,3530.177502
1220.382291,360,3536.837658
647.515805,196,3629.205709
676.603408,210,3633.191657
651.527644,211,3636.968242
945.618574,286,3642.153379
656.390008,207,3651.195906
938.754123,289,3656.408482
627.089,195,3660.163753
1214.011812,357,3666.828911
708.108043,218,3675.673417
953.197603,290,3681.350534
1043.655023,311,3687.21874
951.571057,279,3697.740473
888.561482,268,3702.776676
1700.791891,493,3711.690569
968.926462,281,3721.668591
932.674674,289,3727.060364
685.156916,215,3731.151455
612.398911,182,3734.585649
606.74224,180,3737.812084
664.579845,212,3861.554261
963.977941,282,3866.738791
701.609156,218,3870.547918
1222.523417,357,3882.472538
694.379755,218,3886.35339
595.57807,179,3889.349438
674.348114,209,3893.092505
704.512333,219,3897.085315
1017.535731,305,3907.784555
668.223083,208,3911.590804
1284.16287,374,3918.70903
640.276965,200,3922.480088
952.306028,275,3934.784275
937.538356,268,3944.18622
1242.735594,353,3952.104058
678.718825,215,3961.433654
979.325611,296,3966.980237
936.209884,285,3972.368076
941.324403,273,3977.54205
689.815957,216,4086.747517
179.748946,81,4088.437555
966.948837,285,4094.201333
1004.902754,292,4100.141513
954.481893,287,4110.689795
1125.257979,327,4116.600272
665.443943,210,4120.768339
988.171102,292,4126.16729
995.549263,290,4136.343048
1297.968673,381,4143.316538
580.293102,174,4146.595938
973.424256,289,4156.471397
990.257851,299,4161.946842
712.835644,221,4165.988253
950.548031,293,4171.114953
997.529434,302,4181.235651
947.614208,279,4186.278089
962.126625,275,4191.055803
1006.586324,297,4195.882329
709.405947,220,4349.212691
1259.070348,378,4356.144409
691.598907,220,4359.8459
930.195868,301,4370.398677
956.632072,293,4375.791205
1003.793913,310,4381.838894
1294.701516,396,4395.313827
966.469114,291,4400.447178
1568.005663,456,4408.999656
1143.153219,333,4420.733693
1268.145899,353,4427.074303
1955.008902,585,4443.995116
1518.519518,455,4452.480194
1275.71568,395,4460.847306
1860.177316,553,4825.216282
1455.734709,438,4833.910359
1259.210317,370,4847.457618
1846.793623,539,4858.448098
658.404883,227,4868.412897
636.899572,193,4872.225929
970.876631,301,4878.771925
924.548557,288,4884.688312
1014.010195,320,4896.660501
901.556703,273,4902.452919
1252.860613,368,4909.908303
927.963798,293,4921.733331
1206.01308,369,4929.845038
963.035608,305,4935.925749
970.534366,286,5083.680145
993.089383,300,5090.174667
2081.10179,611,5108.846024
1256.546629,358,5116.466454
1257.45728,367,5125.828528
941.385622,286,5143.291079
1176.048727,364,5151.313958
1172.238856,347,5158.481203
964.294146,294,5170.966071
1265.849567,387,5179.61988
1281.415855,385,5187.698457
967.707754,296,5199.195877
954.688985,284,5205.174125
1171.959298,340,5211.841486
997.377149,306,5430.609298
1378.11541,400,5439.185761
933.469438,284,5445.224393
1432.69446,421,5459.383863
1821.98108,537,5470.079104
941.889213,295,5476.4408
1546.220279,435,5490.996394
919.759511,265,5496.354619
1776.888912,532,5512.365222
957.271472,289,5518.527708
1851.878298,555,5534.761818
756.818589,251,5539.736628
1270.868623,356,5546.329081
1579.986907,475,5761.541364
996.080059,310,5767.523354
1504.557765,453,5776.815655
949.229579,288,5788.626844
1846.814803,543,5799.795225
2103.305106,623,5817.983536
1496.46301,444,5827.045333
973.339772,295,5838.532172
1645.609038,483,5848.930603
1810.94122,542,5865.893932
1289.531543,384,5874.113896
2357.994907,683,6149.714874
957.942195,282,6155.804051
584.049957,175,6159.281149
3183.740341,922,6185.324721
1258.151291,379,6193.93632
2322.422848,663,6214.979961
1272.590871,371,6223.004377
1045.931592,311,6235.487425
923.494431,270,6241.163854
1274.44918,361,6249.131827
1221.181555,365,6262.943843
1862.574796,551,6275.163967
2135.813653,602,6436.488574
1835.627607,530,6440.000937
1323.505574,396,6444.933393
986.189022,297,6447.108293
1586.074447,462,6452.402667
1624.259209,459,6455.632059
1475.725508,429,6457.80406
