raw/disc/disc_acc,raw/disc/disc_acc_gen,raw/disc/disc_entropy,raw/disc/n_expert,raw/disc/disc_proportion_expert_pred,raw/disc/global_step,raw/disc/n_generated,raw/disc/disc_proportion_expert_true,raw/disc/disc_loss,raw/disc/disc_acc_expert
0.4990234375,0.998046875,0.6869630813598633,1024.0,0.0009765625,1,1024.0,0.5,0.7191247344017029,0.0
0.49951171875,0.998046875,0.6876126527786255,1024.0,0.00146484375,1,1024.0,0.5,0.7131353616714478,0.0009765625
0.4990234375,0.99609375,0.6883671283721924,1024.0,0.0029296875,1,1024.0,0.5,0.7071637511253357,0.001953125
0.501953125,0.9873046875,0.6889480352401733,1024.0,0.0146484375,1,1024.0,0.5,0.6994646787643433,0.0166015625
0.50830078125,0.986328125,0.6895467042922974,1024.0,0.02197265625,2,1024.0,0.5,0.6942994594573975,0.0302734375
0.5205078125,0.9853515625,0.6898388266563416,1024.0,0.03515625,2,1024.0,0.5,0.6894873380661011,0.0556640625
0.544921875,0.9921875,0.6901646852493286,1024.0,0.052734375,2,1024.0,0.5,0.6831164360046387,0.09765625
0.56884765625,0.9853515625,0.6904107928276062,1024.0,0.08349609375,2,1024.0,0.5,0.6773170828819275,0.15234375
0.603515625,0.990234375,0.6914002299308777,1024.0,0.11328125,3,1024.0,0.5,0.682466983795166,0.216796875
0.64306640625,0.9931640625,0.6914151906967163,1024.0,0.14990234375,3,1024.0,0.5,0.6752626299858093,0.29296875
0.66455078125,0.990234375,0.6913924217224121,1024.0,0.17431640625,3,1024.0,0.5,0.6701945662498474,0.3388671875
0.7001953125,0.98828125,0.6912832260131836,1024.0,0.2119140625,3,1024.0,0.5,0.662796139717102,0.412109375
0.7314453125,0.9951171875,0.6919777989387512,1024.0,0.236328125,4,1024.0,0.5,0.670193612575531,0.4677734375
0.76123046875,0.9912109375,0.6918110847473145,1024.0,0.27001953125,4,1024.0,0.5,0.6643825769424438,0.53125
0.80078125,0.9931640625,0.6915309429168701,1024.0,0.3076171875,4,1024.0,0.5,0.6580406427383423,0.6083984375
0.83203125,0.9892578125,0.6912463307380676,1024.0,0.3427734375,4,1024.0,0.5,0.6516133546829224,0.6748046875
0.86669921875,0.994140625,0.6911306381225586,1024.0,0.37255859375,5,1024.0,0.5,0.6479460000991821,0.7392578125
0.86572265625,0.98828125,0.6906622052192688,1024.0,0.37744140625,5,1024.0,0.5,0.6431505084037781,0.7431640625
0.91015625,0.9892578125,0.6900842189788818,1024.0,0.4208984375,5,1024.0,0.5,0.633803129196167,0.8310546875
0.9130859375,0.9873046875,0.6894699931144714,1024.0,0.42578125,5,1024.0,0.5,0.6281113624572754,0.8388671875
0.92333984375,0.984375,0.6888524293899536,1024.0,0.43896484375,6,1024.0,0.5,0.6214673519134521,0.8623046875
0.939453125,0.9951171875,0.6880671381950378,1024.0,0.4443359375,6,1024.0,0.5,0.6129956245422363,0.8837890625
0.93701171875,0.9873046875,0.6868754029273987,1024.0,0.44970703125,6,1024.0,0.5,0.6050148010253906,0.88671875
0.94580078125,0.9921875,0.6862541437149048,1024.0,0.45361328125,6,1024.0,0.5,0.59996497631073,0.8994140625
0.953125,0.98828125,0.6849783658981323,1024.0,0.46484375,7,1024.0,0.5,0.5904563665390015,0.91796875
0.94775390625,0.9912109375,0.6838296055793762,1024.0,0.45654296875,7,1024.0,0.5,0.5846990346908569,0.904296875
0.95849609375,0.990234375,0.6820971369743347,1024.0,0.46826171875,7,1024.0,0.5,0.574791431427002,0.9267578125
0.96337890625,0.9931640625,0.6812398433685303,1024.0,0.47021484375,7,1024.0,0.5,0.5684381723403931,0.93359375
0.970703125,0.9951171875,0.6787247657775879,1024.0,0.4755859375,8,1024.0,0.5,0.5568743944168091,0.9462890625
0.962890625,0.9931640625,0.6769116520881653,1024.0,0.4697265625,8,1024.0,0.5,0.5495929718017578,0.9326171875
0.96337890625,0.9970703125,0.6744701862335205,1024.0,0.46630859375,8,1024.0,0.5,0.5399512052536011,0.9296875
0.96630859375,0.99609375,0.672645628452301,1024.0,0.47021484375,8,1024.0,0.5,0.5322984457015991,0.9365234375
0.966796875,0.9951171875,0.6695480346679688,1024.0,0.4716796875,9,1024.0,0.5,0.5213293433189392,0.9384765625
0.97607421875,0.998046875,0.6663392782211304,1024.0,0.47802734375,9,1024.0,0.5,0.5099602937698364,0.9541015625
0.9697265625,0.9970703125,0.6625847220420837,1024.0,0.47265625,9,1024.0,0.5,0.5012479424476624,0.9423828125
0.96826171875,0.9990234375,0.6599569916725159,1024.0,0.46923828125,9,1024.0,0.5,0.4933125972747803,0.9375
0.9677734375,0.9951171875,0.6572745442390442,1024.0,0.47265625,10,1024.0,0.5,0.48548072576522827,0.9404296875
0.970703125,0.9951171875,0.652035653591156,1024.0,0.4755859375,10,1024.0,0.5,0.4727886915206909,0.9462890625
0.9736328125,0.99609375,0.6476469039916992,1024.0,0.4775390625,10,1024.0,0.5,0.4617842137813568,0.951171875
0.97998046875,0.9970703125,0.6439311504364014,1024.0,0.48291015625,10,1024.0,0.5,0.45255202054977417,0.962890625
0.9765625,1.0,0.6402448415756226,1024.0,0.4765625,11,1024.0,0.5,0.4460154175758362,0.953125
0.97705078125,0.998046875,0.6327927112579346,1024.0,0.47900390625,11,1024.0,0.5,0.4297398626804352,0.9560546875
0.984375,1.0,0.631055474281311,1024.0,0.484375,11,1024.0,0.5,0.42504554986953735,0.96875
0.98095703125,1.0,0.6243441104888916,1024.0,0.48095703125,11,1024.0,0.5,0.4144778847694397,0.9619140625
0.97900390625,1.0,0.6150580644607544,1024.0,0.47900390625,12,1024.0,0.5,0.3998696208000183,0.9580078125
0.98486328125,1.0,0.6101831197738647,1024.0,0.48486328125,12,1024.0,0.5,0.3900219202041626,0.9697265625
0.9794921875,1.0,0.6057608127593994,1024.0,0.4794921875,12,1024.0,0.5,0.3857434391975403,0.958984375
0.9853515625,1.0,0.5965754985809326,1024.0,0.4853515625,12,1024.0,0.5,0.3694750964641571,0.970703125
0.98779296875,1.0,0.5891379117965698,1024.0,0.48779296875,13,1024.0,0.5,0.3581147789955139,0.9755859375
0.98974609375,1.0,0.5808972120285034,1024.0,0.48974609375,13,1024.0,0.5,0.34662774205207825,0.9794921875
0.9912109375,1.0,0.5699520111083984,1024.0,0.4912109375,13,1024.0,0.5,0.3309018611907959,0.982421875
0.990234375,1.0,0.5631040334701538,1024.0,0.490234375,13,1024.0,0.5,0.32393696904182434,0.98046875
0.99169921875,1.0,0.5580053925514221,1024.0,0.49169921875,14,1024.0,0.5,0.3174508810043335,0.9833984375
0.99365234375,1.0,0.5490179657936096,1024.0,0.49365234375,14,1024.0,0.5,0.30585628747940063,0.9873046875
0.990234375,1.0,0.5389198064804077,1024.0,0.490234375,14,1024.0,0.5,0.29651939868927,0.98046875
0.9931640625,1.0,0.526694118976593,1024.0,0.4931640625,14,1024.0,0.5,0.2818339169025421,0.986328125
0.99365234375,1.0,0.5196235775947571,1024.0,0.49365234375,15,1024.0,0.5,0.27612608671188354,0.9873046875
0.99658203125,1.0,0.5088523626327515,1024.0,0.49658203125,15,1024.0,0.5,0.2638987898826599,0.9931640625
0.99365234375,1.0,0.4999428987503052,1024.0,0.49365234375,15,1024.0,0.5,0.25629597902297974,0.9873046875
0.99658203125,1.0,0.4878785014152527,1024.0,0.49658203125,15,1024.0,0.5,0.2442735731601715,0.9931640625
0.99658203125,1.0,0.48149538040161133,1024.0,0.49658203125,16,1024.0,0.5,0.2372904270887375,0.9931640625
0.99658203125,1.0,0.4670454263687134,1024.0,0.49658203125,16,1024.0,0.5,0.22491885721683502,0.9931640625
0.9990234375,1.0,0.4555363059043884,1024.0,0.4990234375,16,1024.0,0.5,0.21485036611557007,0.998046875
0.99951171875,1.0,0.4468454122543335,1024.0,0.49951171875,16,1024.0,0.5,0.20727279782295227,0.9990234375
0.99951171875,1.0,0.4342896044254303,1024.0,0.49951171875,17,1024.0,0.5,0.1959649920463562,0.9990234375
0.99951171875,1.0,0.4218141436576843,1024.0,0.49951171875,17,1024.0,0.5,0.1883833408355713,0.9990234375
0.99951171875,1.0,0.4150492548942566,1024.0,0.49951171875,17,1024.0,0.5,0.18239720165729523,0.9990234375
0.99951171875,1.0,0.4035458564758301,1024.0,0.49951171875,17,1024.0,0.5,0.17318224906921387,0.9990234375
1.0,1.0,0.3915448784828186,1024.0,0.5,18,1024.0,0.5,0.1644083857536316,1.0
0.9990234375,1.0,0.3836299180984497,1024.0,0.4990234375,18,1024.0,0.5,0.15939222276210785,0.998046875
0.99951171875,1.0,0.3705647587776184,1024.0,0.49951171875,18,1024.0,0.5,0.15084977447986603,0.9990234375
0.99951171875,1.0,0.3650195002555847,1024.0,0.49951171875,18,1024.0,0.5,0.14732049405574799,0.9990234375
1.0,1.0,0.35107743740081787,1024.0,0.5,19,1024.0,0.5,0.13692495226860046,1.0
1.0,1.0,0.3363233208656311,1024.0,0.5,19,1024.0,0.5,0.12953048944473267,1.0
1.0,1.0,0.3318811058998108,1024.0,0.5,19,1024.0,0.5,0.1255161464214325,1.0
1.0,1.0,0.3182377219200134,1024.0,0.5,19,1024.0,0.5,0.11758241802453995,1.0
0.9990234375,1.0,0.31239479780197144,1024.0,0.4990234375,20,1024.0,0.5,0.11527397483587265,0.998046875
1.0,1.0,0.297812283039093,1024.0,0.5,20,1024.0,0.5,0.10613865405321121,1.0
1.0,1.0,0.2898048162460327,1024.0,0.5,20,1024.0,0.5,0.10151908546686172,1.0
1.0,1.0,0.2778177559375763,1024.0,0.5,20,1024.0,0.5,0.09538087993860245,1.0
1.0,1.0,0.26888343691825867,1024.0,0.5,21,1024.0,0.5,0.09085313975811005,1.0
1.0,1.0,0.2610906958580017,1024.0,0.5,21,1024.0,0.5,0.08689038455486298,1.0
1.0,1.0,0.25411272048950195,1024.0,0.5,21,1024.0,0.5,0.08400214463472366,1.0
1.0,1.0,0.24786467850208282,1024.0,0.5,21,1024.0,0.5,0.08169014751911163,1.0
1.0,1.0,0.2366541624069214,1024.0,0.5,22,1024.0,0.5,0.07494625449180603,1.0
1.0,1.0,0.23154065012931824,1024.0,0.5,22,1024.0,0.5,0.07358419895172119,1.0
1.0,1.0,0.2196834236383438,1024.0,0.5,22,1024.0,0.5,0.0680086612701416,1.0
1.0,1.0,0.21202829480171204,1024.0,0.5,22,1024.0,0.5,0.06438454985618591,1.0
1.0,1.0,0.20552344620227814,1024.0,0.5,23,1024.0,0.5,0.06179804354906082,1.0
1.0,1.0,0.20128467679023743,1024.0,0.5,23,1024.0,0.5,0.05966458097100258,1.0
1.0,1.0,0.19365620613098145,1024.0,0.5,23,1024.0,0.5,0.05652402341365814,1.0
1.0,1.0,0.18897850811481476,1024.0,0.5,23,1024.0,0.5,0.0549660325050354,1.0
1.0,1.0,0.1780310571193695,1024.0,0.5,24,1024.0,0.5,0.05013493448495865,1.0
1.0,1.0,0.17744867503643036,1024.0,0.5,24,1024.0,0.5,0.05037638172507286,1.0
1.0,1.0,0.167438343167305,1024.0,0.5,24,1024.0,0.5,0.046409934759140015,1.0
1.0,1.0,0.1660391092300415,1024.0,0.5,24,1024.0,0.5,0.04568522423505783,1.0
1.0,1.0,0.15869742631912231,1024.0,0.5,25,1024.0,0.5,0.04310885816812515,1.0
1.0,1.0,0.15219539403915405,1024.0,0.5,25,1024.0,0.5,0.04054649919271469,1.0
1.0,1.0,0.14978168904781342,1024.0,0.5,25,1024.0,0.5,0.039781950414180756,1.0
1.0,1.0,0.1422690451145172,1024.0,0.5,25,1024.0,0.5,0.036909233778715134,1.0
1.0,1.0,0.13826510310173035,1024.0,0.5,26,1024.0,0.5,0.03573129326105118,1.0
1.0,1.0,0.13514569401741028,1024.0,0.5,26,1024.0,0.5,0.03474944457411766,1.0
1.0,1.0,0.12873126566410065,1024.0,0.5,26,1024.0,0.5,0.03237881138920784,1.0
1.0,1.0,0.12681135535240173,1024.0,0.5,26,1024.0,0.5,0.03195303678512573,1.0
1.0,1.0,0.12428056448698044,1024.0,0.5,27,1024.0,0.5,0.0312337763607502,1.0
1.0,1.0,0.12140952050685883,1024.0,0.5,27,1024.0,0.5,0.030244778841733932,1.0
1.0,1.0,0.11396187543869019,1024.0,0.5,27,1024.0,0.5,0.027588114142417908,1.0
1.0,1.0,0.11347271502017975,1024.0,0.5,27,1024.0,0.5,0.027620328590273857,1.0
1.0,1.0,0.10992278158664703,1024.0,0.5,28,1024.0,0.5,0.026412123814225197,1.0
1.0,1.0,0.10694067180156708,1024.0,0.5,28,1024.0,0.5,0.025656525045633316,1.0
1.0,1.0,0.10322161018848419,1024.0,0.5,28,1024.0,0.5,0.02433053031563759,1.0
1.0,1.0,0.10132326185703278,1024.0,0.5,28,1024.0,0.5,0.023701755329966545,1.0
1.0,1.0,0.09679855406284332,1024.0,0.5,29,1024.0,0.5,0.02230624482035637,1.0
1.0,1.0,0.0945090502500534,1024.0,0.5,29,1024.0,0.5,0.02169577032327652,1.0
1.0,1.0,0.09448550641536713,1024.0,0.5,29,1024.0,0.5,0.021817615255713463,1.0
1.0,1.0,0.09352482855319977,1024.0,0.5,29,1024.0,0.5,0.021606357768177986,1.0
1.0,1.0,0.08845241367816925,1024.0,0.5,30,1024.0,0.5,0.01979106292128563,1.0
1.0,1.0,0.08681308478116989,1024.0,0.5,30,1024.0,0.5,0.019377870485186577,1.0
1.0,1.0,0.08481386303901672,1024.0,0.5,30,1024.0,0.5,0.019000839442014694,1.0
1.0,1.0,0.08090122044086456,1024.0,0.5,30,1024.0,0.5,0.017801430076360703,1.0
1.0,1.0,0.08035434037446976,1024.0,0.5,31,1024.0,0.5,0.017718322575092316,1.0
1.0,1.0,0.07760320603847504,1024.0,0.5,31,1024.0,0.5,0.016969531774520874,1.0
1.0,1.0,0.07747846096754074,1024.0,0.5,31,1024.0,0.5,0.017001722007989883,1.0
1.0,1.0,0.07358025014400482,1024.0,0.5,31,1024.0,0.5,0.015691399574279785,1.0
1.0,1.0,0.07260552048683167,1024.0,0.5,32,1024.0,0.5,0.015475403517484665,1.0
1.0,1.0,0.07193509489297867,1024.0,0.5,32,1024.0,0.5,0.015467295423150063,1.0
1.0,1.0,0.06974217295646667,1024.0,0.5,32,1024.0,0.5,0.014664331451058388,1.0
1.0,1.0,0.07095245271921158,1024.0,0.5,32,1024.0,0.5,0.015202232636511326,1.0
1.0,1.0,0.06601350009441376,1024.0,0.5,33,1024.0,0.5,0.013784093782305717,1.0
1.0,1.0,0.06634512543678284,1024.0,0.5,33,1024.0,0.5,0.013890745118260384,1.0
1.0,1.0,0.06473679840564728,1024.0,0.5,33,1024.0,0.5,0.01351876650005579,1.0
1.0,1.0,0.06302715092897415,1024.0,0.5,33,1024.0,0.5,0.013030242174863815,1.0
1.0,1.0,0.060481615364551544,1024.0,0.5,34,1024.0,0.5,0.01237984374165535,1.0
1.0,1.0,0.058870330452919006,1024.0,0.5,34,1024.0,0.5,0.011830809526145458,1.0
1.0,1.0,0.05934828519821167,1024.0,0.5,34,1024.0,0.5,0.012009593658149242,1.0
1.0,1.0,0.05985612794756889,1024.0,0.5,34,1024.0,0.5,0.012407299131155014,1.0
1.0,1.0,0.056757278740406036,1024.0,0.5,35,1024.0,0.5,0.011380775831639767,1.0
1.0,1.0,0.05614258348941803,1024.0,0.5,35,1024.0,0.5,0.011271672323346138,1.0
1.0,1.0,0.05463306978344917,1024.0,0.5,35,1024.0,0.5,0.010812485590577126,1.0
1.0,1.0,0.052681371569633484,1024.0,0.5,35,1024.0,0.5,0.01032930612564087,1.0
1.0,1.0,0.05315093696117401,1024.0,0.5,36,1024.0,0.5,0.010452045127749443,1.0
1.0,1.0,0.052061937749385834,1024.0,0.5,36,1024.0,0.5,0.010176347568631172,1.0
1.0,1.0,0.04981059581041336,1024.0,0.5,36,1024.0,0.5,0.00980744045227766,1.0
1.0,1.0,0.049273986369371414,1024.0,0.5,36,1024.0,0.5,0.009507836773991585,1.0
1.0,1.0,0.049637481570243835,1024.0,0.5,37,1024.0,0.5,0.00969228520989418,1.0
1.0,1.0,0.04757220298051834,1024.0,0.5,37,1024.0,0.5,0.009383868426084518,1.0
1.0,1.0,0.04966975003480911,1024.0,0.5,37,1024.0,0.5,0.009942345321178436,1.0
1.0,1.0,0.04763516038656235,1024.0,0.5,37,1024.0,0.5,0.009329854510724545,1.0
1.0,1.0,0.046042300760746,1024.0,0.5,38,1024.0,0.5,0.008809585124254227,1.0
1.0,1.0,0.04641802981495857,1024.0,0.5,38,1024.0,0.5,0.008902004919946194,1.0
1.0,1.0,0.04466492682695389,1024.0,0.5,38,1024.0,0.5,0.008558522909879684,1.0
1.0,1.0,0.042741622775793076,1024.0,0.5,38,1024.0,0.5,0.00804804265499115,1.0
1.0,1.0,0.043231748044490814,1024.0,0.5,39,1024.0,0.5,0.008162939921021461,1.0
1.0,1.0,0.04273192957043648,1024.0,0.5,39,1024.0,0.5,0.008075707592070103,1.0
1.0,1.0,0.04294022172689438,1024.0,0.5,39,1024.0,0.5,0.008137518540024757,1.0
1.0,1.0,0.03998532146215439,1024.0,0.5,39,1024.0,0.5,0.007298863492906094,1.0
1.0,1.0,0.04240037500858307,1024.0,0.5,40,1024.0,0.5,0.008084128610789776,1.0
1.0,1.0,0.03994313254952431,1024.0,0.5,40,1024.0,0.5,0.007275419309735298,1.0
1.0,1.0,0.038892101496458054,1024.0,0.5,40,1024.0,0.5,0.007138831540942192,1.0
1.0,1.0,0.039367012679576874,1024.0,0.5,40,1024.0,0.5,0.007265040185302496,1.0
1.0,1.0,0.03905551880598068,1024.0,0.5,41,1024.0,0.5,0.007203744258731604,1.0
1.0,1.0,0.03812693804502487,1024.0,0.5,41,1024.0,0.5,0.006978031247854233,1.0
1.0,1.0,0.038277074694633484,1024.0,0.5,41,1024.0,0.5,0.0071343244053423405,1.0
1.0,1.0,0.03711780905723572,1024.0,0.5,41,1024.0,0.5,0.006766864098608494,1.0
1.0,1.0,0.03761013597249985,1024.0,0.5,42,1024.0,0.5,0.006868925876915455,1.0
1.0,1.0,0.03643803298473358,1024.0,0.5,42,1024.0,0.5,0.006670750677585602,1.0
1.0,1.0,0.03530052676796913,1024.0,0.5,42,1024.0,0.5,0.0063309939578175545,1.0
1.0,1.0,0.03567585349082947,1024.0,0.5,42,1024.0,0.5,0.006536236964166164,1.0
1.0,1.0,0.034324582666158676,1024.0,0.5,43,1024.0,0.5,0.006153830327093601,1.0
1.0,1.0,0.03420638293027878,1024.0,0.5,43,1024.0,0.5,0.006215135101228952,1.0
1.0,1.0,0.034097570925951004,1024.0,0.5,43,1024.0,0.5,0.006232512183487415,1.0
1.0,1.0,0.03434589132666588,1024.0,0.5,43,1024.0,0.5,0.00620755460113287,1.0
1.0,1.0,0.03336821869015694,1024.0,0.5,44,1024.0,0.5,0.005975257605314255,1.0
1.0,1.0,0.032856110483407974,1024.0,0.5,44,1024.0,0.5,0.005894618574529886,1.0
1.0,1.0,0.0315798744559288,1024.0,0.5,44,1024.0,0.5,0.0055444189347326756,1.0
1.0,1.0,0.0316716805100441,1024.0,0.5,44,1024.0,0.5,0.005550069734454155,1.0
1.0,1.0,0.03209712356328964,1024.0,0.5,45,1024.0,0.5,0.005709911230951548,1.0
1.0,1.0,0.031019190326333046,1024.0,0.5,45,1024.0,0.5,0.005470018368214369,1.0
1.0,1.0,0.030034441500902176,1024.0,0.5,45,1024.0,0.5,0.005291645880788565,1.0
1.0,1.0,0.030461706221103668,1024.0,0.5,45,1024.0,0.5,0.005294865928590298,1.0
1.0,1.0,0.030577249825000763,1024.0,0.5,46,1024.0,0.5,0.005550250876694918,1.0
1.0,1.0,0.030891364440321922,1024.0,0.5,46,1024.0,0.5,0.005559208337217569,1.0
1.0,1.0,0.02950087934732437,1024.0,0.5,46,1024.0,0.5,0.005231086164712906,1.0
1.0,1.0,0.029270322993397713,1024.0,0.5,46,1024.0,0.5,0.005094575695693493,1.0
1.0,1.0,0.029092222452163696,1024.0,0.5,47,1024.0,0.5,0.005256626754999161,1.0
1.0,1.0,0.028252065181732178,1024.0,0.5,47,1024.0,0.5,0.004876784514635801,1.0
1.0,1.0,0.02739865332841873,1024.0,0.5,47,1024.0,0.5,0.004688580520451069,1.0
1.0,1.0,0.027647782117128372,1024.0,0.5,47,1024.0,0.5,0.004830215126276016,1.0
1.0,1.0,0.027878262102603912,1024.0,0.5,48,1024.0,0.5,0.004831433296203613,1.0
1.0,1.0,0.026585696265101433,1024.0,0.5,48,1024.0,0.5,0.00451595988124609,1.0
1.0,1.0,0.02556488662958145,1024.0,0.5,48,1024.0,0.5,0.004258295521140099,1.0
1.0,1.0,0.026197168976068497,1024.0,0.5,48,1024.0,0.5,0.004471814259886742,1.0
1.0,1.0,0.02665410004556179,1024.0,0.5,49,1024.0,0.5,0.004728885367512703,1.0
1.0,1.0,0.02532472088932991,1024.0,0.5,49,1024.0,0.5,0.00430951826274395,1.0
1.0,1.0,0.025656500831246376,1024.0,0.5,49,1024.0,0.5,0.0045023648999631405,1.0
1.0,1.0,0.025219863280653954,1024.0,0.5,49,1024.0,0.5,0.004287476185709238,1.0
1.0,1.0,0.02519100531935692,1024.0,0.5,50,1024.0,0.5,0.004264870658516884,1.0
1.0,1.0,0.02479076385498047,1024.0,0.5,50,1024.0,0.5,0.004202816169708967,1.0
1.0,1.0,0.02393028885126114,1024.0,0.5,50,1024.0,0.5,0.0040586176328361034,1.0
1.0,1.0,0.024493597447872162,1024.0,0.5,50,1024.0,0.5,0.004127289168536663,1.0
1.0,1.0,0.024162840098142624,1024.0,0.5,51,1024.0,0.5,0.004086349159479141,1.0
1.0,1.0,0.023652981966733932,1024.0,0.5,51,1024.0,0.5,0.003923703916370869,1.0
1.0,1.0,0.024405650794506073,1024.0,0.5,51,1024.0,0.5,0.0041424427181482315,1.0
1.0,1.0,0.023518580943346024,1024.0,0.5,51,1024.0,0.5,0.003949104342609644,1.0
1.0,1.0,0.023385724052786827,1024.0,0.5,52,1024.0,0.5,0.003931434825062752,1.0
1.0,1.0,0.021753039211034775,1024.0,0.5,52,1024.0,0.5,0.003558726981282234,1.0
1.0,1.0,0.023190654814243317,1024.0,0.5,52,1024.0,0.5,0.003875322174280882,1.0
1.0,1.0,0.02256147749722004,1024.0,0.5,52,1024.0,0.5,0.003804969135671854,1.0
1.0,1.0,0.02256196364760399,1024.0,0.5,53,1024.0,0.5,0.0037554739974439144,1.0
1.0,1.0,0.02157433144748211,1024.0,0.5,53,1024.0,0.5,0.003571208566427231,1.0
1.0,1.0,0.021853193640708923,1024.0,0.5,53,1024.0,0.5,0.0036282255314290524,1.0
1.0,1.0,0.021422069519758224,1024.0,0.5,53,1024.0,0.5,0.003477928228676319,1.0
1.0,1.0,0.021372303366661072,1024.0,0.5,54,1024.0,0.5,0.003629565006121993,1.0
1.0,1.0,0.02110499143600464,1024.0,0.5,54,1024.0,0.5,0.0034295585937798023,1.0
1.0,1.0,0.020070455968379974,1024.0,0.5,54,1024.0,0.5,0.0032241945154964924,1.0
1.0,1.0,0.021603718400001526,1024.0,0.5,54,1024.0,0.5,0.003672029823064804,1.0
1.0,1.0,0.020975574851036072,1024.0,0.5,55,1024.0,0.5,0.00346346921287477,1.0
1.0,1.0,0.0203065425157547,1024.0,0.5,55,1024.0,0.5,0.0032716915011405945,1.0
1.0,1.0,0.019651366397738457,1024.0,0.5,55,1024.0,0.5,0.003167784307152033,1.0
1.0,1.0,0.020021094009280205,1024.0,0.5,55,1024.0,0.5,0.003260330529883504,1.0
1.0,1.0,0.01966245286166668,1024.0,0.5,56,1024.0,0.5,0.003199462778866291,1.0
1.0,1.0,0.020106133073568344,1024.0,0.5,56,1024.0,0.5,0.0033467805478721857,1.0
1.0,1.0,0.019223220646381378,1024.0,0.5,56,1024.0,0.5,0.0030663167126476765,1.0
1.0,1.0,0.019377876073122025,1024.0,0.5,56,1024.0,0.5,0.003118781838566065,1.0
1.0,1.0,0.017795614898204803,1024.0,0.5,57,1024.0,0.5,0.002787752775475383,1.0
1.0,1.0,0.018980998545885086,1024.0,0.5,57,1024.0,0.5,0.0030899220146238804,1.0
1.0,1.0,0.0184017326682806,1024.0,0.5,57,1024.0,0.5,0.002947885077446699,1.0
1.0,1.0,0.018459657207131386,1024.0,0.5,57,1024.0,0.5,0.002973807044327259,1.0
1.0,1.0,0.018358098343014717,1024.0,0.5,58,1024.0,0.5,0.002951824339106679,1.0
1.0,1.0,0.017980247735977173,1024.0,0.5,58,1024.0,0.5,0.0028626685962080956,1.0
1.0,1.0,0.01791646145284176,1024.0,0.5,58,1024.0,0.5,0.0028884918428957462,1.0
1.0,1.0,0.0181077029556036,1024.0,0.5,58,1024.0,0.5,0.002875064965337515,1.0
1.0,1.0,0.018226463347673416,1024.0,0.5,59,1024.0,0.5,0.0029307957738637924,1.0
1.0,1.0,0.017392292618751526,1024.0,0.5,59,1024.0,0.5,0.0027451422065496445,1.0
1.0,1.0,0.01739540696144104,1024.0,0.5,59,1024.0,0.5,0.0027450649067759514,1.0
1.0,1.0,0.017975613474845886,1024.0,0.5,59,1024.0,0.5,0.002972852671518922,1.0
1.0,1.0,0.017767472192645073,1024.0,0.5,60,1024.0,0.5,0.002829083940014243,1.0
1.0,1.0,0.016884788870811462,1024.0,0.5,60,1024.0,0.5,0.002700932091102004,1.0
1.0,1.0,0.016679421067237854,1024.0,0.5,60,1024.0,0.5,0.0026816553436219692,1.0
1.0,1.0,0.016703343018889427,1024.0,0.5,60,1024.0,0.5,0.0026692147366702557,1.0
1.0,1.0,0.017284713685512543,1024.0,0.5,61,1024.0,0.5,0.002772717736661434,1.0
1.0,1.0,0.016250668093562126,1024.0,0.5,61,1024.0,0.5,0.0025488929823040962,1.0
1.0,1.0,0.01617032289505005,1024.0,0.5,61,1024.0,0.5,0.002500771312043071,1.0
1.0,1.0,0.01651805080473423,1024.0,0.5,61,1024.0,0.5,0.002630437258630991,1.0
1.0,1.0,0.01646529510617256,1024.0,0.5,62,1024.0,0.5,0.0026446718256920576,1.0
1.0,1.0,0.015334620140492916,1024.0,0.5,62,1024.0,0.5,0.002357965335249901,1.0
1.0,1.0,0.016652066260576248,1024.0,0.5,62,1024.0,0.5,0.002698271768167615,1.0
1.0,1.0,0.015552116557955742,1024.0,0.5,62,1024.0,0.5,0.002376576652750373,1.0
1.0,1.0,0.014992993324995041,1024.0,0.5,63,1024.0,0.5,0.0022757009137421846,1.0
1.0,1.0,0.015147412195801735,1024.0,0.5,63,1024.0,0.5,0.0023285276256501675,1.0
1.0,1.0,0.01428732555359602,1024.0,0.5,63,1024.0,0.5,0.0021488945931196213,1.0
1.0,1.0,0.016025148332118988,1024.0,0.5,63,1024.0,0.5,0.0026742450427263975,1.0
1.0,1.0,0.01494661346077919,1024.0,0.5,64,1024.0,0.5,0.002302392851561308,1.0
1.0,1.0,0.014899772591888905,1024.0,0.5,64,1024.0,0.5,0.002308311639353633,1.0
1.0,1.0,0.015023651532828808,1024.0,0.5,64,1024.0,0.5,0.002376063261181116,1.0
1.0,1.0,0.014425832778215408,1024.0,0.5,64,1024.0,0.5,0.0022077085450291634,1.0
1.0,1.0,0.014524300582706928,1024.0,0.5,65,1024.0,0.5,0.0022249086759984493,1.0
1.0,1.0,0.014114700257778168,1024.0,0.5,65,1024.0,0.5,0.0021641019266098738,1.0
1.0,1.0,0.014152245596051216,1024.0,0.5,65,1024.0,0.5,0.002154697198420763,1.0
1.0,1.0,0.014145532622933388,1024.0,0.5,65,1024.0,0.5,0.0021642008796334267,1.0
1.0,1.0,0.014048927463591099,1024.0,0.5,66,1024.0,0.5,0.0021474850364029408,1.0
1.0,1.0,0.014379497617483139,1024.0,0.5,66,1024.0,0.5,0.002310399431735277,1.0
1.0,1.0,0.013663362711668015,1024.0,0.5,66,1024.0,0.5,0.002051588147878647,1.0
1.0,1.0,0.013922050595283508,1024.0,0.5,66,1024.0,0.5,0.002136599039658904,1.0
1.0,1.0,0.013791337609291077,1024.0,0.5,67,1024.0,0.5,0.0021097222343087196,1.0
1.0,1.0,0.013454567641019821,1024.0,0.5,67,1024.0,0.5,0.002064454136416316,1.0
1.0,1.0,0.013477748259902,1024.0,0.5,67,1024.0,0.5,0.0020512680057436228,1.0
1.0,1.0,0.013814405538141727,1024.0,0.5,67,1024.0,0.5,0.0020924697164446115,1.0
1.0,1.0,0.012914549559354782,1024.0,0.5,68,1024.0,0.5,0.0019344617612659931,1.0
1.0,1.0,0.012800818309187889,1024.0,0.5,68,1024.0,0.5,0.001917133922688663,1.0
1.0,1.0,0.013197919353842735,1024.0,0.5,68,1024.0,0.5,0.002017861232161522,1.0
1.0,1.0,0.013207758776843548,1024.0,0.5,68,1024.0,0.5,0.002031706040725112,1.0
1.0,1.0,0.012446874752640724,1024.0,0.5,69,1024.0,0.5,0.001842612400650978,1.0
1.0,1.0,0.013086234219372272,1024.0,0.5,69,1024.0,0.5,0.00201556459069252,1.0
1.0,1.0,0.012547529302537441,1024.0,0.5,69,1024.0,0.5,0.0019006526563316584,1.0
1.0,1.0,0.012389130890369415,1024.0,0.5,69,1024.0,0.5,0.001849858439527452,1.0
1.0,1.0,0.012688469141721725,1024.0,0.5,70,1024.0,0.5,0.0019130606669932604,1.0
1.0,1.0,0.011885793879628181,1024.0,0.5,70,1024.0,0.5,0.0017561311833560467,1.0
1.0,1.0,0.012140488252043724,1024.0,0.5,70,1024.0,0.5,0.0018379953689873219,1.0
1.0,1.0,0.012660283595323563,1024.0,0.5,70,1024.0,0.5,0.0018933401443064213,1.0
1.0,1.0,0.012352494522929192,1024.0,0.5,71,1024.0,0.5,0.0019455834990367293,1.0
1.0,1.0,0.012586311437189579,1024.0,0.5,71,1024.0,0.5,0.0019513482693582773,1.0
1.0,1.0,0.012046510353684425,1024.0,0.5,71,1024.0,0.5,0.0018254895694553852,1.0
1.0,1.0,0.012121189385652542,1024.0,0.5,71,1024.0,0.5,0.0018490490037947893,1.0
1.0,1.0,0.011419687420129776,1024.0,0.5,72,1024.0,0.5,0.0016729383496567607,1.0
1.0,1.0,0.011993220075964928,1024.0,0.5,72,1024.0,0.5,0.0017871058080345392,1.0
1.0,1.0,0.011610944755375385,1024.0,0.5,72,1024.0,0.5,0.0017216168344020844,1.0
1.0,1.0,0.01150351669639349,1024.0,0.5,72,1024.0,0.5,0.0017412789165973663,1.0
1.0,1.0,0.011464064009487629,1024.0,0.5,73,1024.0,0.5,0.001697965431958437,1.0
1.0,1.0,0.010980835184454918,1024.0,0.5,73,1024.0,0.5,0.0015896809054538608,1.0
1.0,1.0,0.01144569180905819,1024.0,0.5,73,1024.0,0.5,0.0016880464972928166,1.0
1.0,1.0,0.011556782759726048,1024.0,0.5,73,1024.0,0.5,0.0017038944642990828,1.0
1.0,1.0,0.011239624582231045,1024.0,0.5,74,1024.0,0.5,0.0016487839166074991,1.0
1.0,1.0,0.0106804883107543,1024.0,0.5,74,1024.0,0.5,0.0015427740290760994,1.0
1.0,1.0,0.011308441869914532,1024.0,0.5,74,1024.0,0.5,0.0016877335729077458,1.0
1.0,1.0,0.010915752500295639,1024.0,0.5,74,1024.0,0.5,0.001627761172130704,1.0
1.0,1.0,0.0107488501816988,1024.0,0.5,75,1024.0,0.5,0.0015863915905356407,1.0
1.0,1.0,0.010643918067216873,1024.0,0.5,75,1024.0,0.5,0.0015833168290555477,1.0
1.0,1.0,0.010988280177116394,1024.0,0.5,75,1024.0,0.5,0.001614118809811771,1.0
1.0,1.0,0.010432785376906395,1024.0,0.5,75,1024.0,0.5,0.0015035858377814293,1.0
1.0,1.0,0.010417573153972626,1024.0,0.5,76,1024.0,0.5,0.0015188856050372124,1.0
1.0,1.0,0.010964840650558472,1024.0,0.5,76,1024.0,0.5,0.0016253474168479443,1.0
1.0,1.0,0.010334265418350697,1024.0,0.5,76,1024.0,0.5,0.0015153498388826847,1.0
1.0,1.0,0.010464627295732498,1024.0,0.5,76,1024.0,0.5,0.0014992296928539872,1.0
1.0,1.0,0.010154166258871555,1024.0,0.5,77,1024.0,0.5,0.0014521378325298429,1.0
1.0,1.0,0.010259184055030346,1024.0,0.5,77,1024.0,0.5,0.001511500682681799,1.0
1.0,1.0,0.009671289473772049,1024.0,0.5,77,1024.0,0.5,0.0013768596109002829,1.0
1.0,1.0,0.010096440091729164,1024.0,0.5,77,1024.0,0.5,0.0015161364572122693,1.0
1.0,1.0,0.010620287619531155,1024.0,0.5,78,1024.0,0.5,0.0016265755984932184,1.0
1.0,1.0,0.009581834077835083,1024.0,0.5,78,1024.0,0.5,0.0013857618905603886,1.0
1.0,1.0,0.009871442802250385,1024.0,0.5,78,1024.0,0.5,0.0014249947853386402,1.0
1.0,1.0,0.010121514089405537,1024.0,0.5,78,1024.0,0.5,0.0015289804432541132,1.0
1.0,1.0,0.009279494173824787,1024.0,0.5,79,1024.0,0.5,0.0012956485152244568,1.0
1.0,1.0,0.009862310253083706,1024.0,0.5,79,1024.0,0.5,0.001431252108886838,1.0
1.0,1.0,0.009786918759346008,1024.0,0.5,79,1024.0,0.5,0.0014103659195825458,1.0
1.0,1.0,0.00947670266032219,1024.0,0.5,79,1024.0,0.5,0.0014008660800755024,1.0
1.0,1.0,0.009885789826512337,1024.0,0.5,80,1024.0,0.5,0.001459154998883605,1.0
1.0,1.0,0.009691308252513409,1024.0,0.5,80,1024.0,0.5,0.0013935586903244257,1.0
1.0,1.0,0.009035509079694748,1024.0,0.5,80,1024.0,0.5,0.0012949209194630384,1.0
1.0,1.0,0.009134367108345032,1024.0,0.5,80,1024.0,0.5,0.001300337491557002,1.0
1.0,1.0,0.009122004732489586,1024.0,0.5,81,1024.0,0.5,0.0012811272172257304,1.0
1.0,1.0,0.009080741554498672,1024.0,0.5,81,1024.0,0.5,0.0012915991246700287,1.0
1.0,1.0,0.009274682030081749,1024.0,0.5,81,1024.0,0.5,0.0013327604392543435,1.0
1.0,1.0,0.008976230397820473,1024.0,0.5,81,1024.0,0.5,0.0012761983089148998,1.0
1.0,1.0,0.009705036878585815,1024.0,0.5,82,1024.0,0.5,0.0015363867860287428,1.0
1.0,1.0,0.00895758718252182,1024.0,0.5,82,1024.0,0.5,0.0012812078930437565,1.0
1.0,1.0,0.008803675882518291,1024.0,0.5,82,1024.0,0.5,0.0012430365895852447,1.0
1.0,1.0,0.008870713412761688,1024.0,0.5,82,1024.0,0.5,0.0012594485888257623,1.0
1.0,1.0,0.009213121607899666,1024.0,0.5,83,1024.0,0.5,0.0014623820316046476,1.0
1.0,1.0,0.008640541695058346,1024.0,0.5,83,1024.0,0.5,0.0012127961963415146,1.0
1.0,1.0,0.008869745768606663,1024.0,0.5,83,1024.0,0.5,0.0013048711698502302,1.0
1.0,1.0,0.008828711695969105,1024.0,0.5,83,1024.0,0.5,0.0012686785776168108,1.0
1.0,1.0,0.008654200471937656,1024.0,0.5,84,1024.0,0.5,0.0012120680185034871,1.0
1.0,1.0,0.008894655853509903,1024.0,0.5,84,1024.0,0.5,0.0013061065692454576,1.0
1.0,1.0,0.008083568885922432,1024.0,0.5,84,1024.0,0.5,0.0011345669627189636,1.0
1.0,1.0,0.008915887214243412,1024.0,0.5,84,1024.0,0.5,0.0013003693893551826,1.0
1.0,1.0,0.007959608919918537,1024.0,0.5,85,1024.0,0.5,0.0010951573494821787,1.0
1.0,1.0,0.008317934349179268,1024.0,0.5,85,1024.0,0.5,0.001177157973870635,1.0
1.0,1.0,0.008283651433885098,1024.0,0.5,85,1024.0,0.5,0.0011725244112312794,1.0
1.0,1.0,0.008376672863960266,1024.0,0.5,85,1024.0,0.5,0.001185905304737389,1.0
1.0,1.0,0.00770054804161191,1024.0,0.5,86,1024.0,0.5,0.0010571840684860945,1.0
1.0,1.0,0.008292471058666706,1024.0,0.5,86,1024.0,0.5,0.0011637379648163915,1.0
1.0,1.0,0.007822027429938316,1024.0,0.5,86,1024.0,0.5,0.0010803636396303773,1.0
1.0,1.0,0.007711803540587425,1024.0,0.5,86,1024.0,0.5,0.0010730053763836622,1.0
1.0,1.0,0.00800530705600977,1024.0,0.5,87,1024.0,0.5,0.001120847649872303,1.0
1.0,1.0,0.0077926781959831715,1024.0,0.5,87,1024.0,0.5,0.001084903022274375,1.0
1.0,1.0,0.008238367736339569,1024.0,0.5,87,1024.0,0.5,0.001238225493580103,1.0
1.0,1.0,0.008233938366174698,1024.0,0.5,87,1024.0,0.5,0.0011819240171462297,1.0
1.0,1.0,0.008134480565786362,1024.0,0.5,88,1024.0,0.5,0.0011573215015232563,1.0
1.0,1.0,0.007722230162471533,1024.0,0.5,88,1024.0,0.5,0.001168305054306984,1.0
1.0,1.0,0.007551627233624458,1024.0,0.5,88,1024.0,0.5,0.0010778718860819936,1.0
1.0,1.0,0.007915523834526539,1024.0,0.5,88,1024.0,0.5,0.0011385164689272642,1.0
1.0,1.0,0.007300435099750757,1024.0,0.5,89,1024.0,0.5,0.0010044727241620421,1.0
1.0,1.0,0.007696747779846191,1024.0,0.5,89,1024.0,0.5,0.0011210108641535044,1.0
1.0,1.0,0.007997818291187286,1024.0,0.5,89,1024.0,0.5,0.0011694775894284248,1.0
1.0,1.0,0.007430096156895161,1024.0,0.5,89,1024.0,0.5,0.001023707678541541,1.0
1.0,1.0,0.007635635323822498,1024.0,0.5,90,1024.0,0.5,0.0011251268442720175,1.0
1.0,1.0,0.007573730777949095,1024.0,0.5,90,1024.0,0.5,0.0010505359387025237,1.0
1.0,1.0,0.007416110951453447,1024.0,0.5,90,1024.0,0.5,0.0010392832336947322,1.0
1.0,1.0,0.0072695729322731495,1024.0,0.5,90,1024.0,0.5,0.0010225248988717794,1.0
1.0,1.0,0.006994929164648056,1024.0,0.5,91,1024.0,0.5,0.0009581111371517181,1.0
1.0,1.0,0.007052731700241566,1024.0,0.5,91,1024.0,0.5,0.0009556275326758623,1.0
1.0,1.0,0.007297171745449305,1024.0,0.5,91,1024.0,0.5,0.001015132525935769,1.0
1.0,1.0,0.007258433848619461,1024.0,0.5,91,1024.0,0.5,0.0009944553021341562,1.0
1.0,1.0,0.0074342843145132065,1024.0,0.5,92,1024.0,0.5,0.0010412497213110328,1.0
1.0,1.0,0.007210221607238054,1024.0,0.5,92,1024.0,0.5,0.0010013084392994642,1.0
1.0,1.0,0.006845420226454735,1024.0,0.5,92,1024.0,0.5,0.0009207108523696661,1.0
1.0,1.0,0.006945999339222908,1024.0,0.5,92,1024.0,0.5,0.0009400356793776155,1.0
1.0,1.0,0.007117768749594688,1024.0,0.5,93,1024.0,0.5,0.0009910855442285538,1.0
1.0,1.0,0.00664507644250989,1024.0,0.5,93,1024.0,0.5,0.0008905914146453142,1.0
1.0,1.0,0.00679238885641098,1024.0,0.5,93,1024.0,0.5,0.0009262314415536821,1.0
1.0,1.0,0.007011475972831249,1024.0,0.5,93,1024.0,0.5,0.0009676206391304731,1.0
1.0,1.0,0.007017477415502071,1024.0,0.5,94,1024.0,0.5,0.0009691350278444588,1.0
1.0,1.0,0.007338644936680794,1024.0,0.5,94,1024.0,0.5,0.0010629220632836223,1.0
1.0,1.0,0.006482607685029507,1024.0,0.5,94,1024.0,0.5,0.0008703244966454804,1.0
1.0,1.0,0.006403930485248566,1024.0,0.5,94,1024.0,0.5,0.0008593680104240775,1.0
1.0,1.0,0.006414280738681555,1024.0,0.5,95,1024.0,0.5,0.0008504401193931699,1.0
1.0,1.0,0.006709457375109196,1024.0,0.5,95,1024.0,0.5,0.0009056300623342395,1.0
1.0,1.0,0.006529458798468113,1024.0,0.5,95,1024.0,0.5,0.000928208464756608,1.0
1.0,1.0,0.0067558810114860535,1024.0,0.5,95,1024.0,0.5,0.0009596901945769787,1.0
1.0,1.0,0.0066924565471708775,1024.0,0.5,96,1024.0,0.5,0.0009244591929018497,1.0
1.0,1.0,0.006548742763698101,1024.0,0.5,96,1024.0,0.5,0.0008925582515075803,1.0
1.0,1.0,0.006489335559308529,1024.0,0.5,96,1024.0,0.5,0.000892900861799717,1.0
1.0,1.0,0.006803483236581087,1024.0,0.5,96,1024.0,0.5,0.0009634726447984576,1.0
1.0,1.0,0.006419224664568901,1024.0,0.5,97,1024.0,0.5,0.000872334698215127,1.0
1.0,1.0,0.006871623918414116,1024.0,0.5,97,1024.0,0.5,0.0009840133134275675,1.0
1.0,1.0,0.006145738065242767,1024.0,0.5,97,1024.0,0.5,0.0008180512813851237,1.0
1.0,1.0,0.006421918980777264,1024.0,0.5,97,1024.0,0.5,0.0008771387510932982,1.0
1.0,1.0,0.0063989413902163506,1024.0,0.5,98,1024.0,0.5,0.000875475350767374,1.0
1.0,1.0,0.006090488750487566,1024.0,0.5,98,1024.0,0.5,0.0008027858566492796,1.0
1.0,1.0,0.006583542097359896,1024.0,0.5,98,1024.0,0.5,0.0009336793445982039,1.0
1.0,1.0,0.006499892100691795,1024.0,0.5,98,1024.0,0.5,0.000898811558727175,1.0
1.0,1.0,0.0066627757623791695,1024.0,0.5,99,1024.0,0.5,0.0009234830504283309,1.0
1.0,1.0,0.006224136799573898,1024.0,0.5,99,1024.0,0.5,0.0008455908391624689,1.0
1.0,1.0,0.006104453466832638,1024.0,0.5,99,1024.0,0.5,0.000812093261629343,1.0
1.0,1.0,0.005987975280731916,1024.0,0.5,99,1024.0,0.5,0.0008144074236042798,1.0
1.0,1.0,0.005952203180640936,1024.0,0.5,100,1024.0,0.5,0.000795916945207864,1.0
1.0,1.0,0.0057789939455688,1024.0,0.5,100,1024.0,0.5,0.000771829450968653,1.0
1.0,1.0,0.005833319388329983,1024.0,0.5,100,1024.0,0.5,0.0007690595230087638,1.0
1.0,1.0,0.005796460434794426,1024.0,0.5,100,1024.0,0.5,0.0007604197598993778,1.0
1.0,1.0,0.00581946037709713,1024.0,0.5,101,1024.0,0.5,0.0007653014035895467,1.0
1.0,1.0,0.006132715847343206,1024.0,0.5,101,1024.0,0.5,0.0008519420516677201,1.0
1.0,1.0,0.005837321747094393,1024.0,0.5,101,1024.0,0.5,0.0007898065377958119,1.0
1.0,1.0,0.006005511153489351,1024.0,0.5,101,1024.0,0.5,0.0008323861984536052,1.0
1.0,1.0,0.005917746108025312,1024.0,0.5,102,1024.0,0.5,0.0008074827492237091,1.0
1.0,1.0,0.005604476667940617,1024.0,0.5,102,1024.0,0.5,0.0007378297159448266,1.0
1.0,1.0,0.005763765890151262,1024.0,0.5,102,1024.0,0.5,0.000794512452557683,1.0
1.0,1.0,0.005354239605367184,1024.0,0.5,102,1024.0,0.5,0.000696418690495193,1.0
1.0,1.0,0.005426320247352123,1024.0,0.5,103,1024.0,0.5,0.0007124102558009326,1.0
1.0,1.0,0.005659419111907482,1024.0,0.5,103,1024.0,0.5,0.0007477530743926764,1.0
1.0,1.0,0.006148232612758875,1024.0,0.5,103,1024.0,0.5,0.0009338259696960449,1.0
1.0,1.0,0.005342357791960239,1024.0,0.5,103,1024.0,0.5,0.0006889562937431037,1.0
1.0,1.0,0.005686677992343903,1024.0,0.5,104,1024.0,0.5,0.0007541833911091089,1.0
1.0,1.0,0.005539082922041416,1024.0,0.5,104,1024.0,0.5,0.0007328243809752166,1.0
1.0,1.0,0.005656145513057709,1024.0,0.5,104,1024.0,0.5,0.0007759768050163984,1.0
1.0,1.0,0.005832732189446688,1024.0,0.5,104,1024.0,0.5,0.0007955291075631976,1.0
1.0,1.0,0.005555749870836735,1024.0,0.5,105,1024.0,0.5,0.0007559176301583648,1.0
1.0,1.0,0.005612797103822231,1024.0,0.5,105,1024.0,0.5,0.0007920015486888587,1.0
1.0,1.0,0.005463338922709227,1024.0,0.5,105,1024.0,0.5,0.0007455159211531281,1.0
1.0,1.0,0.005311197135597467,1024.0,0.5,105,1024.0,0.5,0.0006982922786846757,1.0
1.0,1.0,0.0054968055337667465,1024.0,0.5,106,1024.0,0.5,0.0007468524854630232,1.0
1.0,1.0,0.005469481460750103,1024.0,0.5,106,1024.0,0.5,0.0007376817520707846,1.0
1.0,1.0,0.005222305189818144,1024.0,0.5,106,1024.0,0.5,0.0006780067342333496,1.0
1.0,1.0,0.0054892562329769135,1024.0,0.5,106,1024.0,0.5,0.0007259682170115411,1.0
1.0,1.0,0.005282942205667496,1024.0,0.5,107,1024.0,0.5,0.0007132215541787446,1.0
1.0,1.0,0.004940946586430073,1024.0,0.5,107,1024.0,0.5,0.0006309809978120029,1.0
1.0,1.0,0.005473550409078598,1024.0,0.5,107,1024.0,0.5,0.0007556829368695617,1.0
1.0,1.0,0.00501882703974843,1024.0,0.5,107,1024.0,0.5,0.0006521633476950228,1.0
1.0,1.0,0.005258575081825256,1024.0,0.5,108,1024.0,0.5,0.0007186164148151875,1.0
1.0,1.0,0.005016767419874668,1024.0,0.5,108,1024.0,0.5,0.0006533359410241246,1.0
1.0,1.0,0.004950994625687599,1024.0,0.5,108,1024.0,0.5,0.0006375873927026987,1.0
1.0,1.0,0.004887118935585022,1024.0,0.5,108,1024.0,0.5,0.000630326452665031,1.0
1.0,1.0,0.005194709636271,1024.0,0.5,109,1024.0,0.5,0.00071037991438061,1.0
1.0,1.0,0.005222190171480179,1024.0,0.5,109,1024.0,0.5,0.0007416015723720193,1.0
1.0,1.0,0.0049205077812075615,1024.0,0.5,109,1024.0,0.5,0.000638125347904861,1.0
1.0,1.0,0.004720927216112614,1024.0,0.5,109,1024.0,0.5,0.0006067999638617039,1.0
1.0,1.0,0.004925740882754326,1024.0,0.5,110,1024.0,0.5,0.0006423930171877146,1.0
1.0,1.0,0.005071950610727072,1024.0,0.5,110,1024.0,0.5,0.0006812494248151779,1.0
1.0,1.0,0.004872588440775871,1024.0,0.5,110,1024.0,0.5,0.0006358844693750143,1.0
1.0,1.0,0.004749988205730915,1024.0,0.5,110,1024.0,0.5,0.0006107775261625648,1.0
1.0,1.0,0.004824953153729439,1024.0,0.5,111,1024.0,0.5,0.0006256772321648896,1.0
1.0,1.0,0.004793507046997547,1024.0,0.5,111,1024.0,0.5,0.000618963735178113,1.0
1.0,1.0,0.005044403485953808,1024.0,0.5,111,1024.0,0.5,0.0006785052828490734,1.0
1.0,1.0,0.004576418548822403,1024.0,0.5,111,1024.0,0.5,0.0005945194861851633,1.0
1.0,1.0,0.004745950922369957,1024.0,0.5,112,1024.0,0.5,0.0006303117843344808,1.0
1.0,1.0,0.004859160631895065,1024.0,0.5,112,1024.0,0.5,0.0006444464670494199,1.0
1.0,1.0,0.004565021954476833,1024.0,0.5,112,1024.0,0.5,0.0005853772163391113,1.0
1.0,1.0,0.004855192266404629,1024.0,0.5,112,1024.0,0.5,0.0006492024986073375,1.0
1.0,1.0,0.00472367275506258,1024.0,0.5,113,1024.0,0.5,0.0006471744854934514,1.0
1.0,1.0,0.004777592606842518,1024.0,0.5,113,1024.0,0.5,0.0006371582276187837,1.0
1.0,1.0,0.004964010789990425,1024.0,0.5,113,1024.0,0.5,0.0006922255852259696,1.0
1.0,1.0,0.004556412808597088,1024.0,0.5,113,1024.0,0.5,0.0006118977908045053,1.0
1.0,1.0,0.004513927735388279,1024.0,0.5,114,1024.0,0.5,0.000575492565985769,1.0
1.0,1.0,0.004624608904123306,1024.0,0.5,114,1024.0,0.5,0.0006151247071102262,1.0
1.0,1.0,0.004480123054236174,1024.0,0.5,114,1024.0,0.5,0.0005726227536797523,1.0
1.0,1.0,0.004642428830265999,1024.0,0.5,114,1024.0,0.5,0.000609132694080472,1.0
1.0,1.0,0.004223216325044632,1024.0,0.5,115,1024.0,0.5,0.0005302753997966647,1.0
1.0,1.0,0.004472120199352503,1024.0,0.5,115,1024.0,0.5,0.0005746546667069197,1.0
1.0,1.0,0.004204811528325081,1024.0,0.5,115,1024.0,0.5,0.0005268607055768371,1.0
1.0,1.0,0.0045564970932900906,1024.0,0.5,115,1024.0,0.5,0.0006056958809494972,1.0
1.0,1.0,0.004553025588393211,1024.0,0.5,116,1024.0,0.5,0.0005975072272121906,1.0
1.0,1.0,0.00438260193914175,1024.0,0.5,116,1024.0,0.5,0.0005557849071919918,1.0
1.0,1.0,0.004484052769839764,1024.0,0.5,116,1024.0,0.5,0.0005975017556920648,1.0
1.0,1.0,0.004479921422898769,1024.0,0.5,116,1024.0,0.5,0.0005796425975859165,1.0
1.0,1.0,0.0042733317241072655,1024.0,0.5,117,1024.0,0.5,0.000554904923774302,1.0
1.0,1.0,0.004271010868251324,1024.0,0.5,117,1024.0,0.5,0.0005695418221876025,1.0
1.0,1.0,0.004360467195510864,1024.0,0.5,117,1024.0,0.5,0.000567863171454519,1.0
1.0,1.0,0.004500740207731724,1024.0,0.5,117,1024.0,0.5,0.0005946785677224398,1.0
1.0,1.0,0.00451639061793685,1024.0,0.5,118,1024.0,0.5,0.0006539058522321284,1.0
1.0,1.0,0.004110599867999554,1024.0,0.5,118,1024.0,0.5,0.0005088397883810103,1.0
1.0,1.0,0.00463229650631547,1024.0,0.5,118,1024.0,0.5,0.0006333100609481335,1.0
1.0,1.0,0.0042079174891114235,1024.0,0.5,118,1024.0,0.5,0.0005477095255628228,1.0
1.0,1.0,0.004113784059882164,1024.0,0.5,119,1024.0,0.5,0.0005256255390122533,1.0
1.0,1.0,0.004413503687828779,1024.0,0.5,119,1024.0,0.5,0.0005746238748542964,1.0
1.0,1.0,0.004157748073339462,1024.0,0.5,119,1024.0,0.5,0.0005363321397453547,1.0
1.0,1.0,0.004294330719858408,1024.0,0.5,119,1024.0,0.5,0.0005540280835703015,1.0
1.0,1.0,0.004323743283748627,1024.0,0.5,120,1024.0,0.5,0.0005699845496565104,1.0
1.0,1.0,0.004257830325514078,1024.0,0.5,120,1024.0,0.5,0.0005486031295731664,1.0
1.0,1.0,0.0040918439626693726,1024.0,0.5,120,1024.0,0.5,0.0005197743885219097,1.0
1.0,1.0,0.004358375445008278,1024.0,0.5,120,1024.0,0.5,0.0005993826780468225,1.0
1.0,1.0,0.00407753698527813,1024.0,0.5,121,1024.0,0.5,0.0005311316344887018,1.0
1.0,1.0,0.003912982065230608,1024.0,0.5,121,1024.0,0.5,0.0004931009607389569,1.0
1.0,1.0,0.004132844507694244,1024.0,0.5,121,1024.0,0.5,0.0005474749486893415,1.0
1.0,1.0,0.004517366643995047,1024.0,0.5,121,1024.0,0.5,0.0006533769192174077,1.0
1.0,1.0,0.0038953740149736404,1024.0,0.5,122,1024.0,0.5,0.0004989061853848398,1.0
1.0,1.0,0.0039620231837034225,1024.0,0.5,122,1024.0,0.5,0.0005014114431105554,1.0
1.0,1.0,0.0039060614071786404,1024.0,0.5,122,1024.0,0.5,0.0005099502159282565,1.0
1.0,1.0,0.00398542545735836,1024.0,0.5,122,1024.0,0.5,0.000506669282913208,1.0
1.0,1.0,0.003949545789510012,1024.0,0.5,123,1024.0,0.5,0.0005261469632387161,1.0
1.0,1.0,0.0038508006837219,1024.0,0.5,123,1024.0,0.5,0.000478875677799806,1.0
1.0,1.0,0.004015213344246149,1024.0,0.5,123,1024.0,0.5,0.0005256522563286126,1.0
1.0,1.0,0.0039037519600242376,1024.0,0.5,123,1024.0,0.5,0.0004958459758199751,1.0
1.0,1.0,0.0038960035890340805,1024.0,0.5,124,1024.0,0.5,0.0004902388900518417,1.0
1.0,1.0,0.003909500781446695,1024.0,0.5,124,1024.0,0.5,0.0005007589934393764,1.0
1.0,1.0,0.0037808555644005537,1024.0,0.5,124,1024.0,0.5,0.00047272691153921187,1.0
1.0,1.0,0.0038704131729900837,1024.0,0.5,124,1024.0,0.5,0.0004940491635352373,1.0
1.0,1.0,0.0037554120644927025,1024.0,0.5,125,1024.0,0.5,0.0004709226777777076,1.0
1.0,1.0,0.004030434414744377,1024.0,0.5,125,1024.0,0.5,0.0005407442222349346,1.0
1.0,1.0,0.003849905449897051,1024.0,0.5,125,1024.0,0.5,0.0004967395216226578,1.0
1.0,1.0,0.003566531930118799,1024.0,0.5,125,1024.0,0.5,0.0004405870276968926,1.0
1.0,1.0,0.0036202603951096535,1024.0,0.5,126,1024.0,0.5,0.0004472309665288776,1.0
1.0,1.0,0.0036451383493840694,1024.0,0.5,126,1024.0,0.5,0.00045302449143491685,1.0
1.0,1.0,0.003702810499817133,1024.0,0.5,126,1024.0,0.5,0.00046613559243269265,1.0
1.0,1.0,0.0037941839545965195,1024.0,0.5,126,1024.0,0.5,0.0004851000849157572,1.0
1.0,1.0,0.003832189366221428,1024.0,0.5,127,1024.0,0.5,0.0004980233497917652,1.0
1.0,1.0,0.003848746418952942,1024.0,0.5,127,1024.0,0.5,0.0004985733539797366,1.0
1.0,1.0,0.003927567508071661,1024.0,0.5,127,1024.0,0.5,0.0005231155082583427,1.0
1.0,1.0,0.003636701963841915,1024.0,0.5,127,1024.0,0.5,0.0004834520514123142,1.0
1.0,1.0,0.0037111747078597546,1024.0,0.5,128,1024.0,0.5,0.000467525765998289,1.0
1.0,1.0,0.0038216360844671726,1024.0,0.5,128,1024.0,0.5,0.0005002936231903732,1.0
1.0,1.0,0.0035602585412561893,1024.0,0.5,128,1024.0,0.5,0.00044849346159026027,1.0
1.0,1.0,0.0034336133394390345,1024.0,0.5,128,1024.0,0.5,0.0004214496584609151,1.0
1.0,1.0,0.0034627681598067284,1024.0,0.5,129,1024.0,0.5,0.000423057732405141,1.0
1.0,1.0,0.0036478624679148197,1024.0,0.5,129,1024.0,0.5,0.000465307297417894,1.0
1.0,1.0,0.0032642486039549112,1024.0,0.5,129,1024.0,0.5,0.00039218534948304296,1.0
1.0,1.0,0.0033928388729691505,1024.0,0.5,129,1024.0,0.5,0.000412387220421806,1.0
1.0,1.0,0.0034680035896599293,1024.0,0.5,130,1024.0,0.5,0.00043068185914307833,1.0
1.0,1.0,0.003606450278311968,1024.0,0.5,130,1024.0,0.5,0.00045492887147702277,1.0
1.0,1.0,0.003619696479290724,1024.0,0.5,130,1024.0,0.5,0.0004637675592675805,1.0
1.0,1.0,0.0035294850822538137,1024.0,0.5,130,1024.0,0.5,0.00044774546404369175,1.0
1.0,1.0,0.0035624050069600344,1024.0,0.5,131,1024.0,0.5,0.00046147758257575333,1.0
1.0,1.0,0.003558933036401868,1024.0,0.5,131,1024.0,0.5,0.00044422491919249296,1.0
1.0,1.0,0.003515068208798766,1024.0,0.5,131,1024.0,0.5,0.0004458843031898141,1.0
1.0,1.0,0.0034789848141372204,1024.0,0.5,131,1024.0,0.5,0.0004679837147705257,1.0
1.0,1.0,0.003380522597581148,1024.0,0.5,132,1024.0,0.5,0.00043207535054534674,1.0
1.0,1.0,0.003306377911940217,1024.0,0.5,132,1024.0,0.5,0.0004027477989438921,1.0
1.0,1.0,0.003607048187404871,1024.0,0.5,132,1024.0,0.5,0.0004727642226498574,1.0
1.0,1.0,0.003446265822276473,1024.0,0.5,132,1024.0,0.5,0.0004351809620857239,1.0
1.0,1.0,0.0032689236104488373,1024.0,0.5,133,1024.0,0.5,0.0003995150909759104,1.0
1.0,1.0,0.0036315922625362873,1024.0,0.5,133,1024.0,0.5,0.0004889627452939749,1.0
1.0,1.0,0.003122235182672739,1024.0,0.5,133,1024.0,0.5,0.0003837945987470448,1.0
1.0,1.0,0.003420167835429311,1024.0,0.5,133,1024.0,0.5,0.0004255504463799298,1.0
1.0,1.0,0.0032107611186802387,1024.0,0.5,134,1024.0,0.5,0.00039133266545832157,1.0
1.0,1.0,0.0033674361184239388,1024.0,0.5,134,1024.0,0.5,0.0004480419447645545,1.0
1.0,1.0,0.0031094911973923445,1024.0,0.5,134,1024.0,0.5,0.00037549648550339043,1.0
1.0,1.0,0.0035243763122707605,1024.0,0.5,134,1024.0,0.5,0.0004741325683426112,1.0
1.0,1.0,0.003076850902289152,1024.0,0.5,135,1024.0,0.5,0.00037013328983448446,1.0
1.0,1.0,0.003315717214718461,1024.0,0.5,135,1024.0,0.5,0.0004190665204077959,1.0
1.0,1.0,0.0032221004366874695,1024.0,0.5,135,1024.0,0.5,0.000407893443480134,1.0
1.0,1.0,0.0031246438156813383,1024.0,0.5,135,1024.0,0.5,0.00038375426083803177,1.0
1.0,1.0,0.0032052965834736824,1024.0,0.5,136,1024.0,0.5,0.0003991189878433943,1.0
1.0,1.0,0.0032977131195366383,1024.0,0.5,136,1024.0,0.5,0.00041723635513335466,1.0
1.0,1.0,0.0031511385459452868,1024.0,0.5,136,1024.0,0.5,0.0003884878824464977,1.0
1.0,1.0,0.003411253448575735,1024.0,0.5,136,1024.0,0.5,0.00048155689728446305,1.0
1.0,1.0,0.003059468697756529,1024.0,0.5,137,1024.0,0.5,0.00037090491969138384,1.0
1.0,1.0,0.0031353887170553207,1024.0,0.5,137,1024.0,0.5,0.00039433056372217834,1.0
1.0,1.0,0.003189981682226062,1024.0,0.5,137,1024.0,0.5,0.0004118358192499727,1.0
1.0,1.0,0.0032717043068259954,1024.0,0.5,137,1024.0,0.5,0.0004077062476426363,1.0
1.0,1.0,0.003018952440470457,1024.0,0.5,138,1024.0,0.5,0.0003683082468342036,1.0
1.0,1.0,0.003144348505884409,1024.0,0.5,138,1024.0,0.5,0.0003908170619979501,1.0
1.0,1.0,0.003142828121781349,1024.0,0.5,138,1024.0,0.5,0.00038704066537320614,1.0
1.0,1.0,0.0031455974094569683,1024.0,0.5,138,1024.0,0.5,0.00039399851812049747,1.0
1.0,1.0,0.002951555885374546,1024.0,0.5,139,1024.0,0.5,0.0003544028731994331,1.0
1.0,1.0,0.0031248661689460278,1024.0,0.5,139,1024.0,0.5,0.0003820546844508499,1.0
1.0,1.0,0.0030169496312737465,1024.0,0.5,139,1024.0,0.5,0.00037898539449088275,1.0
1.0,1.0,0.0029711138922721148,1024.0,0.5,139,1024.0,0.5,0.00036332831950858235,1.0
1.0,1.0,0.0029402112122625113,1024.0,0.5,140,1024.0,0.5,0.0003576289163902402,1.0
1.0,1.0,0.003105624346062541,1024.0,0.5,140,1024.0,0.5,0.00038552843034267426,1.0
1.0,1.0,0.003080974332988262,1024.0,0.5,140,1024.0,0.5,0.00037716253427788615,1.0
1.0,1.0,0.002892792224884033,1024.0,0.5,140,1024.0,0.5,0.0003490934323053807,1.0
1.0,1.0,0.00296245189383626,1024.0,0.5,141,1024.0,0.5,0.0003688847937155515,1.0
1.0,1.0,0.0029963431879878044,1024.0,0.5,141,1024.0,0.5,0.00036655948497354984,1.0
1.0,1.0,0.0031082862988114357,1024.0,0.5,141,1024.0,0.5,0.00038860461791045964,1.0
1.0,1.0,0.0029344402719289064,1024.0,0.5,141,1024.0,0.5,0.0003701761597767472,1.0
1.0,1.0,0.003014553803950548,1024.0,0.5,142,1024.0,0.5,0.00037322845309972763,1.0
1.0,1.0,0.0030166024807840586,1024.0,0.5,142,1024.0,0.5,0.00038341875188052654,1.0
1.0,1.0,0.003112460020929575,1024.0,0.5,142,1024.0,0.5,0.0003995896549895406,1.0
1.0,1.0,0.0027806279249489307,1024.0,0.5,142,1024.0,0.5,0.0003322675474919379,1.0
1.0,1.0,0.0031339966226369143,1024.0,0.5,143,1024.0,0.5,0.00040702539263293147,1.0
1.0,1.0,0.0029440000653266907,1024.0,0.5,143,1024.0,0.5,0.00036772683961316943,1.0
1.0,1.0,0.0029410552233457565,1024.0,0.5,143,1024.0,0.5,0.00038214391679503024,1.0
1.0,1.0,0.002897992730140686,1024.0,0.5,143,1024.0,0.5,0.0003573856665752828,1.0
1.0,1.0,0.0028628120198845863,1024.0,0.5,144,1024.0,0.5,0.0003463982720859349,1.0
1.0,1.0,0.0028547183610498905,1024.0,0.5,144,1024.0,0.5,0.0003537796437740326,1.0
1.0,1.0,0.002933037932962179,1024.0,0.5,144,1024.0,0.5,0.00036756432382389903,1.0
1.0,1.0,0.0028597733471542597,1024.0,0.5,144,1024.0,0.5,0.00035263493191450834,1.0
