#{"t_start": 1657276463.5598137, "env_id": "Walker2d-v2"}
return,length,time
85.402935,103,3.228816
84.508879,103,3.29985
83.844324,101,3.370212
85.276155,105,3.444664
87.03898,104,3.547792
107.049036,121,3.710114
289.026316,266,3.942856
118.950609,231,4.197042
111.721082,125,4.284923
81.239267,98,4.376169
95.479361,116,4.462841
245.203546,229,4.625209
88.622953,107,4.733052
281.294235,258,4.927517
206.323677,223,5.083724
110.567502,127,5.171676
93.856757,110,5.257841
178.216058,172,5.378278
83.08836,105,5.454391
98.720535,114,5.535106
0.780642,27,12.157393
0.567909,26,12.174947
0.707713,27,12.193166
0.938373,27,12.211426
0.156946,26,12.22943
0.308779,26,12.248045
0.215098,26,12.266091
0.974035,27,12.28472
0.590739,27,12.303198
0.281499,26,12.32101
0.242347,26,12.339099
0.258778,26,12.356647
0.440684,26,12.411818
0.064776,26,12.442119
0.210818,26,12.460533
0.154648,26,12.479322
0.882836,27,12.498458
0.215039,26,12.517315
-0.091957,26,12.535984
0.601793,26,12.554543
-0.214836,25,18.006055
-0.156835,25,18.024736
-0.491408,24,18.042599
-1.0113,24,18.06015
-0.432459,25,18.079143
-0.830152,24,18.096498
-0.421303,25,18.123602
-0.894439,24,18.146984
-0.895575,24,18.192623
0.003544,25,18.216713
-0.815692,24,18.2407
-0.977856,24,18.261254
-1.060613,24,18.278709
-1.027159,24,18.295541
-0.730936,24,18.313762
-0.784665,24,18.330102
-0.129525,25,18.348212
-0.797498,24,18.365494
-0.750451,24,18.383041
-0.271712,25,18.404445
-6.178518,55,24.207294
-6.448011,55,24.247562
-6.799467,52,24.285374
-5.083427,54,24.324844
-7.055695,52,24.36152
-5.724855,53,24.39982
-6.69765,51,24.436816
-5.719651,54,24.474627
-6.567987,55,24.512909
-6.784009,49,24.547624
-6.033462,54,24.585956
-7.345831,54,24.651879
-6.486117,54,24.715008
-5.596907,53,24.753691
-6.65388,54,24.791
-5.970376,54,24.829229
-6.839531,54,24.86575
-6.155594,53,24.903658
-5.462526,55,24.941261
-6.764834,50,24.975806
-4.667478,49,31.117201
-3.814151,45,31.156669
-3.087134,45,31.196419
-4.622564,47,31.238967
-3.994028,45,31.279968
-4.430796,44,31.318268
-4.501245,45,31.357237
-4.280978,45,31.396985
-3.408739,45,31.440667
-3.640108,46,31.480973
-4.44225,49,31.53848
-4.700347,48,31.578533
-3.88038,45,31.616081
-4.660603,45,31.655004
-4.350262,45,31.692974
-3.633782,45,31.730799
-3.782387,45,31.769523
-4.91543,49,31.810923
-4.66722,45,31.847729
-4.161504,45,31.905521
-4.255664,47,37.806384
-3.987975,47,37.839477
-4.375756,47,37.871609
-4.067089,46,37.903071
-3.952506,47,37.936917
-4.229938,47,37.968927
-4.194664,47,38.001011
-4.027701,46,38.042124
-4.420883,46,38.074889
-4.335854,47,38.107426
-3.61715,46,38.13908
-4.026142,46,38.170042
-3.953205,46,38.201468
-4.341563,47,38.234686
-4.24712,46,38.265792
-3.981907,47,38.297952
-4.21171,46,38.330703
-4.410838,47,38.363577
-3.820732,46,38.395294
-4.12456,47,38.426946
-6.434704,41,43.793435
-5.956438,44,43.832724
-4.77422,43,43.921952
-5.809811,43,43.964984
-4.427637,44,43.996966
-4.648639,45,44.02686
-5.17293,43,44.057215
-5.268732,45,44.089208
-5.183889,45,44.122114
-5.573761,45,44.153841
-4.818115,42,44.18633
-4.414033,44,44.224809
-5.990548,42,44.267155
-4.820287,43,44.296689
-4.170934,43,44.325789
-4.82638,43,44.354707
-4.712092,45,44.384984
-5.020927,43,44.435843
-4.846528,44,44.467383
-4.606562,44,44.506504
-0.502885,76,49.86241
3.093095,78,49.91348
1.981543,75,49.963464
3.979817,75,50.012732
-2.793464,75,50.062392
-2.210962,75,50.111861
1.158255,75,50.159764
2.980327,77,50.209537
-0.347079,70,50.254313
3.398388,75,50.301817
0.814319,78,50.36168
2.428664,74,50.411232
1.33193,77,50.463064
-1.818147,75,50.51258
0.272846,76,50.560881
2.133609,77,50.609419
3.872121,78,50.659993
-1.878644,76,50.714806
-0.890413,77,50.765579
-0.554837,77,50.816496
-1.937735,117,58.302896
20.503383,89,58.370357
19.513715,88,58.430924
19.473593,88,58.49698
0.342223,127,58.581751
20.000548,87,58.655971
19.912229,88,58.713909
16.491186,138,58.805989
20.063518,88,58.862867
1.80972,122,58.943329
17.189701,141,59.104478
5.194602,135,59.256069
2.055942,124,59.381797
21.266135,87,59.469192
-1.463074,119,59.609311
21.101216,88,59.726431
19.51509,88,59.819019
-1.624163,124,59.933492
15.009076,138,60.082048
0.512396,121,60.187403
256.091608,150,67.429646
196.943755,113,67.510291
202.401017,117,67.597239
199.75756,115,67.68924
204.076198,118,67.853623
198.787764,114,68.009716
199.531987,115,68.154477
205.407019,118,68.308649
201.2531,115,68.461424
230.576843,134,68.655217
189.861054,110,68.835238
241.093453,139,68.97921
237.558184,137,69.123576
230.167317,133,69.256254
200.598244,115,69.362114
191.83492,110,69.465196
183.815908,107,69.56586
243.788241,140,69.721913
200.989258,116,69.819907
209.515839,120,69.901027
312.376136,216,75.261802
304.633658,209,75.406509
335.185181,238,75.583558
288.65021,193,75.718777
279.423462,186,75.840538
273.4026,179,75.963321
290.989114,195,76.104579
310.068321,213,76.250737
337.87645,239,76.408289
283.328626,187,76.533745
303.701885,206,76.673735
279.915162,184,76.8854
312.538321,213,77.15339
286.268468,191,77.364305
298.822098,202,77.551147
286.591738,191,77.699123
283.54784,189,77.827123
280.842118,185,77.957001
320.988052,224,78.108465
323.366773,226,78.276607
306.649659,213,84.445174
980.059288,1000,85.172856
392.136741,297,85.390769
822.833838,727,86.049417
991.971422,1000,86.751256
290.514523,197,86.886575
986.528558,1000,87.610046
983.074969,1000,88.309329
302.617779,210,88.46174
281.793082,189,88.598133
306.537615,210,88.741774
981.922902,1000,89.548515
982.090472,1000,90.662113
298.469355,205,90.874804
552.072831,457,91.366239
308.708251,214,91.664279
971.169769,877,93.339919
980.668796,1000,94.048846
988.083263,1000,94.753329
1015.79906,1000,95.429792
977.165157,1000,101.399526
979.712123,1000,102.125817
978.215016,1000,102.848828
980.688256,1000,103.531959
986.07397,1000,104.270714
978.126066,1000,104.967152
979.837673,1000,105.688951
977.093848,1000,106.388093
978.469557,1000,107.07567
977.707501,1000,107.7983
978.82117,1000,108.533014
977.239737,1000,109.23008
977.339061,1000,109.922161
979.235748,1000,110.798132
978.246444,1000,111.643841
979.077447,1000,112.677248
977.779618,1000,113.720506
978.007416,1000,114.589631
976.466098,1000,115.376175
977.485483,1000,116.145919
351.583876,254,122.608041
1052.571479,1000,123.376722
368.531871,271,123.598086
370.086402,272,123.811107
473.743058,373,124.085885
329.460044,232,124.254912
334.113462,236,124.445266
999.897878,1000,125.193821
652.438506,553,125.869578
318.966842,222,126.144491
324.471619,227,126.471455
618.694574,517,127.066277
449.114414,350,127.357462
387.707522,287,127.745525
341.231506,243,128.045633
811.388467,710,128.76116
304.111412,208,128.912718
785.315863,686,129.441484
379.336895,282,129.66294
381.482852,283,129.868523
152.824511,108,135.682853
260.864549,168,135.817005
250.051397,161,135.926301
255.485696,164,136.045152
271.343401,177,136.173954
258.249346,166,136.298855
295.462119,195,136.441797
284.625641,186,136.566849
247.461644,159,136.68071
233.028723,148,136.794992
234.642687,148,136.892935
245.0874,157,136.997589
253.18702,162,137.140404
377.044368,272,137.400229
274.854313,179,137.566058
269.121096,176,137.7728
259.688507,167,137.887278
372.501836,266,138.105682
231.696688,145,138.203921
244.099794,157,138.353246
313.575012,210,145.030472
392.39959,287,145.23553
344.443868,238,145.403975
1025.223346,922,146.078739
1048.923816,946,146.756363
1081.502295,978,147.466959
308.473675,206,147.610041
363.228584,257,147.790368
307.888486,208,147.932934
353.555347,246,148.142663
321.574889,217,148.299303
714.295121,614,148.76378
310.124723,209,148.905076
1014.751745,912,149.547432
881.315277,777,150.114321
854.883729,751,150.641178
304.20547,202,150.793803
316.806802,214,150.941787
768.782161,671,151.433338
314.233636,211,151.577688
1012.432156,903,157.421576
331.207413,215,157.573506
322.706047,206,157.726256
326.093217,205,157.87226
319.044078,209,158.012233
303.487126,202,158.152164
328.629881,192,158.288823
748.182725,641,158.722382
335.018758,219,158.871521
325.944366,209,159.01234
328.486904,209,159.155822
343.964813,227,159.316968
928.389829,819,159.88817
982.145772,1000,160.583176
317.033731,196,160.714156
287.962823,188,160.840597
937.574476,830,161.415514
895.716925,789,161.959038
310.380973,201,162.09403
662.672836,552,162.479701
964.376533,1000,168.46495
962.754098,1000,169.169709
963.581509,1000,169.851951
965.82197,1000,170.541267
964.337437,1000,171.229545
965.077788,1000,171.946776
964.680077,1000,172.675421
965.64792,1000,173.391341
964.906554,1000,174.180077
965.120949,1000,175.246981
965.054535,1000,175.948575
964.00748,1000,176.659709
964.517155,1000,177.37205
963.874124,1000,178.097584
966.456223,1000,178.824176
965.181829,1000,179.518531
963.993393,1000,180.560325
