#{"t_start": 1657271083.2844868, "env_id": "Walker2d-v2"}
return,length,time
-1.79018,20,103.944445
-7.348799,17,104.168625
0.615239,19,104.438453
-5.401395,9,104.601479
-10.384212,16,104.770047
-4.463104,27,105.082224
-1.622929,17,105.33509
-7.503793,19,105.622563
-2.553885,24,105.950487
-0.484072,15,106.206795
-3.735044,17,106.434799
3.20773,14,106.639938
-6.058288,23,106.931563
1.261944,11,107.096561
3.468114,14,107.293551
9.259717,51,108.101112
-2.192242,13,108.330955
0.327427,11,108.504305
-2.168816,24,108.851869
5.495476,17,109.113054
-3.369337,17,109.394069
5.703663,35,109.968287
-0.989268,16,110.247342
-0.419204,12,110.447389
0.666306,10,110.641203
-0.320345,13,110.891777
5.752122,28,111.332673
1.53963,18,111.647827
-5.198308,10,111.835952
-4.648682,21,112.172533
1.902954,19,112.500036
-1.34666,26,112.889408
2.089271,28,113.331136
-5.089076,23,113.7274
-2.347344,12,113.978808
3.858085,30,114.445035
-0.371309,19,114.711108
4.934277,30,115.149241
-5.037581,21,115.49011
4.697253,20,115.831257
-0.831305,12,116.056097
-7.12502,10,116.244457
1.382877,18,116.550467
2.572151,25,116.967147
-3.152098,10,117.172882
1.35443,12,117.398304
2.363604,12,117.581706
4.270819,31,118.176187
-0.233782,18,118.412556
-1.434256,18,118.717292
4.246927,38,119.300927
5.47438,17,148.600411
13.456871,30,148.984118
-2.220752,12,149.145617
-2.247132,23,149.441294
-1.133062,11,149.592443
-3.709351,16,149.811168
-5.776896,18,150.059109
-9.908466,17,150.351975
-0.066621,20,150.616563
2.596437,14,150.812124
-6.090945,20,151.091943
5.79579,24,151.444731
2.488714,14,151.627275
-5.364633,19,151.849279
0.942556,10,151.998905
6.741602,20,152.260175
-1.959583,21,152.498425
-4.724934,25,152.839657
-5.472292,14,153.016892
-3.098652,17,153.273875
-4.447516,30,153.64773
-5.518482,11,153.807009
2.89597,25,154.01518
-5.063867,12,154.198845
-0.898527,26,154.580097
-2.247294,17,154.806948
-9.144405,23,155.071492
-3.67622,14,155.249027
7.892664,35,155.548412
5.281918,17,155.76037
1.238507,18,155.995087
-3.161469,14,156.192914
5.830357,23,156.512414
-6.246485,9,156.648917
-4.752936,13,156.836488
0.530867,15,157.002731
5.867698,21,157.253218
-1.474331,9,157.378091
10.78904,20,157.69369
-0.174406,23,158.000432
9.825042,34,158.443062
-3.968572,9,158.580794
-9.320887,13,158.753899
-3.761693,19,159.003834
-4.712783,13,159.229047
-5.465536,20,159.478758
-9.828261,19,159.772181
-1.026202,27,160.162439
-6.875104,15,160.372429
3.591703,15,160.587103
-7.54667,12,160.742686
1.529953,11,160.883778
-7.116082,20,161.134057
2.422535,23,161.427369
5.849235,21,161.737522
-5.231702,23,165.619763
0.623992,11,165.775612
-7.438687,22,166.08671
-7.405286,15,166.310967
-0.740337,17,166.545718
-1.240556,12,166.764039
0.204128,10,166.885132
-8.486634,14,167.103908
-4.207645,13,167.27081
-7.330116,22,167.576593
4.82568,19,167.810822
-2.7351,20,168.066382
-12.50723,16,168.270195
-10.416514,26,168.637228
0.185587,29,169.062212
-0.872279,19,169.320308
-10.410505,18,169.567343
-6.686147,21,169.84359
-2.174135,7,169.943067
-4.545324,24,170.233615
0.221623,16,170.434684
-3.938087,10,170.555998
-0.572135,21,170.81309
5.366183,18,171.058571
-4.091744,13,171.220895
-2.195453,17,171.454501
-6.055749,15,171.644962
1.000285,11,171.787344
-10.108175,28,172.08523
17.477883,36,172.558247
-2.42874,9,172.697678
-4.611107,9,172.825618
-2.023204,28,173.198116
-0.477669,13,173.362763
-0.711694,33,173.836625
-9.392802,17,174.042004
8.289277,27,174.363807
11.889849,25,174.692037
-1.822097,14,174.872038
-4.579776,25,175.289896
-6.878565,18,175.500726
-1.997703,21,175.777285
-2.28323,17,176.054869
-4.487834,11,176.234213
0.681137,16,176.448092
-9.676808,16,176.679078
-0.235428,12,176.81788
-1.149943,10,176.933879
2.242162,21,177.1884
-6.765925,19,177.487951
-6.580776,16,177.747324
-4.373453,31,178.227005
-6.099685,24,178.617345
-4.409134,19,178.936898
-4.028825,12,183.192493
-3.383959,16,183.401693
6.407113,27,183.822326
-7.974707,17,184.071148
-2.640684,13,184.279189
-0.455853,15,184.489662
-0.056712,11,184.625173
-2.513948,16,184.817673
-0.846864,10,184.953427
3.1926,22,185.264607
-12.682282,15,185.492537
-1.69056,14,185.700536
-3.552798,13,185.888326
-5.51306,19,186.124696
-5.66635,17,186.33126
-1.189366,23,186.603034
-10.349312,22,186.902676
-6.166104,23,187.18809
-6.626913,17,187.398299
-1.027605,11,187.549146
-6.561286,9,187.679442
-1.609863,10,187.838272
11.696979,30,188.225961
4.168424,24,188.575117
-12.8377,21,188.873776
3.342621,13,189.054042
-6.028815,16,189.328493
-1.189849,23,189.713239
3.604402,16,189.934877
4.347078,14,190.133237
-0.601583,20,190.390206
-4.209283,29,190.850658
-1.19993,9,190.973266
-8.110384,14,191.156068
-3.149549,12,191.317964
-5.800135,11,191.466148
-13.429099,15,191.679461
-2.473726,21,192.000762
-2.440483,14,192.21808
-10.209013,18,192.520286
-6.806311,23,192.847691
-3.251134,18,193.093381
-1.146325,18,193.335423
-7.324448,15,193.535539
1.255391,21,193.874505
-8.162418,11,194.051739
1.156083,14,194.283062
-0.927586,15,194.581852
4.502078,14,194.789845
-1.322721,26,195.21327
-7.889521,19,195.481173
-2.615344,8,195.599894
-0.857044,10,195.778599
-1.697514,20,196.072808
1.782791,13,196.279324
-6.28006,15,196.45188
-9.251368,16,196.674046
0.889689,10,196.826474
-4.359502,17,197.043588
-5.002296,16,197.283174
-5.287574,21,201.518044
-4.068662,23,201.758853
-2.438856,11,201.927472
-10.580513,19,202.188656
-11.626494,15,202.41467
-7.916181,20,202.6908
-10.088507,14,202.884071
-9.019212,19,203.204801
-11.470548,17,203.426711
3.461592,12,203.602026
-2.764431,14,203.803684
-8.022823,15,204.027271
-5.111057,22,204.411142
0.121963,21,204.746414
-7.410447,10,204.869737
-7.017449,20,205.165328
-6.492923,9,205.293891
-12.164768,17,205.515791
-6.552108,22,205.797577
-3.683465,12,205.945915
3.728993,27,206.363293
-4.254432,12,206.541263
-7.867162,18,206.777492
13.212249,23,207.101328
-15.422222,13,207.231222
-9.415801,15,207.392306
-6.793475,15,207.628819
-9.411621,17,207.916377
-5.047425,8,208.055325
3.145513,19,208.336667
2.250151,15,208.578418
-6.040177,11,208.752146
-4.413354,8,208.877454
5.017323,33,209.427788
5.88172,21,209.772162
-9.636538,15,210.02261
-6.318433,20,210.294671
-2.190989,9,210.43334
8.758256,18,210.760138
-12.903806,16,211.043093
-3.880383,21,211.404097
-10.91322,15,211.606056
0.463221,16,211.836351
2.345633,17,212.085218
-5.017915,11,212.245263
-9.537217,17,212.489525
-0.733597,23,212.825458
0.389888,12,213.046902
2.464378,13,213.317069
-6.470674,18,213.650339
-12.962875,16,213.892344
-7.280183,12,214.077142
-2.29412,9,214.21407
-3.077091,23,214.659721
-3.892628,22,215.035277
-2.826068,9,215.174912
-2.506762,26,215.608461
-8.576082,19,215.878246
-3.403256,10,216.062959
-11.486689,12,216.255971
-4.380555,25,216.62437
-6.391426,16,231.56073
-9.844972,16,231.793937
-3.030054,10,231.978748
-9.173064,14,232.19647
1.790915,17,232.429836
-5.107508,11,232.616464
-6.285243,18,232.948801
-4.082899,9,233.101868
-4.933353,9,233.282259
-6.265551,20,233.614219
-3.466995,23,234.035652
-5.670235,9,234.19286
-6.402405,19,234.493867
-1.597383,25,234.921556
-0.918541,27,235.331866
-9.177423,17,235.566997
-1.896125,13,235.738471
-8.821853,19,236.020657
-2.168016,22,236.40685
-8.915974,14,236.634581
-4.627459,20,236.930274
6.035035,19,237.198113
-4.86795,9,237.326419
-6.995973,17,237.537749
-8.936748,14,237.7443
-6.147296,22,238.019626
4.134043,14,238.243405
-11.104351,15,238.436908
-8.083914,17,238.646059
-5.466755,21,238.891037
-4.994725,22,239.205235
-9.546958,17,239.407185
-3.430652,22,239.632354
-7.872829,15,239.800062
-2.991903,9,239.903869
-5.09687,21,240.137672
-3.74877,20,240.390144
-1.105408,10,240.507078
-7.016023,19,240.734162
-2.582683,10,240.862748
3.331332,20,241.096477
-7.826586,18,241.309679
-2.282576,24,241.597919
-7.823072,21,241.850106
-5.294766,14,241.999463
0.11075,12,242.127021
-3.26377,17,242.30799
-1.490409,12,242.454228
-8.302074,21,242.673976
-6.764955,22,242.939793
2.235689,17,243.139158
-2.269233,12,243.266453
-3.623469,23,243.449403
3.06881,13,243.601441
1.485714,16,243.821445
-4.911608,9,243.926022
-8.793812,18,244.131171
-1.705668,16,244.336281
-7.016183,19,244.610336
-6.127454,16,244.883802
-9.363307,17,249.679112
-10.831248,15,249.874048
-9.028108,17,250.127147
-13.196474,16,250.360157
-5.777953,10,250.502783
-4.771098,19,250.827703
-6.915174,18,251.139096
-13.160904,15,251.4303
-1.635642,19,251.771526
-10.938738,16,251.995093
-3.043339,26,252.373974
-8.435361,16,252.618404
-1.800029,14,252.882107
-11.005034,15,253.14047
-10.084002,16,253.392811
-5.790123,11,253.558106
-2.639315,26,253.970095
-9.390061,14,254.20411
-7.967645,20,254.517945
-10.22307,12,254.724834
-0.611116,22,255.112352
-7.03193,16,255.379972
2.932062,13,255.581383
-6.686157,12,255.826208
-11.752835,17,256.136246
-2.003963,24,256.60418
-11.287557,16,256.921602
-3.18154,20,257.337302
-10.629766,14,257.610879
-7.700587,11,257.860119
-9.905587,17,258.152167
-8.370307,17,258.438736
-6.538804,21,258.834073
-6.845067,19,259.183438
-13.671772,14,259.418632
-9.664074,21,259.752801
-5.864956,21,260.16723
-9.63198,15,260.434458
-9.610927,18,260.773324
-8.117307,21,261.185082
-10.490213,14,261.473618
-9.199045,17,261.859116
-6.037548,13,262.166894
-9.219156,14,262.411148
-2.87978,16,262.728733
-4.755662,6,262.84371
-13.425112,16,263.163199
-10.338173,17,263.486838
-10.721251,15,263.818943
-8.265916,18,264.230781
0.386397,26,264.761437
-8.904806,13,264.98385
-6.300939,16,265.270791
-11.188113,15,265.545332
-11.664517,17,265.875449
-6.696237,16,266.244059
-11.601791,16,266.56875
-4.748812,20,266.968573
-10.721829,14,267.280898
-12.197813,15,267.533628
-9.500617,17,273.082989
-7.151841,19,273.450989
-10.496506,17,273.762347
-10.059927,16,274.045567
-6.139965,19,274.358508
-7.872902,18,274.775213
-9.220845,16,275.097172
-6.943919,19,275.508235
-10.625353,16,275.899275
-5.989845,21,276.375701
-8.500187,17,276.820451
-2.585795,23,277.346674
-6.443333,20,277.851999
-7.265568,15,278.223828
-11.214847,14,278.489065
-9.136174,18,278.879158
-11.0128,16,279.242986
-8.25196,18,279.586596
-4.31418,14,279.866554
-2.743816,10,280.069746
-1.494356,23,280.476374
-5.331258,21,280.912973
-8.064167,15,281.231249
-8.849064,14,281.515157
-2.958609,16,281.869191
-10.667151,18,282.219949
-10.11465,16,282.525275
-8.61139,18,282.901261
-7.910305,18,283.292319
-9.712925,15,283.617434
-12.12626,17,284.014002
0.171465,12,284.402093
-3.507271,22,284.927513
-4.848024,21,285.454456
-9.264698,18,285.818254
-2.943647,19,286.206264
-5.58456,25,286.606613
-11.685122,15,286.88398
-10.192183,15,287.187365
-9.85797,17,287.501259
-10.818795,18,287.849178
-5.421371,19,288.245481
-10.253497,16,288.538224
-9.923835,17,288.893127
-10.217029,16,289.219229
-11.194455,17,289.53822
-12.144877,16,289.859239
-2.489341,20,290.303079
-7.618658,18,290.612886
-8.301248,16,290.921347
-11.877407,15,291.267149
-10.58312,16,291.61638
-9.690548,15,291.885787
-7.594849,20,292.302128
-8.244071,16,292.652089
-7.357478,17,293.02708
-3.54265,22,293.519228
-9.953169,21,298.703041
-13.786016,15,298.919412
-10.438277,15,299.197236
-4.275429,14,299.434801
-5.598792,20,299.78791
-4.395612,21,300.18679
-7.364746,20,300.54835
-2.875157,21,300.897366
-11.004048,16,301.15283
-6.912306,15,301.346537
-11.641056,17,301.609405
-10.176268,17,301.904807
-8.912113,17,302.146519
0.083283,9,302.325824
-13.774642,13,302.57499
-10.642209,16,302.953915
-11.235171,14,303.198051
-8.650062,18,303.534485
-11.714467,14,303.79614
-10.220353,15,304.03593
-6.76047,19,304.352221
-7.547178,17,304.647401
-7.637099,16,304.915829
-11.242151,13,305.136266
-6.194643,18,305.437062
-4.308305,21,305.815041
-8.42133,16,306.10824
-9.211041,12,306.289069
-13.20371,16,306.553669
-9.272129,17,306.818141
-8.507698,16,307.019525
-0.030098,21,307.422826
-8.584656,16,307.734898
-7.750391,19,308.077318
-10.475138,14,308.274966
-5.344619,16,308.640594
-7.912099,14,308.889292
-5.400809,20,309.252052
-11.719299,15,309.50097
-9.161682,17,309.944726
-3.846133,16,310.152012
-10.544636,18,310.469942
-11.975305,14,310.63495
-6.807694,18,310.949716
-9.288895,19,311.264134
-10.003408,17,311.485487
-8.65381,17,311.911178
-8.105767,20,312.304152
-5.409576,16,312.616233
-9.066577,16,312.970167
-1.376232,20,313.3677
-11.020586,15,313.717984
-6.728886,16,314.023977
-5.452222,18,314.485318
-4.390073,20,314.784829
-9.595281,16,315.12846
-5.856889,20,315.497625
-10.248797,15,315.713384
-4.761353,21,316.095114
-13.531352,15,316.541923
1.608068,28,322.451054
-11.845557,16,322.761323
-8.535997,17,323.061518
-11.165706,16,323.407069
-10.636961,16,323.723029
-11.59802,14,324.011182
-1.871686,24,324.503597
-10.758479,15,324.843194
-2.895028,15,325.15545
-12.521054,13,325.434011
-8.988785,17,325.779255
-10.366673,14,326.053573
-9.66642,16,326.483831
-10.285761,14,326.819848
-13.022266,12,327.086011
-10.850117,15,327.494813
-8.062095,18,327.872085
-9.358848,17,328.286173
-10.876013,14,328.633744
-12.611913,14,328.944819
-9.676402,16,329.323052
-11.577005,16,329.738354
-9.732616,19,330.290276
-11.815861,14,330.684199
-11.248142,16,331.047208
-12.654347,14,331.33509
-6.411687,20,331.850101
-12.741352,12,332.12914
-9.102015,17,332.515093
-12.407004,16,332.88431
-7.661389,20,333.339069
-8.528854,14,333.68118
-6.741653,21,334.145088
-8.121778,20,334.598239
-10.685661,13,334.932392
-11.825996,15,335.292218
-1.718024,19,335.741658
-8.651936,19,336.31227
-7.302105,19,336.837397
-7.288536,17,337.359454
-12.962597,15,337.796554
-9.147755,19,338.289217
-10.926817,15,338.724687
-10.717009,14,339.110021
-4.201126,22,339.672448
-8.098818,19,340.208218
4.425181,23,340.829733
-9.784152,17,341.243172
-6.689035,20,341.758188
-11.009081,17,342.162198
-8.295354,18,342.623396
-1.60431,15,343.023077
-8.686052,14,343.351228
-8.719756,17,343.817795
-9.091466,12,344.069987
-3.815953,19,344.539347
-3.470292,12,344.856001
-1.977479,7,345.031047
-7.237016,18,345.444228
-10.779415,14,345.776339
-11.837556,14,346.091758
-10.224668,18,358.530651
-12.575759,17,358.932209
-7.915963,18,359.400089
-11.507551,14,359.759676
-9.260541,16,360.154325
-9.178021,16,360.547803
-9.102542,18,361.046164
-11.897199,13,361.407051
-11.068268,15,361.848458
-11.572244,14,362.170199
-8.237363,12,362.492394
-3.175098,22,363.070189
-13.625709,14,363.407473
-2.256243,25,363.929759
-12.615135,15,364.297858
-5.757735,18,364.759134
-8.447574,16,365.19593
-9.278657,18,365.663671
-8.366075,14,366.066733
-6.907038,21,366.508101
-7.39259,19,366.900284
-10.482878,12,367.159398
-10.277776,16,367.565205
-11.235311,14,367.914496
-9.883059,20,368.362936
-8.519002,14,368.650297
-8.092362,18,369.000388
-11.657374,17,369.408128
-12.008414,16,369.802708
-9.38612,16,370.158075
-11.122728,14,370.485732
-10.455698,15,370.851447
-6.195614,16,371.205115
-11.825693,13,371.517162
-9.315621,19,371.93084
-12.100242,13,372.265996
-11.97477,15,372.551902
-6.301287,20,372.99523
-10.810987,19,373.375146
-5.030024,21,373.807143
-10.822659,16,374.129907
-9.323989,16,374.45272
-7.464973,20,374.874233
-10.351486,16,375.169035
-11.870229,13,375.436125
-10.321986,15,375.715788
-7.691996,19,376.112562
-10.859118,15,376.466468
-8.170374,11,376.697652
-2.972205,20,377.283411
-3.179644,23,378.125903
-8.219501,18,378.681195
-9.594317,17,379.401712
-8.101512,19,379.845401
-11.035874,14,380.304663
-9.134043,17,380.702673
-11.018182,17,381.098223
-10.7608,14,381.607015
-10.414122,12,382.150239
-13.216819,14,382.778008
-11.209329,15,383.444106
-10.530168,21,393.251426
-6.346865,20,393.766587
-8.890314,17,394.157859
-4.629703,21,394.690241
-7.159952,17,395.08599
-8.829717,18,395.515617
-1.569847,26,396.149817
-2.679514,24,396.666895
-10.213025,16,397.031211
-8.163454,19,397.401439
-10.653591,14,397.760235
-11.605932,15,398.075943
-11.214544,14,398.415289
-12.08948,15,398.791203
-9.189833,17,399.127694
-5.795138,17,399.545979
-7.166629,19,399.994887
-6.592026,20,400.524004
-6.172992,21,401.03881
-7.64636,19,401.391863
-10.00039,16,401.771935
-5.85039,21,402.192508
-10.442852,16,402.550003
-8.261559,18,403.036861
-11.14232,16,403.447295
-7.36569,19,403.87674
-12.863712,14,404.228114
-5.494061,22,404.784067
-10.528429,15,405.113748
-11.795238,16,405.518219
-12.271461,14,405.818508
-10.111755,13,406.079375
-10.114541,17,406.543086
-13.4398,14,406.913107
-11.183634,14,407.262478
-5.27844,20,407.691246
-8.219855,18,408.125429
-8.94938,14,408.468188
-7.24789,19,408.95494
-10.665738,15,409.272532
-11.796503,15,409.574044
-10.655178,16,409.91723
-9.622254,18,410.318769
-4.183158,12,410.57392
5.0781,31,411.240781
-10.771249,15,411.565229
-9.072613,16,411.917201
-10.449384,14,412.234882
-10.71192,11,412.494601
-11.632788,15,412.88006
-9.796533,16,413.336136
-12.933709,16,413.683189
-8.176553,17,414.139843
-6.835304,17,414.471423
-10.371494,15,414.767393
-11.839381,15,415.086117
-8.917761,15,415.42659
-9.047153,18,415.784967
-12.492519,15,421.633059
-5.72295,20,422.074487
-13.897678,14,422.414161
-9.030283,19,422.861832
-10.225182,16,423.194532
-7.842403,15,423.533105
-8.871514,18,423.869367
-12.862995,16,424.236163
-10.646963,14,424.545716
-11.301603,16,424.909366
-12.663934,14,425.22853
-10.217673,16,425.57426
-5.305754,21,426.031116
-9.630776,17,426.362076
-9.179897,18,426.819694
-13.689613,12,427.089977
-6.790084,19,427.4619
-6.118915,21,428.000237
-13.112648,13,428.304248
-11.91248,15,428.675004
-11.838608,16,429.025202
-3.617328,30,429.738289
-6.911015,20,430.238198
-10.262939,17,430.673244
-7.579463,19,431.159156
-12.262674,15,431.533376
-7.425075,18,432.035923
-10.504936,16,432.440145
-11.506318,16,432.903132
-12.301492,13,433.257057
-8.093576,17,433.735581
-7.650619,18,434.251986
-11.455225,15,434.679512
-11.931169,14,435.061291
-10.801955,17,435.453757
-7.096835,19,435.893907
-5.845467,22,436.405058
-10.749251,15,436.745649
0.195476,27,437.384377
-7.407223,18,437.843305
-11.547788,17,438.243154
-5.803386,20,438.679472
-10.317004,18,439.143326
-10.148729,17,439.569729
-8.391792,18,440.032121
-9.912448,17,440.435805
-9.95678,16,440.759899
-7.478123,14,441.103115
-9.703221,17,441.492974
-7.458972,20,441.924622
-7.724745,15,442.213003
-10.216186,16,442.545704
-9.772011,16,442.872162
-12.691605,14,443.200694
-10.862123,19,443.573706
-5.428967,21,443.99502
-13.199891,15,444.330114
-6.284099,12,444.613112
-6.15494,19,451.064288
-11.752716,19,451.357721
-12.615042,14,451.710744
-7.821657,19,452.095907
-10.815128,16,452.540681
-7.01878,21,453.083357
-6.775536,20,453.57428
-8.792197,18,454.014086
-11.756933,16,454.39559
-10.905934,16,454.867996
-11.31561,16,455.2733
-11.324832,13,455.562181
-9.934043,16,455.988501
-7.46825,19,456.429782
-6.230821,21,456.958146
-5.34993,21,457.483382
-10.903453,15,457.917782
-8.461938,18,458.371461
-5.2959,19,458.915689
-9.405492,16,459.309659
-11.088124,15,459.678263
-11.136028,13,460.046738
-6.4635,20,460.542572
-3.628191,22,461.112406
-9.161858,17,461.511082
-8.513047,17,461.946912
-11.285272,14,462.243956
-10.341357,15,462.600227
-14.192621,16,463.006813
-9.37783,16,463.382644
-9.486431,18,463.915812
-10.654528,16,464.373056
-11.686421,15,464.791211
-9.067286,16,465.243626
-6.412661,18,465.73726
-11.127726,15,466.092235
-6.787163,20,466.688798
-11.291018,16,467.13518
-13.162165,14,467.506246
-7.917162,18,468.012812
-10.967668,16,468.549232
-10.847196,16,469.022219
-9.974034,15,469.42413
-11.274059,14,469.791282
-8.680605,16,470.280722
-10.606981,16,470.793711
1.094475,26,471.502594
-12.924521,16,471.972693
4.476118,28,472.74842
-6.571605,20,473.338229
-8.870396,16,473.793123
-9.252701,17,474.280107
-5.809852,22,474.930101
-8.783351,19,475.471385
-13.214662,17,475.943655
-12.48081,14,476.358831
-9.408723,17,476.801679
-11.12363,16,477.233711
-7.569452,22,484.066489
-11.878754,15,484.437948
-6.342607,21,484.980987
-7.770684,18,485.378369
-9.625296,21,485.855698
-4.647601,21,486.34908
-12.786445,15,486.667276
-9.655894,17,487.096159
-9.395894,19,487.574214
-6.144016,20,488.150205
-10.350678,19,488.640044
-10.150367,17,489.116217
-9.666364,18,489.628483
-10.852611,15,490.086215
-10.519879,14,490.509838
-9.282021,18,490.958195
-11.625155,16,491.366576
-4.990421,22,491.919569
-6.956128,19,492.405175
-9.915889,17,492.818942
-6.864047,16,493.252087
-8.525617,18,493.694188
-5.068811,21,494.292763
-11.544664,16,494.73432
-3.779772,24,495.403957
-10.793192,15,495.788636
-6.598314,21,496.327207
-8.743477,17,496.769839
-11.248147,15,497.144383
-10.613605,16,497.582099
-9.195207,19,498.035045
4.409216,28,498.769034
-8.445902,18,499.200541
-10.669179,17,499.671773
-10.258755,18,500.120224
-10.446853,16,500.55645
-10.948329,16,500.960836
-6.803374,20,501.459324
-8.363214,18,501.912535
-10.104186,15,502.301281
-6.219082,20,502.870186
-9.719843,16,503.297174
-10.077155,16,503.713415
-7.686356,19,504.116574
-11.614493,15,504.45515
-8.649385,18,504.906915
-6.276245,21,505.420051
-8.584101,18,505.824795
-8.457205,18,506.211573
-9.439966,17,506.598401
-10.499006,16,506.973206
-10.778617,18,507.381056
-10.439551,17,507.771309
-6.246126,22,508.255296
-8.157852,17,508.647813
-12.071763,14,508.976185
-10.003659,17,522.773078
-9.473935,16,523.180598
-8.922002,18,523.728921
-9.771423,16,524.224341
-10.548441,16,524.741967
-4.754156,21,525.279209
-9.404838,17,525.663097
-8.316585,19,526.174007
-7.73457,20,526.673265
-11.611116,17,527.130159
-9.159187,17,527.519808
-9.709664,15,527.884614
-5.333765,20,528.389336
-11.224077,14,528.767259
-12.368274,16,529.193999
-10.635685,17,529.692218
-10.850076,17,530.103169
-7.116538,22,530.65266
-8.931175,18,531.063992
-10.724904,15,531.432326
-7.29034,22,532.054753
-11.215044,15,532.466033
-9.175088,17,532.952841
-5.548402,20,533.476132
-8.411907,16,533.888945
-9.779824,17,534.333684
-8.1988,19,534.876411
-9.187285,18,535.308298
-5.654256,21,535.826692
-9.436675,17,536.265211
-12.338329,14,536.66794
-9.542043,17,537.108737
-9.514485,17,537.559726
-7.07812,21,538.072798
-7.323708,20,538.516114
-11.07499,16,538.889306
-10.051499,17,539.268336
-8.911434,19,539.706457
-12.032507,16,540.12552
-8.793411,17,540.48322
-8.482392,18,540.89159
-9.673555,14,541.191166
-9.6704,17,541.599115
-8.749194,18,542.110041
-6.892562,17,542.558591
-9.016182,16,542.920122
-7.949175,19,543.46423
-8.189341,19,543.881475
-5.538406,23,544.338247
-5.697024,21,544.826121
-7.976408,18,545.310231
-9.176544,16,545.702045
-12.624989,14,546.038552
-11.115795,16,546.466267
-10.817868,16,546.847575
-6.117538,16,547.1857
-13.574059,14,547.52228
-7.535378,21,553.8838
-6.838637,20,554.312262
-9.243117,17,554.73929
-10.423528,18,555.144454
-5.594456,22,555.581
-4.554519,21,555.784483
-8.369694,18,556.154509
-11.633101,16,556.469863
-8.168774,20,556.94502
-3.795336,22,557.409989
-2.764218,23,557.939536
-4.690546,22,558.486462
-8.957063,17,558.90819
-11.459337,15,559.274878
-2.835558,22,559.863613
-7.857902,18,560.344622
-9.746167,17,560.718039
-5.680471,24,561.273786
-1.32341,27,561.882093
-7.938772,19,562.358931
-10.118269,16,562.739644
-9.989905,18,563.144586
-9.866302,16,563.542602
-0.062741,22,564.039693
-0.789325,26,564.594616
-5.366447,20,565.05591
-12.545961,15,565.398076
-2.898955,23,565.882843
-8.757319,17,566.338813
-7.428815,19,566.858183
-11.119097,17,567.271363
-10.934375,17,567.641505
-6.137644,22,568.226473
-5.350095,21,568.684008
-1.081587,23,569.16664
-7.960536,19,569.541429
-10.290448,16,569.866447
-10.40798,16,570.196176
-13.138885,13,570.470129
-10.903029,16,570.82443
-3.745132,23,571.485111
-11.007712,16,571.913077
-8.154569,18,572.365769
-10.544374,17,572.794048
-7.922803,20,573.217502
-7.841586,19,573.69522
-8.134071,17,574.106881
-4.265318,20,574.593981
-2.88793,24,575.160999
-10.460599,17,575.621211
-9.318022,18,576.090647
-6.92158,19,576.57415
-9.101526,18,582.961034
-11.249981,16,583.349405
-3.762695,23,583.95223
-7.045116,19,584.488227
-3.280931,23,585.111592
-12.126993,15,585.44379
5.879297,31,586.205585
-5.863615,22,586.860964
-11.358986,16,587.291337
-10.559606,15,587.634737
-6.596182,19,588.153838
-4.285678,23,588.737352
-12.998134,15,589.114579
5.337537,33,589.906068
-5.944319,20,590.429133
-7.575567,18,590.874315
-10.57924,17,591.347998
-10.472771,16,591.719855
-8.200888,19,592.210122
-6.952674,19,592.667914
-8.517543,18,593.17955
-6.651754,20,593.726031
1.076399,26,594.352159
-3.843751,25,594.947459
-9.02818,19,595.472668
-7.056555,19,595.891035
-7.239327,17,596.284751
-11.747953,15,596.720408
-7.822612,19,597.21624
-4.800484,22,597.821068
-8.602552,18,598.315059
-7.866832,18,598.806465
-2.500127,24,599.419442
-4.786048,23,600.063371
-6.369388,20,600.596682
-11.413326,13,600.97091
-4.2119,23,601.600698
-11.304174,15,602.007289
-11.9492,15,602.484627
-0.7991,25,603.188107
-12.076263,15,603.616929
-4.747446,21,604.237148
-2.72465,24,604.920258
-12.257992,14,605.318017
-4.331446,21,605.898449
-9.001418,18,606.409609
-3.819761,25,607.10794
-3.766268,22,607.678065
-1.515187,23,608.206154
-10.251902,16,608.701793
-9.640585,17,609.138202
-10.328412,17,615.721624
-6.769604,20,616.209304
-7.636153,19,616.665345
-7.063792,23,617.191139
-2.364388,24,617.773983
0.81769,29,618.431357
-8.302629,18,618.951244
8.247818,34,619.803736
-7.791429,19,620.274456
-9.909828,23,620.835717
-6.010368,20,621.30229
-4.389406,23,621.970345
-7.601424,19,622.537404
-7.41763,18,623.037815
-9.592829,19,623.558276
-6.512458,21,624.132793
-6.45215,20,624.616685
-10.83683,16,625.014251
-8.585741,22,625.562294
-8.795553,18,625.998521
-5.49059,21,626.585791
-4.641772,22,627.072502
-10.958636,16,627.479569
-2.569333,28,628.158073
-6.720483,20,628.676504
-9.604567,17,629.108216
2.101795,30,629.820451
-5.026138,23,630.373914
-8.469543,19,630.849969
-11.050884,16,631.25719
-6.958128,21,631.815475
-8.181374,20,632.253912
-8.703702,20,632.734937
-8.884265,18,633.167391
1.087835,28,633.878014
-0.068352,29,634.490403
-9.989482,17,634.988821
-9.423768,16,635.355179
-8.942344,18,635.756338
-9.269569,17,636.139056
-10.12836,17,636.47698
-4.136086,24,637.086582
-6.312221,22,637.572027
-1.976295,26,638.180532
0.217975,29,638.806933
-6.614212,20,639.203359
-7.572646,22,639.691041
-0.38951,24,646.435627
-0.86125,24,647.151151
9.992563,35,648.094273
3.182996,31,648.885176
4.88939,30,649.621158
-6.884264,21,650.339391
-10.062273,21,650.850315
4.596188,36,651.811676
-5.021978,21,652.294952
-5.770535,26,652.913629
-2.769716,21,653.405591
-8.117483,19,653.829742
-7.194107,25,654.368584
-3.254614,23,654.962657
3.491681,28,655.612975
-10.834957,16,656.016796
-0.285589,28,656.788222
-12.025767,16,657.172026
-7.552271,18,657.573322
-3.580254,23,658.166834
-2.601572,28,658.83065
-1.502012,27,659.381233
3.544291,31,660.271316
-2.498277,25,660.903503
-13.548346,16,661.308202
-5.779755,24,661.887824
-2.656115,22,662.376137
-2.281297,26,663.006329
-0.765643,38,663.919353
-11.853105,16,664.281211
2.140664,28,664.882972
-3.476907,24,665.424932
-10.73384,18,665.847186
-4.901748,21,666.311186
-1.07233,24,666.857476
0.357065,30,667.521748
-7.856592,22,668.01235
7.533666,33,668.755245
-1.205529,26,669.31729
-5.016587,21,669.801975
-9.474683,20,687.386298
-0.250751,29,688.116803
-5.627805,23,688.682145
-11.265038,16,689.059976
-9.408415,17,689.415856
0.782377,26,690.046208
-3.80278,23,690.609104
-6.473503,19,691.034338
-2.969396,25,691.591573
2.483436,31,692.260652
-1.289671,27,692.854124
-3.985966,22,693.391178
3.658144,33,694.176486
1.531496,27,694.762393
-8.775073,21,695.294891
-5.647817,22,695.811822
-2.682217,28,696.482116
-6.74668,24,697.05206
-3.057887,23,697.601355
-2.762465,22,698.11831
-0.226925,25,698.714846
1.975149,26,699.258623
-1.874083,24,699.822026
-1.690235,25,700.417437
-3.495027,25,700.985147
-0.705779,31,701.659252
5.117397,30,702.31405
2.4018,28,702.943896
3.053432,27,703.63562
-7.1721,21,704.120398
7.077723,34,704.851107
8.152318,36,705.635309
-1.421078,24,706.209191
2.216837,31,706.935215
-7.713073,18,707.331681
-4.192459,26,707.926735
-3.090845,23,708.476871
-1.660578,26,709.088766
1.944845,53,710.412148
18.270157,60,717.82176
-9.930724,18,718.255435
1.195841,29,719.061863
24.175237,60,720.571116
5.975583,41,721.698602
-3.412563,23,722.283714
5.51638,34,723.065143
-5.555482,22,723.654917
-1.545499,24,724.251424
-9.324624,17,724.657416
-5.194485,22,725.260879
-2.466179,27,725.989508
-5.09266,21,726.548297
-10.323371,16,726.97613
14.097629,51,728.205234
-8.806203,20,728.769339
-0.309204,31,729.595427
-3.784301,26,730.201081
-8.444007,18,730.677992
-6.656114,27,731.364621
-1.689644,25,731.985849
-0.985077,22,732.436687
-2.43109,25,733.120788
-0.043708,48,734.220484
-8.875768,19,734.653049
5.101319,30,735.435407
15.369326,45,736.509253
7.256693,34,737.343344
-5.372923,21,737.877298
6.611385,49,739.03697
2.167583,30,739.680288
3.590124,43,740.66625
31.753129,60,748.033714
0.735676,25,748.633338
5.313321,42,749.629656
5.964448,33,750.391191
0.552078,33,751.268179
4.864792,28,751.922304
8.70007,40,752.888872
26.569432,78,754.563943
14.953978,43,755.550067
2.889389,31,756.201642
44.755157,70,757.851257
-6.911216,19,758.284074
10.204883,39,759.153015
67.553677,77,760.977274
8.230554,33,761.839597
-3.789295,36,762.660872
33.072383,74,764.548167
-0.196019,27,765.295565
-4.086829,23,765.928459
0.654189,28,766.639344
-2.707553,25,767.381694
-4.144848,24,768.062765
3.79029,33,769.01325
7.043507,50,770.157719
15.432839,44,771.135819
-5.056867,22,777.630744
-5.594509,23,778.151384
6.701943,46,779.351827
12.433077,39,780.251174
12.771369,43,781.194126
5.343033,37,782.074963
13.166282,48,783.266205
209.914166,107,785.86041
-7.365464,19,786.315464
28.6119,53,787.685288
4.995639,34,788.486989
5.602565,35,789.326136
9.116537,43,790.312883
34.741931,71,791.963862
57.400215,81,793.721614
12.743017,43,794.702988
25.679606,50,795.897071
11.954549,38,796.710975
0.442521,34,797.473284
7.162924,36,798.311807
-3.505834,20,798.801876
24.14926,54,800.019162
5.567284,34,800.754327
24.435382,54,807.775969
17.79239,51,808.931953
28.143947,53,810.046727
12.053698,36,810.827179
19.513472,52,811.932199
12.858049,50,813.083488
193.730164,128,816.278119
5.344422,47,817.416023
17.47994,45,818.585566
45.706321,78,820.584438
48.577388,93,822.607337
9.059103,35,823.365802
45.719075,93,825.443016
27.21108,63,827.062371
1.203596,71,828.691317
18.354183,44,829.726694
12.909807,55,959.339783
20.207594,47,960.57875
9.126659,40,961.547959
17.886291,77,963.328872
242.905378,144,966.475302
3.065929,32,967.250666
20.676165,76,968.947133
27.367868,59,970.129629
-4.782718,26,970.756044
24.201376,68,972.328634
23.611545,52,973.476121
-2.197888,23,973.986316
223.202049,126,976.909218
176.785654,97,979.053163
12.578874,44,980.031689
230.601853,133,988.754807
65.378395,108,991.095288
66.149389,103,993.421422
6.427492,34,994.217405
13.160548,58,995.632111
44.43832,127,998.507988
28.654072,59,999.809174
165.747677,114,1002.215833
61.059403,110,1004.53002
316.21079,206,1014.936174
44.308974,102,1017.179988
277.374251,153,1020.640944
275.074478,167,1026.183297
53.945116,109,1030.739485
48.017067,109,1034.906725
47.358939,88,1037.694217
27.800648,90,1039.752467
181.212386,120,1042.321215
51.851564,154,1052.013742
16.229618,65,1053.339154
15.963188,82,1055.145208
58.832351,111,1057.7691
265.755116,164,1061.580369
24.068263,57,1062.943048
15.066764,43,1064.033527
-8.256692,102,1066.285596
299.348767,175,1070.078289
222.364873,136,1079.550267
349.437655,207,1084.132299
224.625958,138,1086.956366
115.36899,151,1090.695303
280.705245,166,1094.801697
64.55888,106,1097.185259
80.411077,132,1100.1254
282.686424,165,1198.226382
245.295717,171,1202.222172
236.890092,167,1205.911653
101.97353,196,1209.903754
70.749885,118,1212.549662
30.440278,84,1214.516468
240.800268,198,1224.311463
217.413184,127,1227.139062
30.736155,122,1229.965907
428.510491,260,1235.720917
75.732719,145,1238.800983
72.941204,166,1242.453742
339.118665,220,1253.050961
287.22709,178,1257.162034
32.909143,108,1259.849237
56.71931,153,1263.288181
13.038186,46,1264.348258
62.653503,101,1266.713127
72.740147,144,1270.340609
38.641837,120,1273.435308
19.270077,59,1274.810293
283.702655,188,1285.069267
34.450579,87,1287.270339
40.175831,121,1290.153352
88.327502,169,1293.850612
277.228855,203,1298.758086
351.452758,223,1304.098849
364.580318,312,1316.715066
299.136744,207,1321.384424
268.334566,157,1324.953745
313.944216,182,1329.073129
30.813991,73,1330.720112
296.937273,223,1435.086329
181.53489,97,1437.224656
310.841838,173,1441.304145
384.494658,272,1447.108871
287.298781,165,1450.599305
264.623371,172,1460.493269
209.790591,126,1463.186438
299.597651,204,1468.073658
254.348803,133,1471.248886
92.921393,235,1476.294034
330.160545,212,1481.385829
209.888395,250,1492.477227
73.320054,224,1497.24159
119.094149,217,1502.123974
303.948709,187,1506.557446
251.769659,154,1509.744597
258.018419,139,1518.214223
294.431049,193,1522.357713
222.901724,138,1525.488896
269.752317,158,1528.715864
362.116435,251,1534.58696
91.255484,158,1538.303258
221.83013,113,1546.396746
239.878755,124,1549.118221
403.827886,267,1554.799596
254.35507,152,1558.257568
171.812505,102,1560.349382
210.696942,112,1562.854421
373.017319,246,1687.702828
298.637913,164,1691.213326
237.769013,136,1694.345229
329.797686,195,1698.353793
291.513383,187,1702.324338
199.007664,102,1704.843837
188.509083,112,1707.380667
129.696655,72,1714.174794
313.027284,176,1718.026879
247.219203,145,1720.962103
79.366746,128,1723.547482
15.337819,133,1726.501492
243.85102,133,1729.277277
195.044252,117,1731.889127
309.618919,164,1741.628255
284.339887,200,1745.821824
219.088424,107,1748.017569
296.902701,190,1751.740636
294.166279,182,1755.616816
393.517825,272,1767.196416
258.696075,146,1770.416157
290.735791,160,1773.913451
273.412124,185,1777.945637
244.230688,149,1780.910084
285.386765,170,1785.089576
186.827816,123,1787.832584
239.004699,152,1796.489907
353.985122,248,1801.985539
103.147747,176,1805.819728
214.687837,129,1808.706551
263.995782,169,1812.276477
280.47139,155,1815.433054
186.24967,118,1918.526109
229.364085,138,1921.767381
276.981719,164,1925.537812
284.989186,161,1928.94246
241.951554,407,1937.328167
287.283536,189,1946.848844
334.865731,189,1950.660984
93.676511,197,1955.041029
212.604296,117,1957.528131
221.397379,151,1960.851654
167.167929,298,1972.908236
233.118072,161,1976.054494
242.187766,324,1983.195945
238.792953,135,1985.994919
258.488575,140,1988.816331
42.933788,124,1991.386726
115.147406,218,2001.249491
196.273868,109,2003.708192
369.609506,239,2009.140145
281.247253,152,2012.235662
44.841504,106,2014.394708
74.317256,158,2017.769173
219.532805,112,2025.707167
315.884471,178,2029.560858
231.50225,119,2032.143323
333.10014,204,2036.77351
62.616596,144,2039.907139
249.179707,147,2042.964506
181.238535,258,2131.974149
155.510698,95,2134.196169
197.429542,133,2137.383658
271.636417,196,2141.641388
260.344543,130,2144.25536
193.215561,103,2146.53322
199.552582,113,2148.894791
296.104385,160,2157.509244
-4.267267,26,2158.051574
222.285389,133,2160.890014
130.275425,115,2163.176074
292.605255,155,2166.282124
253.510106,156,2169.484627
165.406226,83,2171.12555
191.143505,143,2174.183196
205.336419,104,2176.391045
255.068361,142,2184.631591
-7.30001,22,2185.099646
266.200575,132,2187.793247
97.117016,155,2190.982211
246.725099,131,2193.659607
80.596014,142,2196.7541
191.241103,145,2200.099797
201.968075,135,2202.965971
196.608803,116,2210.697878
210.098756,101,2212.874341
158.085984,101,2214.946533
300.279622,175,2218.712392
264.677315,158,2222.125442
122.538111,198,2226.198288
129.692308,218,2235.772883
176.727723,86,2237.958325
258.10475,134,2243.323901
184.675421,122,2247.962984
142.621863,83,2251.075917
180.106026,110,2253.436471
-10.556983,17,2253.817584
337.493584,162,2257.268109
265.257543,158,2260.429353
41.930059,71,2261.993899
364.213278,282,2329.269423
331.416982,180,2332.855394
260.53503,154,2336.132915
267.495317,141,2339.125871
180.965698,96,2340.898902
206.762036,103,2342.94387
161.98772,228,2352.928135
244.867134,140,2355.654744
281.967887,149,2358.706224
214.878334,105,2361.025117
68.007507,112,2363.423182
229.692709,151,2366.447414
165.439389,82,2367.994136
129.085925,97,2375.21745
442.016333,409,2383.904111
155.1837,90,2385.764991
279.712646,207,2389.912445
220.246338,127,2392.396204
189.795987,123,2394.805983
234.216802,129,2402.800609
214.61226,114,2405.224645
174.59898,93,2407.173712
325.710642,215,2411.78223
2.368064,31,2412.438987
35.149413,61,2413.699585
11.764251,61,2415.010153
150.311757,97,2416.856452
262.665672,160,2420.144008
222.434844,120,2427.688321
389.043973,247,2432.886075
244.727456,127,2435.409479
167.651826,97,2437.227716
303.635582,161,2440.681618
4.771037,69,2441.976099
406.398359,252,2503.325748
189.968888,125,2505.866262
290.013054,149,2508.898863
202.10388,105,2511.164272
398.829794,254,2516.012386
-0.413621,33,2516.662755
423.906411,285,2522.552082
282.359821,172,2531.197741
387.38667,214,2535.450241
196.524634,113,2537.819874
390.844881,297,2543.828047
197.478342,98,2545.759969
59.793117,103,2547.836408
306.903993,158,2556.398272
384.057983,259,2561.921335
197.13149,103,2564.057603
146.076333,94,2565.983481
221.572561,107,2568.191477
163.577198,88,2569.838027
202.448413,104,2571.818435
0.826638,39,2572.611098
277.947507,144,2581.067867
180.282654,107,2583.29602
265.922842,143,2586.343174
360.296942,200,2590.575307
202.848262,141,2593.533177
123.270185,84,2595.194358
235.525603,126,2597.571137
324.580517,175,2606.87618
292.50567,150,2609.788684
-5.445458,94,2611.672292
281.08762,160,2614.920116
196.914408,100,2616.867381
134.597342,81,2618.425298
107.947542,78,2619.971778
223.362971,124,2622.287322
384.303278,237,2682.693083
205.571508,114,2685.222893
192.562776,97,2687.568349
89.983635,307,2694.569477
-6.238633,24,2695.099257
134.99667,90,2697.279721
139.193683,90,2699.523599
254.860976,128,2702.69695
304.694114,165,2712.360418
267.045627,130,2715.139671
251.825188,130,2718.284728
286.962699,198,2722.855483
331.434919,186,2727.057898
189.871458,110,2729.577034
21.55448,125,2732.35107
180.403086,105,2740.245285
229.606654,132,2743.023924
148.305732,79,2744.560353
242.506139,118,2746.928611
318.783769,197,2751.162668
318.081621,309,2757.293477
254.932815,176,2765.957568
145.882033,104,2767.936435
249.65244,133,2770.49866
331.231168,183,2774.381169
287.682292,162,2777.679127
257.732626,141,2780.494145
217.729268,151,2783.460059
167.651041,93,2790.681716
302.416439,180,2794.246248
195.83586,114,2796.586187
149.511276,116,2799.003205
365.351837,280,2804.748173
347.741352,189,2808.757335
263.169471,151,2876.614817
301.839299,169,2880.131895
127.13112,75,2881.659741
269.733501,151,2884.731429
248.166666,141,2887.982052
117.915064,72,2889.558338
167.21213,155,2892.71569
264.446573,151,2895.754411
260.909411,135,2904.023161
226.760655,150,2907.185313
115.27619,74,2908.74385
274.760263,135,2911.683544
71.190367,130,2914.255508
215.326977,119,2916.862339
260.334604,130,2919.695399
162.59215,86,2921.705227
307.284733,143,2930.690319
206.707806,128,2933.348626
217.650846,116,2935.863346
213.03552,119,2938.402652
303.825333,162,2941.803866
41.828965,193,2945.953902
236.382712,109,2948.462041
189.115596,91,2950.533828
232.383919,124,2958.809044
40.726629,66,2960.163712
220.725054,111,2962.485641
242.573431,140,2965.64928
288.182406,168,2969.298268
250.895243,117,2971.719563
313.341548,166,2975.243773
197.844976,112,2977.543134
236.157188,133,2985.802677
355.137306,230,2990.607179
255.069788,119,2993.183194
289.065887,142,2996.36816
216.866534,114,2999.071427
322.871364,148,3002.027912
252.582583,130,3061.73111
294.265079,142,3064.726657
264.858501,135,3067.352503
164.511824,81,3068.950227
127.05097,75,3070.376424
385.515484,233,3074.663633
269.344802,161,3077.60508
328.167868,190,3086.642537
211.32451,107,3088.775196
333.377349,213,3093.229826
245.768922,123,3095.606752
269.92509,132,3098.04884
154.391272,99,3100.020555
155.587799,99,3101.883107
164.981082,97,3103.733246
303.661033,147,3111.963262
68.699666,103,3113.894734
292.377585,148,3116.671057
285.386196,141,3119.37516
361.584152,168,3122.556932
263.441339,128,3124.975638
130.940896,78,3126.469602
280.97918,133,3129.088026
245.330535,110,3136.727879
197.492772,103,3138.696114
153.922014,142,3141.304275
393.531831,221,3145.635218
249.755871,136,3148.183903
234.639817,114,3150.412718
305.068581,149,3153.252345
256.027827,202,3162.478562
138.327098,81,3163.905881
230.106729,125,3166.277059
167.043906,101,3168.200789
394.58951,227,3172.527989
256.367738,136,3174.980111
123.347826,124,3177.290939
91.342562,82,3178.89164
235.534518,339,3237.993364
264.069868,133,3240.72589
326.760261,158,3244.064468
175.076158,110,3246.282696
106.349364,77,3247.781636
133.507903,77,3249.321129
242.328066,111,3251.709335
302.30888,162,3260.181758
220.060185,107,3262.385735
210.465201,132,3265.009694
148.370889,88,3266.742114
165.450323,85,3268.332019
379.647238,250,3273.294957
367.63044,194,3283.061708
232.051181,119,3285.610842
215.646793,110,3287.981266
226.779135,117,3290.432334
396.234422,234,3295.471098
313.98715,143,3298.697845
296.929451,140,3301.761958
255.934845,139,3310.871085
219.147428,111,3313.043705
234.441596,134,3316.057542
257.777909,131,3319.198352
149.546928,82,3320.880687
305.946218,154,3324.054791
133.626267,79,3325.785284
221.727139,106,3327.825128
186.911916,124,3330.523165
209.02859,113,3338.655358
198.460167,100,3340.680876
157.870741,86,3342.556726
225.770058,110,3344.866752
225.285372,115,3347.150107
142.257459,99,3349.086081
349.653187,171,3352.395146
129.947996,75,3354.011276
273.829141,134,3356.859927
301.39803,158,3414.862637
251.694138,130,3418.040484
309.433365,157,3421.731176
261.39751,138,3424.794777
278.239772,137,3428.004417
122.364675,73,3429.552002
261.055491,122,3432.983036
263.60778,127,3438.052584
269.663618,130,3451.176681
216.672202,105,3453.722317
166.586673,87,3455.721447
322.354511,180,3459.758914
270.919354,125,3462.608001
133.070369,78,3464.48876
318.375348,144,3467.990955
217.775313,110,3470.626748
172.242567,90,3478.821225
308.167572,136,3481.872704
241.196249,110,3484.431037
212.15275,118,3487.414323
314.265576,160,3491.478632
355.522132,171,3495.655977
245.250862,115,3498.071132
264.540465,126,3500.969208
153.061228,88,3509.156926
274.380723,151,3512.807915
355.194597,160,3516.343307
329.002046,149,3519.986742
345.83996,197,3524.422994
438.856781,311,3538.069855
283.760756,133,3541.287792
193.562497,108,3544.010502
153.210592,95,3546.296078
294.619158,139,3549.791352
239.818784,126,3553.170132
246.383716,113,3555.96733
273.990824,129,3559.125179
290.202373,138,3617.617867
149.194702,81,3619.488469
429.646408,265,3625.859924
358.216351,161,3629.617276
239.757907,117,3632.079094
304.959548,135,3635.16492
325.016891,168,3639.069148
295.792641,137,3648.524288
223.908399,119,3651.566383
230.25563,116,3654.41777
299.478768,135,3657.578677
270.076683,143,3660.825729
277.544179,122,3663.669235
337.887469,162,3667.435946
221.368701,110,3670.201942
169.817573,232,3681.991229
366.420218,179,3686.366957
279.943202,126,3689.552112
147.441938,80,3691.615188
383.353083,205,3696.659246
252.844026,117,3699.277911
448.863228,314,3712.817639
153.698136,80,3715.03365
162.422128,103,3717.376191
308.242873,128,3720.448092
269.629058,138,3724.090109
273.742794,125,3727.219174
272.653024,139,3730.56079
309.127476,158,3740.399399
156.278952,103,3742.812293
195.452206,140,3746.048083
421.236324,217,3751.15003
284.560861,131,3754.223338
256.503439,110,3756.677837
374.755009,152,3760.04038
291.335178,129,3816.013942
308.019049,142,3819.144227
345.319431,149,3822.759747
133.802206,73,3824.492533
249.958876,129,3827.43192
279.80639,142,3830.683241
166.483169,84,3832.701856
348.608449,157,3836.255652
303.258199,144,3845.525363
311.626302,196,3850.129152
287.12142,124,3853.159049
262.625938,127,3856.189245
244.29638,129,3859.188945
304.2735,148,3862.774516
269.643924,129,3865.831697
168.274129,100,3874.456281
356.621021,155,3878.166135
383.197547,191,3882.931693
359.586465,156,3886.62493
335.92078,172,3890.69567
274.380062,117,3893.245243
252.566841,117,3895.877464
234.3318,102,3904.561472
249.337666,111,3907.104344
307.428455,175,3911.138605
343.257401,175,3915.27221
252.927062,124,3918.172626
278.788881,132,3921.025609
174.109176,100,3923.134361
338.935702,197,3933.325686
318.738159,159,3936.936697
381.477708,211,3941.954415
252.863808,133,3944.74037
322.262887,145,3947.524021
292.228485,152,3950.890901
181.159499,86,3953.046454
317.698828,154,4012.404367
294.491499,148,4016.055861
454.874895,263,4022.339662
114.656314,77,4025.061279
495.575802,282,4037.534364
215.247294,105,4040.600192
201.857108,101,4049.51452
264.935532,121,4052.72971
309.415027,140,4055.881107
419.980669,214,4060.714087
312.229413,160,4064.664703
309.466142,133,4067.617217
420.614814,238,4079.623435
240.256706,111,4082.28743
299.924931,132,4085.396987
306.875154,183,4089.605252
234.185131,116,4092.535792
141.425028,79,4094.421455
168.274652,88,4096.35023
302.022473,124,4099.211635
141.010561,88,4107.110683
416.731625,189,4111.190966
276.223788,128,4113.996324
291.613604,128,4116.791767
296.133381,143,4120.0022
282.598299,127,4122.818636
315.415909,139,4125.867023
259.764908,132,4134.504025
133.925715,76,4135.996429
173.155886,90,4137.779426
314.990861,155,4140.879281
262.502929,129,4143.899731
242.227018,124,4146.93522
139.138931,76,4148.597982
280.674965,126,4151.373596
251.438922,112,4153.764391
143.13747,87,4155.688517
242.514448,108,4213.586843
252.723913,123,4216.374263
153.290614,86,4218.642477
284.544059,129,4221.792392
250.836056,123,4224.586236
235.493882,109,4226.9992
228.919168,100,4229.240761
327.47083,136,4232.281209
350.254311,176,4242.561919
71.243276,122,4245.519584
226.435999,100,4247.989862
274.889337,131,4250.913148
313.843053,160,4254.815053
343.145578,171,4259.083825
385.379687,233,4264.312115
139.884054,75,4271.98022
197.232327,108,4274.494764
122.769491,70,4276.070753
404.079531,169,4280.005147
294.066189,130,4283.172759
328.184782,163,4287.125295
160.292145,84,4289.088197
255.595596,124,4291.844243
232.783065,110,4299.905256
345.32385,150,4303.407828
306.34038,136,4306.651854
291.979807,124,4309.59743
395.442035,169,4313.605914
250.089591,118,4316.133657
191.815249,100,4318.39228
172.096806,84,4320.263373
348.01931,155,4329.586752
278.425095,130,4332.425881
235.884327,114,4335.07822
305.334139,145,4338.426909
302.69229,154,4341.773517
242.267365,104,4344.249581
191.286249,97,4346.309379
278.210183,122,4349.170205
350.156644,150,4404.68604
412.024914,215,4409.164846
283.465012,135,4412.07769
285.460775,124,4414.918306
313.099677,128,4417.756734
307.395963,155,4421.387435
508.844915,359,4435.117756
322.023408,157,4438.394383
357.495195,186,4442.416455
186.807026,92,4444.445171
475.195466,231,4449.334635
315.918251,137,4451.984339
313.612727,136,4460.362983
298.131641,140,4463.484468
200.825654,102,4465.689093
326.022925,139,4468.866013
288.284959,122,4471.670829
339.175091,147,4475.067174
143.864668,76,4476.854536
284.981765,119,4479.548771
292.790175,128,4488.448184
261.314967,128,4491.286667
322.676258,167,4495.287103
330.069493,153,4498.971611
254.143346,108,4501.41053
346.278446,146,4504.508747
333.48304,134,4507.816186
158.813316,81,4515.306876
279.84214,125,4518.201388
247.013597,114,4520.983963
275.374594,122,4524.18002
388.303794,167,4527.927737
409.339525,170,4531.738306
285.994192,123,4534.392216
292.868673,136,4537.5765
315.169914,142,4595.499231
583.43591,419,4604.636749
260.380102,126,4607.348447
255.390749,116,4610.898785
300.279635,150,4616.344887
119.349554,67,4619.067776
357.97893,147,4630.292063
188.963549,89,4632.133717
265.857113,116,4634.759889
277.953314,131,4637.373286
345.606194,157,4640.775481
315.563844,134,4643.784797
297.924609,128,4646.367406
113.563226,70,4647.848057
119.683567,68,4655.207278
271.606122,118,4657.950458
442.120129,201,4662.484259
344.61354,169,4666.070188
377.214102,173,4669.828317
347.199182,142,4673.072081
238.75685,117,4675.612348
302.395297,144,4685.587166
321.261044,131,4688.401936
337.813874,156,4692.015326
268.271179,120,4694.577152
254.893465,129,4697.191282
280.079285,121,4699.911616
249.69833,122,4702.538691
342.766108,146,4711.887094
294.969448,141,4715.008638
382.9199,196,4719.417266
288.254192,124,4722.160229
256.894395,126,4725.041987
289.625908,152,4728.594539
298.691487,125,4731.442918
427.663898,185,4791.351588
217.746538,101,4794.072037
329.120796,142,4797.091601
271.260031,127,4799.945573
332.651499,141,4803.049229
271.590093,116,4805.925612
229.792567,115,4808.614414
361.280195,176,4812.527313
376.241058,167,4822.348129
209.782591,97,4824.460807
293.42739,120,4827.110603
345.555297,144,4830.302155
324.243689,161,4834.00971
326.821914,134,4837.055081
319.049947,127,4839.867938
384.257037,178,4849.908737
295.140897,131,4852.796127
193.585626,90,4854.751832
310.042399,127,4857.347093
265.371972,121,4860.036108
315.222817,173,4863.980407
165.674215,77,4865.771567
313.094105,126,4868.848172
314.160058,131,4878.082709
437.088073,216,4883.842223
298.357584,119,4886.95696
325.682133,131,4890.139072
127.548962,77,4892.168919
356.166212,136,4895.753315
308.988898,129,4898.7469
260.665962,120,4908.549322
334.327856,163,4912.429983
336.920655,128,4915.176179
294.845495,119,4917.853681
295.407801,143,4921.427712
352.170636,153,4925.148703
303.87157,115,4927.757147
280.653348,116,4930.467233
302.329492,128,4992.039305
289.311041,122,4994.846672
145.268847,75,4996.485127
254.968643,117,4999.054677
336.851089,125,5001.915699
249.036938,109,5004.718878
327.320561,134,5007.806562
352.48369,143,5011.371586
324.614102,136,5020.664407
288.330856,118,5023.510355
352.100722,138,5026.820761
290.533443,114,5029.565264
210.182189,104,5031.888411
308.759809,132,5034.91098
324.060814,120,5037.755554
343.443181,144,5041.1694
117.432722,68,5042.811108
188.261899,92,5050.977217
238.3225,114,5053.835561
359.022842,154,5057.389871
273.522333,121,5060.032291
137.271077,73,5061.745336
308.22563,127,5064.469419
351.216187,137,5067.777346
273.48553,116,5070.436906
350.666942,133,5079.889399
296.874751,127,5082.73458
404.492238,197,5087.360979
288.151749,118,5090.320812
180.650731,97,5092.907387
363.259002,151,5097.04028
337.323555,131,5100.470645
390.650857,181,5110.876409
348.394855,144,5114.158768
364.215201,150,5117.502992
340.5916,137,5120.607651
237.293796,107,5122.985326
318.396277,126,5125.698761
390.55797,150,5129.632288
297.877122,121,5132.456332
406.353673,151,5195.25027
383.721229,160,5199.246934
335.614674,133,5204.938142
399.910124,145,5211.244213
315.725228,134,5216.000256
197.13783,93,5218.322896
322.988957,149,5221.765813
302.531881,131,5230.641414
111.849089,70,5232.232834
249.115349,116,5234.839189
