raw/disc/disc_acc_gen,raw/disc/disc_acc_expert,raw/disc/disc_loss,raw/disc/disc_acc,raw/disc/global_step,raw/disc/disc_entropy,raw/disc/n_generated,raw/disc/disc_proportion_expert_pred,raw/disc/disc_proportion_expert_true,raw/disc/n_expert
0.0,1.0,0.7034009099006653,0.5,1,0.686965823173523,1024.0,1.0,0.5,1024.0
0.0,1.0,0.699350118637085,0.5,1,0.6872624754905701,1024.0,1.0,0.5,1024.0
0.0009765625,1.0,0.6950620412826538,0.50048828125,1,0.687758207321167,1024.0,0.99951171875,0.5,1024.0
0.001953125,1.0,0.6887770891189575,0.5009765625,1,0.6880936622619629,1024.0,0.9990234375,0.5,1024.0
0.0,1.0,0.691358208656311,0.5,2,0.687767505645752,1024.0,1.0,0.5,1024.0
0.0009765625,1.0,0.6869600415229797,0.50048828125,2,0.6879718899726868,1024.0,0.99951171875,0.5,1024.0
0.001953125,1.0,0.6822675466537476,0.5009765625,2,0.6881574988365173,1024.0,0.9990234375,0.5,1024.0
0.0029296875,1.0,0.6794936656951904,0.50146484375,2,0.6882904767990112,1024.0,0.99853515625,0.5,1024.0
0.01171875,1.0,0.6779466867446899,0.505859375,3,0.6882287263870239,1024.0,0.994140625,0.5,1024.0
0.0078125,1.0,0.6737817525863647,0.50390625,3,0.6881923675537109,1024.0,0.99609375,0.5,1024.0
0.0185546875,1.0,0.6689081788063049,0.50927734375,3,0.6882209777832031,1024.0,0.99072265625,0.5,1024.0
0.017578125,1.0,0.6634618043899536,0.5087890625,3,0.6880600452423096,1024.0,0.9912109375,0.5,1024.0
0.0361328125,1.0,0.646955132484436,0.51806640625,4,0.6885029077529907,1024.0,0.98193359375,0.5,1024.0
0.0380859375,1.0,0.6416957974433899,0.51904296875,4,0.6884745359420776,1024.0,0.98095703125,0.5,1024.0
0.0419921875,1.0,0.6342366933822632,0.52099609375,4,0.6880855560302734,1024.0,0.97900390625,0.5,1024.0
0.5234375,1.0,0.627733588218689,0.76171875,4,0.6876941919326782,1024.0,0.73828125,0.5,1024.0
0.5126953125,1.0,0.6445624828338623,0.75634765625,5,0.6863762140274048,1024.0,0.74365234375,0.5,1024.0
0.5107421875,1.0,0.6396292448043823,0.75537109375,5,0.6863325834274292,1024.0,0.74462890625,0.5,1024.0
0.515625,1.0,0.6329020261764526,0.7578125,5,0.6860285997390747,1024.0,0.7421875,0.5,1024.0
0.5400390625,1.0,0.62249755859375,0.77001953125,5,0.6852419376373291,1024.0,0.72998046875,0.5,1024.0
0.04296875,1.0,0.6452909708023071,0.521484375,6,0.6851496696472168,1024.0,0.978515625,0.5,1024.0
0.0517578125,1.0,0.6370316743850708,0.52587890625,6,0.6851289868354797,1024.0,0.97412109375,0.5,1024.0
0.0478515625,1.0,0.6282836198806763,0.52392578125,6,0.6845670938491821,1024.0,0.97607421875,0.5,1024.0
0.0673828125,1.0,0.6189972758293152,0.53369140625,6,0.6840725541114807,1024.0,0.96630859375,0.5,1024.0
0.20703125,0.9990234375,0.6126604080200195,0.60302734375,7,0.6838446855545044,1024.0,0.89599609375,0.5,1024.0
0.9541015625,1.0,0.6020145416259766,0.97705078125,7,0.6829878091812134,1024.0,0.52294921875,0.5,1024.0
0.9814453125,1.0,0.5929971933364868,0.99072265625,7,0.6821620464324951,1024.0,0.50927734375,0.5,1024.0
0.9970703125,1.0,0.5849547386169434,0.99853515625,7,0.6815137267112732,1024.0,0.50146484375,0.5,1024.0
0.998046875,0.9990234375,0.5799568891525269,0.99853515625,8,0.6798723340034485,1024.0,0.50048828125,0.5,1024.0
0.9990234375,0.998046875,0.5730807185173035,0.99853515625,8,0.6792552471160889,1024.0,0.49951171875,0.5,1024.0
0.9970703125,0.9990234375,0.563414454460144,0.998046875,8,0.6775643825531006,1024.0,0.5009765625,0.5,1024.0
1.0,0.998046875,0.5551145076751709,0.9990234375,8,0.6760762929916382,1024.0,0.4990234375,0.5,1024.0
1.0,0.998046875,0.5540487766265869,0.9990234375,9,0.6754645109176636,1024.0,0.4990234375,0.5,1024.0
1.0,0.9951171875,0.5457102656364441,0.99755859375,9,0.6739245653152466,1024.0,0.49755859375,0.5,1024.0
0.9990234375,0.9990234375,0.535574734210968,0.9990234375,9,0.6721099019050598,1024.0,0.5,0.5,1024.0
1.0,0.9970703125,0.5242120027542114,0.99853515625,9,0.6692277789115906,1024.0,0.49853515625,0.5,1024.0
0.9892578125,0.9970703125,0.5351691246032715,0.9931640625,10,0.668441653251648,1024.0,0.50390625,0.5,1024.0
0.9912109375,0.998046875,0.5256880521774292,0.99462890625,10,0.6672232151031494,1024.0,0.50341796875,0.5,1024.0
0.998046875,0.9912109375,0.5115869045257568,0.99462890625,10,0.6646785736083984,1024.0,0.49658203125,0.5,1024.0
0.990234375,0.9912109375,0.5030888319015503,0.99072265625,10,0.6630071401596069,1024.0,0.50048828125,0.5,1024.0
0.994140625,0.990234375,0.4923328459262848,0.9921875,11,0.6590988039970398,1024.0,0.498046875,0.5,1024.0
1.0,0.98828125,0.47714096307754517,0.994140625,11,0.6551716923713684,1024.0,0.494140625,0.5,1024.0
0.998046875,0.9794921875,0.46560776233673096,0.98876953125,11,0.6520195007324219,1024.0,0.49072265625,0.5,1024.0
1.0,0.9892578125,0.44778069853782654,0.99462890625,11,0.6468372941017151,1024.0,0.49462890625,0.5,1024.0
1.0,0.986328125,0.43358924984931946,0.9931640625,12,0.6414633989334106,1024.0,0.4931640625,0.5,1024.0
1.0,0.984375,0.420456200838089,0.9921875,12,0.6361503601074219,1024.0,0.4921875,0.5,1024.0
1.0,0.98046875,0.4073907732963562,0.990234375,12,0.6296442747116089,1024.0,0.490234375,0.5,1024.0
1.0,0.9794921875,0.3919116258621216,0.98974609375,12,0.6224651336669922,1024.0,0.48974609375,0.5,1024.0
1.0,0.9794921875,0.3921302855014801,0.98974609375,13,0.620934247970581,1024.0,0.48974609375,0.5,1024.0
1.0,0.9853515625,0.3796016573905945,0.99267578125,13,0.6143571138381958,1024.0,0.49267578125,0.5,1024.0
1.0,0.9873046875,0.36808082461357117,0.99365234375,13,0.6073967218399048,1024.0,0.49365234375,0.5,1024.0
1.0,0.9794921875,0.3580436110496521,0.98974609375,13,0.6016945838928223,1024.0,0.48974609375,0.5,1024.0
1.0,0.9853515625,0.3428351879119873,0.99267578125,14,0.5914651155471802,1024.0,0.49267578125,0.5,1024.0
1.0,0.98046875,0.3323148488998413,0.990234375,14,0.5824467539787292,1024.0,0.490234375,0.5,1024.0
1.0,0.9814453125,0.31824547052383423,0.99072265625,14,0.5727123618125916,1024.0,0.49072265625,0.5,1024.0
0.998046875,0.9814453125,0.3049146831035614,0.98974609375,14,0.5618186593055725,1024.0,0.49169921875,0.5,1024.0
1.0,0.990234375,0.29019784927368164,0.9951171875,15,0.5492648482322693,1024.0,0.4951171875,0.5,1024.0
0.998046875,0.9755859375,0.2812768816947937,0.98681640625,15,0.53862464427948,1024.0,0.48876953125,0.5,1024.0
0.998046875,0.9814453125,0.2681606411933899,0.98974609375,15,0.5287488102912903,1024.0,0.49169921875,0.5,1024.0
0.9990234375,0.986328125,0.2560676336288452,0.99267578125,15,0.5165151357650757,1024.0,0.49365234375,0.5,1024.0
1.0,0.984375,0.26462507247924805,0.9921875,16,0.5235442519187927,1024.0,0.4921875,0.5,1024.0
0.9990234375,0.978515625,0.253583163022995,0.98876953125,16,0.5120125412940979,1024.0,0.48974609375,0.5,1024.0
0.9990234375,0.9892578125,0.23788248002529144,0.994140625,16,0.4962574243545532,1024.0,0.4951171875,0.5,1024.0
0.9990234375,0.98046875,0.22790300846099854,0.98974609375,16,0.48500025272369385,1024.0,0.49072265625,0.5,1024.0
0.9990234375,0.9873046875,0.21220269799232483,0.9931640625,17,0.4696650505065918,1024.0,0.494140625,0.5,1024.0
0.9990234375,0.982421875,0.20183739066123962,0.99072265625,17,0.45547449588775635,1024.0,0.49169921875,0.5,1024.0
1.0,0.9892578125,0.19106879830360413,0.99462890625,17,0.44121676683425903,1024.0,0.49462890625,0.5,1024.0
0.998046875,0.9873046875,0.18297864496707916,0.99267578125,17,0.42987754940986633,1024.0,0.49462890625,0.5,1024.0
1.0,0.984375,0.17989546060562134,0.9921875,18,0.42095255851745605,1024.0,0.4921875,0.5,1024.0
0.9990234375,0.9912109375,0.16824114322662354,0.9951171875,18,0.4062460958957672,1024.0,0.49609375,0.5,1024.0
0.998046875,0.9931640625,0.16050004959106445,0.99560546875,18,0.3950486481189728,1024.0,0.49755859375,0.5,1024.0
1.0,0.9921875,0.1496342420578003,0.99609375,18,0.37701332569122314,1024.0,0.49609375,0.5,1024.0
1.0,0.98828125,0.13107556104660034,0.994140625,19,0.3445705771446228,1024.0,0.494140625,0.5,1024.0
1.0,0.994140625,0.12431858479976654,0.9970703125,19,0.3342345356941223,1024.0,0.4970703125,0.5,1024.0
1.0,0.9931640625,0.11632028222084045,0.99658203125,19,0.31931084394454956,1024.0,0.49658203125,0.5,1024.0
1.0,0.9931640625,0.11139653623104095,0.99658203125,19,0.3088795840740204,1024.0,0.49658203125,0.5,1024.0
1.0,0.994140625,0.09399465471506119,0.9970703125,20,0.2764344811439514,1024.0,0.4970703125,0.5,1024.0
1.0,0.9931640625,0.09133876860141754,0.99658203125,20,0.2666950225830078,1024.0,0.49658203125,0.5,1024.0
1.0,0.9970703125,0.08276845514774323,0.99853515625,20,0.2524445652961731,1024.0,0.49853515625,0.5,1024.0
1.0,0.9990234375,0.07933419942855835,0.99951171875,20,0.24469709396362305,1024.0,0.49951171875,0.5,1024.0
1.0,0.9921875,0.08189614862203598,0.99609375,21,0.24636049568653107,1024.0,0.49609375,0.5,1024.0
1.0,0.9951171875,0.07657493650913239,0.99755859375,21,0.23590031266212463,1024.0,0.49755859375,0.5,1024.0
1.0,0.998046875,0.07692162692546844,0.9990234375,21,0.2348341941833496,1024.0,0.4990234375,0.5,1024.0
1.0,0.9970703125,0.06900263577699661,0.99853515625,21,0.21933966875076294,1024.0,0.49853515625,0.5,1024.0
1.0,0.9970703125,0.06699708104133606,0.99853515625,22,0.2141142189502716,1024.0,0.49853515625,0.5,1024.0
1.0,0.99609375,0.06321434676647186,0.998046875,22,0.20450589060783386,1024.0,0.498046875,0.5,1024.0
1.0,1.0,0.05840275064110756,1.0,22,0.19498509168624878,1024.0,0.5,0.5,1024.0
1.0,1.0,0.05654507502913475,1.0,22,0.19075924158096313,1024.0,0.5,0.5,1024.0
1.0,0.9990234375,0.04989701509475708,0.99951171875,23,0.1711111068725586,1024.0,0.49951171875,0.5,1024.0
1.0,0.9990234375,0.047374218702316284,0.99951171875,23,0.1651373952627182,1024.0,0.49951171875,0.5,1024.0
1.0,1.0,0.0439940020442009,1.0,23,0.15757834911346436,1024.0,0.5,0.5,1024.0
1.0,1.0,0.042039357125759125,1.0,23,0.1523207426071167,1024.0,0.5,0.5,1024.0
1.0,1.0,0.03854575753211975,1.0,24,0.13798382878303528,1024.0,0.5,0.5,1024.0
1.0,1.0,0.03828126937150955,1.0,24,0.13659091293811798,1024.0,0.5,0.5,1024.0
1.0,1.0,0.03396886587142944,1.0,24,0.12596401572227478,1024.0,0.5,0.5,1024.0
1.0,1.0,0.035389456897974014,1.0,24,0.1274731159210205,1024.0,0.5,0.5,1024.0
0.998046875,1.0,0.08735427260398865,0.9990234375,25,0.2262168526649475,1024.0,0.5009765625,0.5,1024.0
1.0,1.0,0.08192165195941925,1.0,25,0.21742282807826996,1024.0,0.5,0.5,1024.0
0.9990234375,1.0,0.07756301760673523,0.99951171875,25,0.20992720127105713,1024.0,0.50048828125,0.5,1024.0
1.0,0.9990234375,0.07183602452278137,0.99951171875,25,0.19837121665477753,1024.0,0.49951171875,0.5,1024.0
0.9921875,1.0,0.08367612212896347,0.99609375,26,0.2260732650756836,1024.0,0.50390625,0.5,1024.0
0.9931640625,1.0,0.07315767556428909,0.99658203125,26,0.21038685739040375,1024.0,0.50341796875,0.5,1024.0
0.9951171875,1.0,0.07007478177547455,0.99755859375,26,0.2031717449426651,1024.0,0.50244140625,0.5,1024.0
0.99609375,1.0,0.06595923006534576,0.998046875,26,0.1973501592874527,1024.0,0.501953125,0.5,1024.0
0.9873046875,1.0,0.04180160164833069,0.99365234375,27,0.12906414270401,1024.0,0.50634765625,0.5,1024.0
0.994140625,1.0,0.03498850017786026,0.9970703125,27,0.11941073834896088,1024.0,0.5029296875,0.5,1024.0
0.9921875,1.0,0.037198107689619064,0.99609375,27,0.12020958960056305,1024.0,0.50390625,0.5,1024.0
0.9931640625,1.0,0.034177735447883606,0.99658203125,27,0.11297941207885742,1024.0,0.50341796875,0.5,1024.0
0.9931640625,1.0,0.0312558189034462,0.99658203125,28,0.10579025000333786,1024.0,0.50341796875,0.5,1024.0
0.9951171875,1.0,0.027150772511959076,0.99755859375,28,0.10018321126699448,1024.0,0.50244140625,0.5,1024.0
0.9931640625,1.0,0.02732582576572895,0.99658203125,28,0.09609305113554001,1024.0,0.50341796875,0.5,1024.0
0.990234375,1.0,0.03187780827283859,0.9951171875,28,0.09964071214199066,1024.0,0.5048828125,0.5,1024.0
0.998046875,1.0,0.023126428946852684,0.9990234375,29,0.08776337653398514,1024.0,0.5009765625,0.5,1024.0
0.998046875,1.0,0.022885585203766823,0.9990234375,29,0.08531996607780457,1024.0,0.5009765625,0.5,1024.0
0.99609375,1.0,0.024370204657316208,0.998046875,29,0.08648991584777832,1024.0,0.501953125,0.5,1024.0
0.9951171875,1.0,0.022015467286109924,0.99755859375,29,0.07942107319831848,1024.0,0.50244140625,0.5,1024.0
0.994140625,1.0,0.021581076085567474,0.9970703125,30,0.07359705120325089,1024.0,0.5029296875,0.5,1024.0
0.99609375,1.0,0.020308300852775574,0.998046875,30,0.0693870335817337,1024.0,0.501953125,0.5,1024.0
0.9892578125,1.0,0.02457980066537857,0.99462890625,30,0.07320231199264526,1024.0,0.50537109375,0.5,1024.0
0.9951171875,1.0,0.01986468955874443,0.99755859375,30,0.06714436411857605,1024.0,0.50244140625,0.5,1024.0
0.994140625,1.0,0.020058155059814453,0.9970703125,31,0.0678187757730484,1024.0,0.5029296875,0.5,1024.0
0.9970703125,1.0,0.01705239899456501,0.99853515625,31,0.06367860734462738,1024.0,0.50146484375,0.5,1024.0
0.9931640625,1.0,0.020416056737303734,0.99658203125,31,0.0658251941204071,1024.0,0.50341796875,0.5,1024.0
0.99609375,1.0,0.01832910254597664,0.998046875,31,0.06449807435274124,1024.0,0.501953125,0.5,1024.0
0.99609375,1.0,0.01655639335513115,0.998046875,32,0.059725936502218246,1024.0,0.501953125,0.5,1024.0
0.9970703125,1.0,0.016006940975785255,0.99853515625,32,0.056751690804958344,1024.0,0.50146484375,0.5,1024.0
0.9990234375,1.0,0.015783006325364113,0.99951171875,32,0.05834369361400604,1024.0,0.50048828125,0.5,1024.0
0.9970703125,1.0,0.013833131641149521,0.99853515625,32,0.051888078451156616,1024.0,0.50146484375,0.5,1024.0
0.9970703125,1.0,0.014174455776810646,0.99853515625,33,0.05051888898015022,1024.0,0.50146484375,0.5,1024.0
0.9931640625,1.0,0.014749495312571526,0.99658203125,33,0.046933308243751526,1024.0,0.50341796875,0.5,1024.0
0.998046875,1.0,0.012955838814377785,0.9990234375,33,0.04793126881122589,1024.0,0.5009765625,0.5,1024.0
0.9951171875,1.0,0.012494821101427078,0.99755859375,33,0.04416942596435547,1024.0,0.50244140625,0.5,1024.0
0.9921875,1.0,0.01645759493112564,0.99609375,34,0.04957691580057144,1024.0,0.50390625,0.5,1024.0
0.9970703125,1.0,0.012270648032426834,0.99853515625,34,0.04823480546474457,1024.0,0.50146484375,0.5,1024.0
0.9990234375,1.0,0.01188795268535614,0.99951171875,34,0.0484924390912056,1024.0,0.50048828125,0.5,1024.0
1.0,1.0,0.012968901544809341,1.0,34,0.05085904151201248,1024.0,0.5,0.5,1024.0
0.99609375,1.0,0.012985451146960258,0.998046875,35,0.049139782786369324,1024.0,0.501953125,0.5,1024.0
0.9951171875,1.0,0.01430419273674488,0.99755859375,35,0.04918698966503143,1024.0,0.50244140625,0.5,1024.0
0.9951171875,1.0,0.013779631815850735,0.99755859375,35,0.047833897173404694,1024.0,0.50244140625,0.5,1024.0
0.994140625,1.0,0.013657042756676674,0.9970703125,35,0.046195633709430695,1024.0,0.5029296875,0.5,1024.0
0.9990234375,1.0,0.012693105265498161,0.99951171875,36,0.05087309703230858,1024.0,0.50048828125,0.5,1024.0
0.9990234375,1.0,0.012118039652705193,0.99951171875,36,0.05038671940565109,1024.0,0.50048828125,0.5,1024.0
0.9990234375,1.0,0.012765718623995781,0.99951171875,36,0.05155835300683975,1024.0,0.50048828125,0.5,1024.0
1.0,1.0,0.011330507695674896,1.0,36,0.049268003553152084,1024.0,0.5,0.5,1024.0
1.0,1.0,0.017928311601281166,1.0,37,0.07056637108325958,1024.0,0.5,0.5,1024.0
0.998046875,1.0,0.01635674014687538,0.9990234375,37,0.06521186232566833,1024.0,0.5009765625,0.5,1024.0
1.0,1.0,0.01699671894311905,1.0,37,0.06753089278936386,1024.0,0.5,0.5,1024.0
0.994140625,1.0,0.019627410918474197,0.9970703125,37,0.0706232339143753,1024.0,0.5029296875,0.5,1024.0
0.99609375,1.0,0.01570536196231842,0.998046875,38,0.06209946051239967,1024.0,0.501953125,0.5,1024.0
0.9990234375,1.0,0.015225548297166824,0.99951171875,38,0.06128987669944763,1024.0,0.50048828125,0.5,1024.0
0.9970703125,1.0,0.015903599560260773,0.99853515625,38,0.061478905379772186,1024.0,0.50146484375,0.5,1024.0
1.0,1.0,0.014368360862135887,1.0,38,0.05958515405654907,1024.0,0.5,0.5,1024.0
0.9970703125,1.0,0.009085768833756447,0.99853515625,39,0.03742481768131256,1024.0,0.50146484375,0.5,1024.0
1.0,1.0,0.008290918543934822,1.0,39,0.03634904325008392,1024.0,0.5,0.5,1024.0
0.9990234375,1.0,0.008795777335762978,0.99951171875,39,0.03755224123597145,1024.0,0.50048828125,0.5,1024.0
0.9990234375,1.0,0.008697125129401684,0.99951171875,39,0.03689759597182274,1024.0,0.50048828125,0.5,1024.0
1.0,1.0,0.008817004971206188,1.0,40,0.03932715207338333,1024.0,0.5,0.5,1024.0
1.0,1.0,0.008536139503121376,1.0,40,0.03772754967212677,1024.0,0.5,0.5,1024.0
0.998046875,1.0,0.010953007265925407,0.9990234375,40,0.04183168336749077,1024.0,0.5009765625,0.5,1024.0
0.9990234375,1.0,0.008652416989207268,0.99951171875,40,0.03717785328626633,1024.0,0.50048828125,0.5,1024.0
1.0,1.0,0.00834646075963974,1.0,41,0.03926695138216019,1024.0,0.5,0.5,1024.0
1.0,1.0,0.008449280634522438,1.0,41,0.03861858323216438,1024.0,0.5,0.5,1024.0
0.998046875,1.0,0.009513463824987411,0.9990234375,41,0.040067460387945175,1024.0,0.5009765625,0.5,1024.0
1.0,1.0,0.0084901824593544,1.0,41,0.03812118247151375,1024.0,0.5,0.5,1024.0
0.998046875,1.0,0.007708845194429159,0.9990234375,42,0.03504457697272301,1024.0,0.5009765625,0.5,1024.0
0.9990234375,1.0,0.008127568289637566,0.99951171875,42,0.03674202039837837,1024.0,0.50048828125,0.5,1024.0
0.9990234375,1.0,0.007613766007125378,0.99951171875,42,0.03446827828884125,1024.0,0.50048828125,0.5,1024.0
1.0,1.0,0.008210678584873676,1.0,42,0.03655574098229408,1024.0,0.5,0.5,1024.0
0.9990234375,1.0,0.007231237832456827,0.99951171875,43,0.03215697780251503,1024.0,0.50048828125,0.5,1024.0
1.0,1.0,0.007477577310055494,1.0,43,0.032653696835041046,1024.0,0.5,0.5,1024.0
1.0,1.0,0.006847044453024864,1.0,43,0.03149592876434326,1024.0,0.5,0.5,1024.0
0.99609375,1.0,0.008326252922415733,0.998046875,43,0.03207280859351158,1024.0,0.501953125,0.5,1024.0
0.9990234375,1.0,0.006265140604227781,0.99951171875,44,0.026881158351898193,1024.0,0.50048828125,0.5,1024.0
0.9990234375,1.0,0.006039033643901348,0.99951171875,44,0.02648860216140747,1024.0,0.50048828125,0.5,1024.0
0.9990234375,1.0,0.006490678526461124,0.99951171875,44,0.026069466024637222,1024.0,0.50048828125,0.5,1024.0
0.998046875,1.0,0.0068388464860618114,0.9990234375,44,0.02713399939239025,1024.0,0.5009765625,0.5,1024.0
0.9951171875,1.0,0.008875885978341103,0.99755859375,45,0.027682678773999214,1024.0,0.50244140625,0.5,1024.0
0.9970703125,1.0,0.007648047525435686,0.99853515625,45,0.027128826826810837,1024.0,0.50146484375,0.5,1024.0
0.9931640625,1.0,0.010296969674527645,0.99658203125,45,0.02712763473391533,1024.0,0.50341796875,0.5,1024.0
0.9892578125,1.0,0.012743686325848103,0.99462890625,45,0.026913627982139587,1024.0,0.50537109375,0.5,1024.0
1.0,1.0,0.005064844153821468,1.0,46,0.025154471397399902,1024.0,0.5,0.5,1024.0
0.9990234375,1.0,0.005912225693464279,0.99951171875,46,0.02423837035894394,1024.0,0.50048828125,0.5,1024.0
0.9970703125,1.0,0.007139900233596563,0.99853515625,46,0.02517726831138134,1024.0,0.50146484375,0.5,1024.0
0.9970703125,1.0,0.007114036474376917,0.99853515625,46,0.027986014261841774,1024.0,0.50146484375,0.5,1024.0
0.9970703125,1.0,0.006290918216109276,0.99853515625,47,0.023517116904258728,1024.0,0.50146484375,0.5,1024.0
0.99609375,1.0,0.007917219772934914,0.998046875,47,0.02558637410402298,1024.0,0.501953125,0.5,1024.0
0.994140625,1.0,0.008586358278989792,0.9970703125,47,0.023653727024793625,1024.0,0.5029296875,0.5,1024.0
0.99609375,1.0,0.007257469929754734,0.998046875,47,0.024851832538843155,1024.0,0.501953125,0.5,1024.0
0.99609375,1.0,0.007937608286738396,0.998046875,48,0.02824980765581131,1024.0,0.501953125,0.5,1024.0
0.99609375,1.0,0.008318018168210983,0.998046875,48,0.027796670794487,1024.0,0.501953125,0.5,1024.0
0.99609375,1.0,0.008617419749498367,0.998046875,48,0.02839367464184761,1024.0,0.501953125,0.5,1024.0
0.9931640625,1.0,0.010556528344750404,0.99658203125,48,0.028590209782123566,1024.0,0.50341796875,0.5,1024.0
0.9990234375,1.0,0.007053297944366932,0.99951171875,49,0.030110973864793777,1024.0,0.50048828125,0.5,1024.0
0.9990234375,1.0,0.005931186489760876,0.99951171875,49,0.0278922189027071,1024.0,0.50048828125,0.5,1024.0
0.998046875,1.0,0.006904978305101395,0.9990234375,49,0.02817368321120739,1024.0,0.5009765625,0.5,1024.0
1.0,1.0,0.0050096167251467705,1.0,49,0.025981344282627106,1024.0,0.5,0.5,1024.0
1.0,1.0,0.005543083418160677,1.0,50,0.027180466800928116,1024.0,0.5,0.5,1024.0
0.9990234375,1.0,0.006283477880060673,0.99951171875,50,0.02817162498831749,1024.0,0.50048828125,0.5,1024.0
1.0,1.0,0.005623490083962679,1.0,50,0.026561548933386803,1024.0,0.5,0.5,1024.0
1.0,1.0,0.004855084232985973,1.0,50,0.02482743002474308,1024.0,0.5,0.5,1024.0
0.99609375,1.0,0.008776882663369179,0.998046875,51,0.0332484245300293,1024.0,0.501953125,0.5,1024.0
0.9970703125,1.0,0.008912235498428345,0.99853515625,51,0.03172668069601059,1024.0,0.50146484375,0.5,1024.0
0.99609375,1.0,0.008807746693491936,0.998046875,51,0.03193771094083786,1024.0,0.501953125,0.5,1024.0
0.998046875,1.0,0.007262748666107655,0.9990234375,51,0.03139650821685791,1024.0,0.5009765625,0.5,1024.0
0.9892578125,1.0,0.013008521869778633,0.99462890625,52,0.033375099301338196,1024.0,0.50537109375,0.5,1024.0
0.986328125,1.0,0.016131065785884857,0.9931640625,52,0.03434120863676071,1024.0,0.5068359375,0.5,1024.0
0.9912109375,1.0,0.011941392906010151,0.99560546875,52,0.0329764261841774,1024.0,0.50439453125,0.5,1024.0
0.99609375,1.0,0.007246211636811495,0.998046875,52,0.03066853992640972,1024.0,0.501953125,0.5,1024.0
0.994140625,1.0,0.009131315164268017,0.9970703125,53,0.025231869891285896,1024.0,0.5029296875,0.5,1024.0
0.9931640625,1.0,0.010032853111624718,0.99658203125,53,0.027722712606191635,1024.0,0.50341796875,0.5,1024.0
0.990234375,1.0,0.01075511984527111,0.9951171875,53,0.02733154408633709,1024.0,0.5048828125,0.5,1024.0
0.9970703125,1.0,0.006296645384281874,0.99853515625,53,0.024054337292909622,1024.0,0.50146484375,0.5,1024.0
0.9921875,1.0,0.01267849188297987,0.99609375,54,0.034516751766204834,1024.0,0.50390625,0.5,1024.0
0.99609375,1.0,0.009915830567479134,0.998046875,54,0.03333532065153122,1024.0,0.501953125,0.5,1024.0
0.9970703125,1.0,0.009322578087449074,0.99853515625,54,0.033192314207553864,1024.0,0.50146484375,0.5,1024.0
0.990234375,1.0,0.012238185852766037,0.9951171875,54,0.03375251963734627,1024.0,0.5048828125,0.5,1024.0
0.9951171875,1.0,0.010531624779105186,0.99755859375,55,0.03624393418431282,1024.0,0.50244140625,0.5,1024.0
0.9970703125,1.0,0.009135779924690723,0.99853515625,55,0.03249039873480797,1024.0,0.50146484375,0.5,1024.0
0.9931640625,1.0,0.012324029579758644,0.99658203125,55,0.03688179329037666,1024.0,0.50341796875,0.5,1024.0
0.9931640625,1.0,0.012760020792484283,0.99658203125,55,0.03625963628292084,1024.0,0.50341796875,0.5,1024.0
0.9921875,1.0,0.011880414560437202,0.99609375,56,0.026442725211381912,1024.0,0.50390625,0.5,1024.0
0.994140625,1.0,0.009950177744030952,0.9970703125,56,0.0270998552441597,1024.0,0.5029296875,0.5,1024.0
0.99609375,1.0,0.007125147618353367,0.998046875,56,0.023160018026828766,1024.0,0.501953125,0.5,1024.0
0.99609375,1.0,0.007287634536623955,0.998046875,56,0.025886904448270798,1024.0,0.501953125,0.5,1024.0
0.994140625,1.0,0.00922134518623352,0.9970703125,57,0.023809650912880898,1024.0,0.5029296875,0.5,1024.0
0.9970703125,1.0,0.0063346922397613525,0.99853515625,57,0.021208684891462326,1024.0,0.50146484375,0.5,1024.0
0.9970703125,1.0,0.006103952880948782,0.99853515625,57,0.02181493304669857,1024.0,0.50146484375,0.5,1024.0
0.99609375,1.0,0.007320573553442955,0.998046875,57,0.023234862834215164,1024.0,0.501953125,0.5,1024.0
0.998046875,1.0,0.006395154632627964,0.9990234375,58,0.02524564415216446,1024.0,0.5009765625,0.5,1024.0
0.9951171875,1.0,0.010122915729880333,0.99755859375,58,0.027822673320770264,1024.0,0.50244140625,0.5,1024.0
0.9931640625,1.0,0.009037092328071594,0.99658203125,58,0.02610277198255062,1024.0,0.50341796875,0.5,1024.0
0.9970703125,1.0,0.006414303556084633,0.99853515625,58,0.02351643517613411,1024.0,0.50146484375,0.5,1024.0
0.99609375,1.0,0.008844529278576374,0.998046875,59,0.029575185850262642,1024.0,0.501953125,0.5,1024.0
0.998046875,1.0,0.00905073806643486,0.9990234375,59,0.03186044842004776,1024.0,0.5009765625,0.5,1024.0
1.0,1.0,0.006178002804517746,1.0,59,0.026734575629234314,1024.0,0.5,0.5,1024.0
0.99609375,1.0,0.009285126812756062,0.998046875,59,0.028203275054693222,1024.0,0.501953125,0.5,1024.0
0.998046875,1.0,0.008216146379709244,0.9990234375,60,0.029489092528820038,1024.0,0.5009765625,0.5,1024.0
1.0,1.0,0.0062515828758478165,1.0,60,0.02706299163401127,1024.0,0.5,0.5,1024.0
0.9990234375,1.0,0.006868034601211548,0.99951171875,60,0.026926936581730843,1024.0,0.50048828125,0.5,1024.0
0.9970703125,1.0,0.008619934320449829,0.99853515625,60,0.028739403933286667,1024.0,0.50146484375,0.5,1024.0
0.9990234375,1.0,0.005194640718400478,0.99951171875,61,0.0213067177683115,1024.0,0.50048828125,0.5,1024.0
0.9990234375,1.0,0.00558125227689743,0.99951171875,61,0.020387794822454453,1024.0,0.50048828125,0.5,1024.0
0.998046875,1.0,0.005808961112052202,0.9990234375,61,0.022455018013715744,1024.0,0.5009765625,0.5,1024.0
0.9970703125,1.0,0.005723567679524422,0.99853515625,61,0.020007144659757614,1024.0,0.50146484375,0.5,1024.0
0.994140625,1.0,0.0075594717636704445,0.9970703125,62,0.02142404206097126,1024.0,0.5029296875,0.5,1024.0
1.0,1.0,0.0057227518409490585,1.0,62,0.02123582549393177,1024.0,0.5,0.5,1024.0
1.0,1.0,0.005178944673389196,1.0,62,0.020472407341003418,1024.0,0.5,0.5,1024.0
0.998046875,1.0,0.00626396294683218,0.9990234375,62,0.020482268184423447,1024.0,0.5009765625,0.5,1024.0
0.998046875,1.0,0.006893890909850597,0.9990234375,63,0.023708265274763107,1024.0,0.5009765625,0.5,1024.0
0.9970703125,1.0,0.007590455003082752,0.99853515625,63,0.023173194378614426,1024.0,0.50146484375,0.5,1024.0
0.9990234375,1.0,0.005166390910744667,0.99951171875,63,0.022030744701623917,1024.0,0.50048828125,0.5,1024.0
0.998046875,1.0,0.006588076241314411,0.9990234375,63,0.022343173623085022,1024.0,0.5009765625,0.5,1024.0
1.0,1.0,0.004237273242324591,1.0,64,0.020071186125278473,1024.0,0.5,0.5,1024.0
1.0,1.0,0.005234896205365658,1.0,64,0.022112946957349777,1024.0,0.5,0.5,1024.0
0.9990234375,1.0,0.004688630346208811,0.99951171875,64,0.01989603415131569,1024.0,0.50048828125,0.5,1024.0
0.9970703125,1.0,0.006578030064702034,0.99853515625,64,0.02056308463215828,1024.0,0.50146484375,0.5,1024.0
0.9990234375,1.0,0.005336148664355278,0.99951171875,65,0.022609608247876167,1024.0,0.50048828125,0.5,1024.0
0.998046875,1.0,0.006274556741118431,0.9990234375,65,0.020879127085208893,1024.0,0.5009765625,0.5,1024.0
0.9970703125,1.0,0.006877447012811899,0.99853515625,65,0.02148144692182541,1024.0,0.50146484375,0.5,1024.0
0.9990234375,1.0,0.004965121857821941,0.99951171875,65,0.02112150937318802,1024.0,0.50048828125,0.5,1024.0
0.9990234375,1.0,0.004682967439293861,0.99951171875,66,0.019229255616664886,1024.0,0.50048828125,0.5,1024.0
0.998046875,1.0,0.005127128679305315,0.9990234375,66,0.019602078944444656,1024.0,0.5009765625,0.5,1024.0
1.0,1.0,0.004402101039886475,1.0,66,0.019726481288671494,1024.0,0.5,0.5,1024.0
0.9990234375,1.0,0.004819648340344429,0.99951171875,66,0.01900739036500454,1024.0,0.50048828125,0.5,1024.0
0.9970703125,1.0,0.005885116755962372,0.99853515625,67,0.02074168063700199,1024.0,0.50146484375,0.5,1024.0
0.9970703125,1.0,0.005566595122218132,0.99853515625,67,0.019673988223075867,1024.0,0.50146484375,0.5,1024.0
0.998046875,1.0,0.005338271148502827,0.9990234375,67,0.020191147923469543,1024.0,0.5009765625,0.5,1024.0
0.998046875,1.0,0.0051629673689603806,0.9990234375,67,0.019435115158557892,1024.0,0.5009765625,0.5,1024.0
0.998046875,1.0,0.005666807293891907,0.9990234375,68,0.01906478777527809,1024.0,0.5009765625,0.5,1024.0
0.9970703125,1.0,0.005134687293320894,0.99853515625,68,0.01999250426888466,1024.0,0.50146484375,0.5,1024.0
0.998046875,1.0,0.00500635989010334,0.9990234375,68,0.01956104300916195,1024.0,0.5009765625,0.5,1024.0
0.9990234375,1.0,0.004252923186868429,0.99951171875,68,0.01867472566664219,1024.0,0.50048828125,0.5,1024.0
0.998046875,1.0,0.006342447362840176,0.9990234375,69,0.021414095535874367,1024.0,0.5009765625,0.5,1024.0
0.9990234375,1.0,0.004019461572170258,0.99951171875,69,0.017281781882047653,1024.0,0.50048828125,0.5,1024.0
1.0,1.0,0.004224381409585476,1.0,69,0.018901802599430084,1024.0,0.5,0.5,1024.0
0.9990234375,1.0,0.005102791823446751,0.99951171875,69,0.01977994665503502,1024.0,0.50048828125,0.5,1024.0
1.0,1.0,0.003849456086754799,1.0,70,0.018426381051540375,1024.0,0.5,0.5,1024.0
1.0,1.0,0.005066189914941788,1.0,70,0.02088531106710434,1024.0,0.5,0.5,1024.0
0.998046875,1.0,0.005850890651345253,0.9990234375,70,0.020144622772932053,1024.0,0.5009765625,0.5,1024.0
0.99609375,1.0,0.006916757673025131,0.998046875,70,0.018601249903440475,1024.0,0.501953125,0.5,1024.0
1.0,1.0,0.003617085050791502,1.0,71,0.018177084624767303,1024.0,0.5,0.5,1024.0
0.9990234375,1.0,0.004130756016820669,0.99951171875,71,0.017413102090358734,1024.0,0.50048828125,0.5,1024.0
0.9990234375,1.0,0.0048891217447817326,0.99951171875,71,0.018794871866703033,1024.0,0.50048828125,0.5,1024.0
0.9990234375,1.0,0.00406181626021862,0.99951171875,71,0.017488835379481316,1024.0,0.50048828125,0.5,1024.0
1.0,1.0,0.003959090448915958,1.0,72,0.018555842339992523,1024.0,0.5,0.5,1024.0
0.9990234375,1.0,0.004242980387061834,0.99951171875,72,0.018672604113817215,1024.0,0.50048828125,0.5,1024.0
0.9990234375,1.0,0.005013889633119106,0.99951171875,72,0.019788675010204315,1024.0,0.50048828125,0.5,1024.0
0.998046875,1.0,0.005956465844064951,0.9990234375,72,0.02036772482097149,1024.0,0.5009765625,0.5,1024.0
1.0,1.0,0.0040582818910479546,1.0,73,0.018411897122859955,1024.0,0.5,0.5,1024.0
0.9990234375,1.0,0.003959431312978268,0.99951171875,73,0.01606154628098011,1024.0,0.50048828125,0.5,1024.0
0.998046875,1.0,0.005291711539030075,0.9990234375,73,0.01766631193459034,1024.0,0.5009765625,0.5,1024.0
1.0,1.0,0.0034972820430994034,1.0,73,0.016754209995269775,1024.0,0.5,0.5,1024.0
0.9990234375,1.0,0.004693963564932346,0.99951171875,74,0.01621752232313156,1024.0,0.50048828125,0.5,1024.0
0.99609375,1.0,0.007113044150173664,0.998046875,74,0.016767598688602448,1024.0,0.501953125,0.5,1024.0
0.9990234375,1.0,0.004196126479655504,0.99951171875,74,0.015761153772473335,1024.0,0.50048828125,0.5,1024.0
0.9990234375,1.0,0.00430679228156805,0.99951171875,74,0.015917617827653885,1024.0,0.50048828125,0.5,1024.0
0.9990234375,1.0,0.003442054847255349,0.99951171875,75,0.013637441210448742,1024.0,0.50048828125,0.5,1024.0
1.0,1.0,0.003007188905030489,1.0,75,0.015024194493889809,1024.0,0.5,0.5,1024.0
0.9990234375,1.0,0.0038134222850203514,0.99951171875,75,0.014870710670948029,1024.0,0.50048828125,0.5,1024.0
1.0,1.0,0.0027231769636273384,1.0,75,0.01377165224403143,1024.0,0.5,0.5,1024.0
0.9990234375,1.0,0.0036513004451990128,0.99951171875,76,0.015595451928675175,1024.0,0.50048828125,0.5,1024.0
0.9970703125,1.0,0.006150011904537678,0.99853515625,76,0.016885437071323395,1024.0,0.50146484375,0.5,1024.0
0.9990234375,1.0,0.004452418070286512,0.99951171875,76,0.01701538637280464,1024.0,0.50048828125,0.5,1024.0
0.9970703125,1.0,0.00584436533972621,0.99853515625,76,0.016624178737401962,1024.0,0.50146484375,0.5,1024.0
0.61328125,1.0,1.0106638669967651,0.806640625,77,0.02755643054842949,1024.0,0.693359375,0.5,1024.0
0.603515625,1.0,0.9918487071990967,0.8017578125,77,0.03281501308083534,1024.0,0.6982421875,0.5,1024.0
0.603515625,1.0,0.9557651281356812,0.8017578125,77,0.032504335045814514,1024.0,0.6982421875,0.5,1024.0
0.6181640625,1.0,0.8444603681564331,0.80908203125,77,0.04224081709980965,1024.0,0.69091796875,0.5,1024.0
0.44140625,1.0,1.1534640789031982,0.720703125,78,0.06213946267962456,1024.0,0.779296875,0.5,1024.0
0.4658203125,1.0,1.0053465366363525,0.73291015625,78,0.07307656854391098,1024.0,0.76708984375,0.5,1024.0
0.470703125,1.0,0.9121114015579224,0.7353515625,78,0.0858457013964653,1024.0,0.7646484375,0.5,1024.0
0.4521484375,0.9990234375,0.8402491807937622,0.7255859375,78,0.10357923060655594,1024.0,0.7734375,0.5,1024.0
0.763671875,0.9990234375,0.35571905970573425,0.88134765625,79,0.19018569588661194,1024.0,0.61767578125,0.5,1024.0
0.787109375,0.9931640625,0.2959479093551636,0.89013671875,79,0.18385165929794312,1024.0,0.60302734375,0.5,1024.0
0.802734375,0.9931640625,0.23868075013160706,0.89794921875,79,0.18612851202487946,1024.0,0.59521484375,0.5,1024.0
0.8271484375,0.9833984375,0.1937381625175476,0.9052734375,79,0.1897272765636444,1024.0,0.578125,0.5,1024.0
0.986328125,0.9853515625,0.06044387072324753,0.98583984375,80,0.12754616141319275,1024.0,0.49951171875,0.5,1024.0
0.9970703125,0.9765625,0.05645068734884262,0.98681640625,80,0.12944743037223816,1024.0,0.48974609375,0.5,1024.0
0.99609375,0.97265625,0.05960540100932121,0.984375,80,0.1275450885295868,1024.0,0.48828125,0.5,1024.0
0.9970703125,0.9609375,0.06337162852287292,0.97900390625,80,0.12409083545207977,1024.0,0.48193359375,0.5,1024.0
0.900390625,0.947265625,0.14846795797348022,0.923828125,81,0.20840603113174438,1024.0,0.5234375,0.5,1024.0
0.9755859375,0.94921875,0.14107707142829895,0.96240234375,81,0.20795178413391113,1024.0,0.48681640625,0.5,1024.0
0.9921875,0.9541015625,0.13516999781131744,0.97314453125,81,0.21601024270057678,1024.0,0.48095703125,0.5,1024.0
0.9990234375,0.9541015625,0.12034142762422562,0.9765625,81,0.2068396508693695,1024.0,0.4775390625,0.5,1024.0
0.994140625,0.9384765625,0.12848025560379028,0.96630859375,82,0.20757338404655457,1024.0,0.47216796875,0.5,1024.0
0.9990234375,0.947265625,0.1137109324336052,0.97314453125,82,0.20273926854133606,1024.0,0.47412109375,0.5,1024.0
0.998046875,0.9248046875,0.12379784882068634,0.96142578125,82,0.19810354709625244,1024.0,0.46337890625,0.5,1024.0
1.0,0.9375,0.11558784544467926,0.96875,82,0.2038584202528,1024.0,0.46875,0.5,1024.0
1.0,0.9345703125,0.10542169958353043,0.96728515625,83,0.1855185627937317,1024.0,0.46728515625,0.5,1024.0
1.0,0.9326171875,0.10453322529792786,0.96630859375,83,0.19149407744407654,1024.0,0.46630859375,0.5,1024.0
1.0,0.9365234375,0.0967017412185669,0.96826171875,83,0.17684662342071533,1024.0,0.46826171875,0.5,1024.0
1.0,0.9443359375,0.09487426280975342,0.97216796875,83,0.1759193241596222,1024.0,0.47216796875,0.5,1024.0
1.0,0.927734375,0.09760761260986328,0.9638671875,84,0.16534030437469482,1024.0,0.4638671875,0.5,1024.0
1.0,0.9482421875,0.08277741074562073,0.97412109375,84,0.16137030720710754,1024.0,0.47412109375,0.5,1024.0
1.0,0.94921875,0.08098345994949341,0.974609375,84,0.1577611267566681,1024.0,0.474609375,0.5,1024.0
1.0,0.9423828125,0.08691580593585968,0.97119140625,84,0.15808621048927307,1024.0,0.47119140625,0.5,1024.0
1.0,0.9599609375,0.06249041110277176,0.97998046875,85,0.11174897849559784,1024.0,0.47998046875,0.5,1024.0
1.0,0.951171875,0.06773902475833893,0.9755859375,85,0.11456561088562012,1024.0,0.4755859375,0.5,1024.0
1.0,0.95703125,0.06184418499469757,0.978515625,85,0.10893233865499496,1024.0,0.478515625,0.5,1024.0
1.0,0.9638671875,0.054597821086645126,0.98193359375,85,0.10047812014818192,1024.0,0.48193359375,0.5,1024.0
0.984375,0.9755859375,0.10882075875997543,0.97998046875,86,0.2054290920495987,1024.0,0.49560546875,0.5,1024.0
0.98828125,0.9658203125,0.10427859425544739,0.97705078125,86,0.20211142301559448,1024.0,0.48876953125,0.5,1024.0
0.9931640625,0.9814453125,0.0969805121421814,0.9873046875,86,0.1953723132610321,1024.0,0.494140625,0.5,1024.0
0.990234375,0.9775390625,0.0998261421918869,0.98388671875,86,0.2007753551006317,1024.0,0.49365234375,0.5,1024.0
0.974609375,0.9775390625,0.13688921928405762,0.97607421875,87,0.28093528747558594,1024.0,0.50146484375,0.5,1024.0
0.9736328125,0.9765625,0.132928729057312,0.97509765625,87,0.27049922943115234,1024.0,0.50146484375,0.5,1024.0
0.966796875,0.9892578125,0.12617239356040955,0.97802734375,87,0.259343683719635,1024.0,0.51123046875,0.5,1024.0
0.9736328125,0.9873046875,0.12187392264604568,0.98046875,87,0.257740318775177,1024.0,0.5068359375,0.5,1024.0
0.9482421875,0.9912109375,0.12638209760189056,0.9697265625,88,0.2522878646850586,1024.0,0.521484375,0.5,1024.0
0.943359375,0.9833984375,0.12912166118621826,0.96337890625,88,0.24046555161476135,1024.0,0.52001953125,0.5,1024.0
0.9619140625,0.98046875,0.11294947564601898,0.97119140625,88,0.23233048617839813,1024.0,0.50927734375,0.5,1024.0
0.9580078125,0.9892578125,0.10435757040977478,0.9736328125,88,0.21248683333396912,1024.0,0.515625,0.5,1024.0
0.939453125,0.9892578125,0.12337365746498108,0.96435546875,89,0.22205644845962524,1024.0,0.52490234375,0.5,1024.0
0.943359375,0.982421875,0.11217036843299866,0.962890625,89,0.21025213599205017,1024.0,0.51953125,0.5,1024.0
0.953125,0.9833984375,0.10191167891025543,0.96826171875,89,0.19492071866989136,1024.0,0.51513671875,0.5,1024.0
0.955078125,0.984375,0.09727674722671509,0.9697265625,89,0.18624962866306305,1024.0,0.5146484375,0.5,1024.0
0.982421875,0.978515625,0.0680801123380661,0.98046875,90,0.14177381992340088,1024.0,0.498046875,0.5,1024.0
0.9794921875,0.96484375,0.07451345771551132,0.97216796875,90,0.13500449061393738,1024.0,0.49267578125,0.5,1024.0
0.9853515625,0.9716796875,0.06721217930316925,0.978515625,90,0.12901224195957184,1024.0,0.4931640625,0.5,1024.0
0.9765625,0.9658203125,0.07109950482845306,0.97119140625,90,0.12833508849143982,1024.0,0.49462890625,0.5,1024.0
0.9931640625,0.98046875,0.05410326272249222,0.98681640625,91,0.11533445864915848,1024.0,0.49365234375,0.5,1024.0
0.9951171875,0.98046875,0.052046097815036774,0.98779296875,91,0.11544033885002136,1024.0,0.49267578125,0.5,1024.0
0.9931640625,0.9716796875,0.06178473308682442,0.982421875,91,0.12087911367416382,1024.0,0.4892578125,0.5,1024.0
0.9990234375,0.984375,0.049828991293907166,0.99169921875,91,0.1132950708270073,1024.0,0.49267578125,0.5,1024.0
0.9990234375,0.9697265625,0.053150199353694916,0.984375,92,0.11122964322566986,1024.0,0.4853515625,0.5,1024.0
0.998046875,0.9814453125,0.043162427842617035,0.98974609375,92,0.10350966453552246,1024.0,0.49169921875,0.5,1024.0
0.99609375,0.9755859375,0.05009513348340988,0.98583984375,92,0.10627222806215286,1024.0,0.48974609375,0.5,1024.0
0.99609375,0.98828125,0.03908222168684006,0.9921875,92,0.09626069664955139,1024.0,0.49609375,0.5,1024.0
0.9755859375,0.9814453125,0.06423363834619522,0.978515625,93,0.10529348999261856,1024.0,0.5029296875,0.5,1024.0
0.974609375,0.970703125,0.07326242327690125,0.97265625,93,0.11320942640304565,1024.0,0.498046875,0.5,1024.0
0.9716796875,0.9853515625,0.06897051632404327,0.978515625,93,0.10925430059432983,1024.0,0.5068359375,0.5,1024.0
0.978515625,0.97265625,0.0666930228471756,0.9755859375,93,0.11061567068099976,1024.0,0.4970703125,0.5,1024.0
0.7587890625,0.986328125,0.31867146492004395,0.87255859375,94,0.17707571387290955,1024.0,0.61376953125,0.5,1024.0
0.7607421875,0.9833984375,0.31196489930152893,0.8720703125,94,0.16991332173347473,1024.0,0.611328125,0.5,1024.0
0.736328125,0.9755859375,0.3242322504520416,0.85595703125,94,0.17303414642810822,1024.0,0.61962890625,0.5,1024.0
0.7470703125,0.9853515625,0.29151451587677,0.8662109375,94,0.17975938320159912,1024.0,0.619140625,0.5,1024.0
0.7783203125,0.98046875,0.25125688314437866,0.87939453125,95,0.16506202518939972,1024.0,0.60107421875,0.5,1024.0
0.7880859375,0.9736328125,0.23419970273971558,0.880859375,95,0.17411185801029205,1024.0,0.5927734375,0.5,1024.0
0.8134765625,0.970703125,0.20555701851844788,0.89208984375,95,0.17242494225502014,1024.0,0.57861328125,0.5,1024.0
0.826171875,0.955078125,0.19293206930160522,0.890625,95,0.18213924765586853,1024.0,0.564453125,0.5,1024.0
0.9755859375,0.9697265625,0.09123364090919495,0.97265625,96,0.15243683755397797,1024.0,0.4970703125,0.5,1024.0
0.974609375,0.9541015625,0.09905382245779037,0.96435546875,96,0.15425297617912292,1024.0,0.48974609375,0.5,1024.0
0.9873046875,0.9423828125,0.09077423810958862,0.96484375,96,0.14701031148433685,1024.0,0.4775390625,0.5,1024.0
0.98828125,0.951171875,0.08281143009662628,0.9697265625,96,0.14243929088115692,1024.0,0.4814453125,0.5,1024.0
0.9970703125,0.9462890625,0.08310825377702713,0.9716796875,97,0.14448466897010803,1024.0,0.474609375,0.5,1024.0
0.9951171875,0.9375,0.08865498751401901,0.96630859375,97,0.1445535123348236,1024.0,0.47119140625,0.5,1024.0
0.9921875,0.9296875,0.0912933275103569,0.9609375,97,0.1446845531463623,1024.0,0.46875,0.5,1024.0
0.994140625,0.94921875,0.07684329152107239,0.9716796875,97,0.1347724199295044,1024.0,0.4775390625,0.5,1024.0
0.9970703125,0.9423828125,0.07589039206504822,0.9697265625,98,0.10905478149652481,1024.0,0.47265625,0.5,1024.0
0.9931640625,0.943359375,0.07712092995643616,0.96826171875,98,0.11234232783317566,1024.0,0.47509765625,0.5,1024.0
0.99609375,0.9443359375,0.07228416204452515,0.97021484375,98,0.11021169275045395,1024.0,0.47412109375,0.5,1024.0
0.9921875,0.939453125,0.07291336357593536,0.9658203125,98,0.10867141932249069,1024.0,0.4736328125,0.5,1024.0
0.998046875,0.9609375,0.05903055891394615,0.9794921875,99,0.09950332343578339,1024.0,0.4814453125,0.5,1024.0
1.0,0.9619140625,0.054285928606987,0.98095703125,99,0.09748592227697372,1024.0,0.48095703125,0.5,1024.0
0.998046875,0.9482421875,0.0643257349729538,0.97314453125,99,0.09988777339458466,1024.0,0.47509765625,0.5,1024.0
0.9990234375,0.9609375,0.05489598214626312,0.97998046875,99,0.0961780995130539,1024.0,0.48095703125,0.5,1024.0
0.9951171875,0.9599609375,0.05775660276412964,0.9775390625,100,0.09714337438344955,1024.0,0.482421875,0.5,1024.0
0.99609375,0.9677734375,0.0522957518696785,0.98193359375,100,0.09257970750331879,1024.0,0.48583984375,0.5,1024.0
0.998046875,0.970703125,0.04845818877220154,0.984375,100,0.088319793343544,1024.0,0.486328125,0.5,1024.0
0.9951171875,0.9736328125,0.04961545765399933,0.984375,100,0.08910748362541199,1024.0,0.4892578125,0.5,1024.0
